library,path,relative_path,width,height,duration,size_mb,mtime
D:\Download\素材下载\团建视频\千岛湖智能镜头分类,D:\Download\素材下载\团建视频\千岛湖智能镜头分类\01_环境空镜\千岛湖风景俯拍\003_千岛湖_千岛湖风景俯拍__S_V005_S003.mp4,01_环境空镜\千岛湖风景俯拍\003_千岛湖_千岛湖风景俯拍__S_V005_S003.mp4,720,552,3.5,0.276,2026-07-03T14:00:13
D:\Download\素材下载\团建视频\千岛湖智能镜头分类,D:\Download\素材下载\团建视频\千岛湖智能镜头分类\01_环境空镜\千岛湖风景俯拍\004_千岛湖_千岛湖风景俯拍__S_V005_S004.mp4,01_环境空镜\千岛湖风景俯拍\004_千岛湖_千岛湖风景俯拍__S_V005_S004.mp4,720,560,3.0,0.397,2026-07-03T14:00:24
D:\Download\素材下载\团建视频\千岛湖智能镜头分类,D:\Download\素材下载\团建视频\千岛湖智能镜头分类\01_环境空镜\千岛湖风景俯拍\005_千岛湖_千岛湖风景俯拍__A_V011_S002.mp4,01_环境空镜\千岛湖风景俯拍\005_千岛湖_千岛湖风景俯拍__A_V011_S002.mp4,1080,950,1.1,0.148,2026-07-03T14:00:30
D:\Download\素材下载\团建视频\千岛湖智能镜头分类,D:\Download\素材下载\团建视频\千岛湖智能镜头分类\02_出发抵达\大巴集合出发\002_千岛湖_大巴集合出发__S_V003_S007.mp4,02_出发抵达\大巴集合出发\002_千岛湖_大巴集合出发__S_V003_S007.mp4,720,594,1.4,0.358,2026-07-03T14:00:37
D:\Download\素材下载\团建视频\千岛湖智能镜头分类,D:\Download\素材下载\团建视频\千岛湖智能镜头分类\02_出发抵达\大巴集合出发\003_千岛湖_大巴集合出发__S_V005_S007.mp4,02_出发抵达\大巴集合出发\003_千岛湖_大巴集合出发__S_V005_S007.mp4,720,444,2.767,0.356,2026-07-03T14:00:41
D:\Download\素材下载\团建视频\千岛湖智能镜头分类,D:\Download\素材下载\团建视频\千岛湖智能镜头分类\02_出发抵达\大巴集合出发\004_千岛湖_大巴集合出发__A_V011_S004.mp4,02_出发抵达\大巴集合出发\004_千岛湖_大巴集合出发__A_V011_S004.mp4,1080,780,2.4,1.035,2026-07-03T14:00:47
D:\Download\素材下载\团建视频\千岛湖智能镜头分类,D:\Download\素材下载\团建视频\千岛湖智能镜头分类\02_出发抵达\大巴集合出发\005_千岛湖_大巴集合出发__S_V011_S005.mp4,02_出发抵达\大巴集合出发\005_千岛湖_大巴集合出发__S_V011_S005.mp4,1080,1048,1.7,0.608,2026-07-03T14:00:50
D:\Download\素材下载\团建视频\千岛湖智能镜头分类,D:\Download\素材下载\团建视频\千岛湖智能镜头分类\03_住宿空间\别墅KTV棋牌室\001_千岛湖_别墅KTV棋牌室__S_V003_S018.mp4,03_住宿空间\别墅KTV棋牌室\001_千岛湖_别墅KTV棋牌室__S_V003_S018.mp4,720,590,2.0,0.345,2026-07-03T14:00:53
D:\Download\素材下载\团建视频\千岛湖智能镜头分类,D:\Download\素材下载\团建视频\千岛湖智能镜头分类\04_餐饮美食\千岛湖鱼宴\002_千岛湖_千岛湖鱼宴__S_V005_S008.mp4,04_餐饮美食\千岛湖鱼宴\002_千岛湖_千岛湖鱼宴__S_V005_S008.mp4,720,458,1.867,0.165,2026-07-03T14:01:18
D:\Download\素材下载\团建视频\千岛湖智能镜头分类,D:\Download\素材下载\团建视频\千岛湖智能镜头分类\04_餐饮美食\千岛湖鱼宴\003_千岛湖_千岛湖鱼宴__S_V005_S009.mp4,04_餐饮美食\千岛湖鱼宴\003_千岛湖_千岛湖鱼宴__S_V005_S009.mp4,720,548,1.4,0.123,2026-07-03T14:01:19
D:\Download\素材下载\团建视频\千岛湖智能镜头分类,D:\Download\素材下载\团建视频\千岛湖智能镜头分类\04_餐饮美食\菜品餐桌\001_千岛湖_菜品餐桌__S_V003_S002.mp4,04_餐饮美食\菜品餐桌\001_千岛湖_菜品餐桌__S_V003_S002.mp4,720,612,0.7,0.298,2026-07-03T14:01:21
D:\Download\素材下载\团建视频\千岛湖智能镜头分类,D:\Download\素材下载\团建视频\千岛湖智能镜头分类\04_餐饮美食\菜品餐桌\002_千岛湖_菜品餐桌__S_V003_S008.mp4,04_餐饮美食\菜品餐桌\002_千岛湖_菜品餐桌__S_V003_S008.mp4,720,606,5.233,1.82,2026-07-03T14:01:24
D:\Download\素材下载\团建视频\千岛湖智能镜头分类,D:\Download\素材下载\团建视频\千岛湖智能镜头分类\05_项目活动\摩托艇\001_千岛湖_摩托艇__S_V005_S015.mp4,05_项目活动\摩托艇\001_千岛湖_摩托艇__S_V005_S015.mp4,720,452,7.5,1.798,2026-07-03T14:01:28
D:\Download\素材下载\团建视频\千岛湖智能镜头分类,D:\Download\素材下载\团建视频\千岛湖智能镜头分类\05_项目活动\摩托艇\002_千岛湖_摩托艇__S_V005_S016.mp4,05_项目活动\摩托艇\002_千岛湖_摩托艇__S_V005_S016.mp4,720,548,4.2,0.639,2026-07-03T14:01:30
D:\Download\素材下载\团建视频\千岛湖智能镜头分类,D:\Download\素材下载\团建视频\千岛湖智能镜头分类\05_项目活动\水上乐园\003_千岛湖_水上乐园__S_V003_S011.mp4,05_项目活动\水上乐园\003_千岛湖_水上乐园__S_V003_S011.mp4,720,612,2.633,0.926,2026-07-03T14:01:37
D:\Download\素材下载\团建视频\千岛湖智能镜头分类,D:\Download\素材下载\团建视频\千岛湖智能镜头分类\05_项目活动\水上乐园\004_千岛湖_水上乐园__S_V005_S012.mp4,05_项目活动\水上乐园\004_千岛湖_水上乐园__S_V005_S012.mp4,720,550,1.9,0.705,2026-07-03T14:01:38
D:\Download\素材下载\团建视频\千岛湖智能镜头分类,D:\Download\素材下载\团建视频\千岛湖智能镜头分类\05_项目活动\水上乐园\005_千岛湖_水上乐园__S_V005_S013.mp4,05_项目活动\水上乐园\005_千岛湖_水上乐园__S_V005_S013.mp4,720,548,4.3,1.193,2026-07-03T14:01:42
D:\Download\素材下载\团建视频\千岛湖智能镜头分类,D:\Download\素材下载\团建视频\千岛湖智能镜头分类\05_项目活动\游艇游湖\001_千岛湖_游艇游湖__S_V003_S003.mp4,05_项目活动\游艇游湖\001_千岛湖_游艇游湖__S_V003_S003.mp4,720,610,0.7,0.236,2026-07-03T14:01:45
D:\Download\素材下载\团建视频\千岛湖智能镜头分类,D:\Download\素材下载\团建视频\千岛湖智能镜头分类\05_项目活动\游艇游湖\003_千岛湖_游艇游湖__A_V005_S017.mp4,05_项目活动\游艇游湖\003_千岛湖_游艇游湖__A_V005_S017.mp4,720,418,1.2,0.206,2026-07-03T14:01:51
D:\Download\素材下载\团建视频\千岛湖智能镜头分类,D:\Download\素材下载\团建视频\千岛湖智能镜头分类\05_项目活动\游艇游湖\004_千岛湖_游艇游湖__A_V005_S018.mp4,05_项目活动\游艇游湖\004_千岛湖_游艇游湖__A_V005_S018.mp4,720,552,1.8,0.169,2026-07-03T14:01:52
D:\Download\素材下载\团建视频\千岛湖智能镜头分类,D:\Download\素材下载\团建视频\千岛湖智能镜头分类\05_项目活动\游艇游湖\005_千岛湖_游艇游湖__B_V005_S019.mp4,05_项目活动\游艇游湖\005_千岛湖_游艇游湖__B_V005_S019.mp4,720,552,1.6,0.067,2026-07-03T14:01:54
D:\Download\素材下载\团建视频\千岛湖智能镜头分类,D:\Download\素材下载\团建视频\千岛湖智能镜头分类\05_项目活动\游艇游湖\006_千岛湖_游艇游湖__A_V005_S020.mp4,05_项目活动\游艇游湖\006_千岛湖_游艇游湖__A_V005_S020.mp4,720,548,2.4,0.122,2026-07-03T14:01:57
D:\Download\素材下载\团建视频\千岛湖智能镜头分类,D:\Download\素材下载\团建视频\千岛湖智能镜头分类\05_项目活动\游艇游湖\007_千岛湖_游艇游湖__B_V005_S021.mp4,05_项目活动\游艇游湖\007_千岛湖_游艇游湖__B_V005_S021.mp4,720,544,1.367,0.049,2026-07-03T14:01:59
D:\Download\素材下载\团建视频\千岛湖智能镜头分类,D:\Download\素材下载\团建视频\千岛湖智能镜头分类\05_项目活动\湖边骑行\002_千岛湖_湖边骑行__S_V005_S028.mp4,05_项目活动\湖边骑行\002_千岛湖_湖边骑行__S_V005_S028.mp4,720,544,2.267,0.485,2026-07-03T14:02:07
D:\Download\素材下载\团建视频\千岛湖智能镜头分类,D:\Download\素材下载\团建视频\千岛湖智能镜头分类\05_项目活动\湖边骑行\003_千岛湖_湖边骑行__S_V005_S029.mp4,05_项目活动\湖边骑行\003_千岛湖_湖边骑行__S_V005_S029.mp4,720,538,4.367,0.757,2026-07-03T14:02:15
D:\Download\素材下载\团建视频\千岛湖智能镜头分类,D:\Download\素材下载\团建视频\千岛湖智能镜头分类\06_团队互动\团队合照\001_千岛湖_团队合照__S_V005_S030.mp4,06_团队互动\团队合照\001_千岛湖_团队合照__S_V005_S030.mp4,720,444,4.367,0.712,2026-07-03T14:02:31
D:\Download\素材下载\团建视频\千岛湖智能镜头分类,D:\Download\素材下载\团建视频\千岛湖智能镜头分类\06_团队互动\团队合照\002_千岛湖_团队合照__S_V005_S031.mp4,06_团队互动\团队合照\002_千岛湖_团队合照__S_V005_S031.mp4,720,458,5.167,1.039,2026-07-03T14:02:34
D:\Download\素材下载\团建视频\千岛湖智能镜头分类,D:\Download\素材下载\团建视频\千岛湖智能镜头分类\07_烧烤露营夜场\烧烤\003_千岛湖_烧烤__S_V003_S024.mp4,07_烧烤露营夜场\烧烤\003_千岛湖_烧烤__S_V003_S024.mp4,720,620,0.6,0.198,2026-07-03T14:02:41
D:\Download\素材下载\团建视频\千岛湖智能镜头分类,D:\Download\素材下载\团建视频\千岛湖智能镜头分类\07_烧烤露营夜场\烧烤\006_千岛湖_烧烤__S_V005_S024.mp4,07_烧烤露营夜场\烧烤\006_千岛湖_烧烤__S_V005_S024.mp4,720,552,0.733,0.209,2026-07-03T14:02:46
D:\Download\素材下载\团建视频\千岛湖智能镜头分类,D:\Download\素材下载\团建视频\千岛湖智能镜头分类\07_烧烤露营夜场\烧烤\007_千岛湖_烧烤__S_V005_S025.mp4,07_烧烤露营夜场\烧烤\007_千岛湖_烧烤__S_V005_S025.mp4,720,552,1.833,0.504,2026-07-03T14:02:48
D:\Download\素材下载\团建视频\千岛湖智能镜头分类,D:\Download\素材下载\团建视频\千岛湖智能镜头分类\07_烧烤露营夜场\篝火\001_千岛湖_篝火__B_V005_S026.mp4,07_烧烤露营夜场\篝火\001_千岛湖_篝火__B_V005_S026.mp4,720,548,1.867,0.254,2026-07-03T14:02:49
D:\Download\素材下载\团建视频\千岛湖智能镜头分类,D:\Download\素材下载\团建视频\千岛湖智能镜头分类\07_烧烤露营夜场\露营\001_千岛湖_露营__B_V005_S023.mp4,07_烧烤露营夜场\露营\001_千岛湖_露营__B_V005_S023.mp4,720,552,1.1,0.08,2026-07-03T14:02:51
D:\Download\素材下载\团建视频\千岛湖智能镜头分类,D:\Download\素材下载\团建视频\千岛湖智能镜头分类\07_烧烤露营夜场\露营吃东西\002_千岛湖_露营吃东西__A_V011_S001.mp4,07_烧烤露营夜场\露营吃东西\002_千岛湖_露营吃东西__A_V011_S001.mp4,1080,1038,1.2,0.537,2026-07-03T14:02:54
D:\Download\素材下载\团建视频\千岛湖智能镜头分类,D:\Download\素材下载\团建视频\千岛湖智能镜头分类\10_收尾返程\返程大巴\001_千岛湖_返程大巴__S_V005_S033.mp4,10_收尾返程\返程大巴\001_千岛湖_返程大巴__S_V005_S033.mp4,720,548,3.9,0.576,2026-07-03T14:02:57
D:\Download\素材下载\团建视频\安吉智能镜头分类,D:\Download\素材下载\团建视频\安吉智能镜头分类\01_环境空镜\安吉景区入口\001_安吉_安吉景区入口__S_V001_S010.mp4,01_环境空镜\安吉景区入口\001_安吉_安吉景区入口__S_V001_S010.mp4,720,422,1.667,0.36,2026-07-03T14:02:58
D:\Download\素材下载\团建视频\安吉智能镜头分类,D:\Download\素材下载\团建视频\安吉智能镜头分类\01_环境空镜\安吉景区入口\002_安吉_安吉景区入口__S_V003_S005.mp4,01_环境空镜\安吉景区入口\002_安吉_安吉景区入口__S_V003_S005.mp4,720,386,1.7,0.302,2026-07-03T14:03:00
D:\Download\素材下载\团建视频\安吉智能镜头分类,D:\Download\素材下载\团建视频\安吉智能镜头分类\01_环境空镜\安吉风景\001_安吉_安吉风景__S_V001_S007.mp4,01_环境空镜\安吉风景\001_安吉_安吉风景__S_V001_S007.mp4,720,410,1.967,0.301,2026-07-03T14:03:02
D:\Download\素材下载\团建视频\安吉智能镜头分类,D:\Download\素材下载\团建视频\安吉智能镜头分类\01_环境空镜\安吉风景\002_安吉_安吉风景__S_V001_S033.mp4,01_环境空镜\安吉风景\002_安吉_安吉风景__S_V001_S033.mp4,720,410,3.267,0.29,2026-07-03T14:03:04
D:\Download\素材下载\团建视频\安吉智能镜头分类,D:\Download\素材下载\团建视频\安吉智能镜头分类\01_环境空镜\安吉风景\003_安吉_安吉风景__S_V001_S034.mp4,01_环境空镜\安吉风景\003_安吉_安吉风景__S_V001_S034.mp4,720,414,3.9,0.281,2026-07-03T14:03:07
D:\Download\素材下载\团建视频\安吉智能镜头分类,D:\Download\素材下载\团建视频\安吉智能镜头分类\01_环境空镜\安吉风景\004_安吉_安吉风景__S_V001_S035.mp4,01_环境空镜\安吉风景\004_安吉_安吉风景__S_V001_S035.mp4,720,406,1.8,0.072,2026-07-03T14:03:08
D:\Download\素材下载\团建视频\安吉智能镜头分类,D:\Download\素材下载\团建视频\安吉智能镜头分类\01_环境空镜\安吉风景\005_安吉_安吉风景__S_V003_S001.mp4,01_环境空镜\安吉风景\005_安吉_安吉风景__S_V003_S001.mp4,720,380,2.433,0.233,2026-07-03T14:03:10
D:\Download\素材下载\团建视频\安吉智能镜头分类,D:\Download\素材下载\团建视频\安吉智能镜头分类\01_环境空镜\安吉风景\006_安吉_安吉风景__S_V003_S027.mp4,01_环境空镜\安吉风景\006_安吉_安吉风景__S_V003_S027.mp4,720,446,4.567,0.166,2026-07-03T14:03:13
D:\Download\素材下载\团建视频\安吉智能镜头分类,D:\Download\素材下载\团建视频\安吉智能镜头分类\01_环境空镜\安吉风景\007_安吉_安吉风景__S_V003_S028.mp4,01_环境空镜\安吉风景\007_安吉_安吉风景__S_V003_S028.mp4,720,388,0.7,0.031,2026-07-03T14:03:14
D:\Download\素材下载\团建视频\安吉智能镜头分类,D:\Download\素材下载\团建视频\安吉智能镜头分类\01_环境空镜\安吉风景\008_安吉_安吉风景__S_V004_S001.mp4,01_环境空镜\安吉风景\008_安吉_安吉风景__S_V004_S001.mp4,1080,750,1.233,0.342,2026-07-03T14:03:16
D:\Download\素材下载\团建视频\安吉智能镜头分类,D:\Download\素材下载\团建视频\安吉智能镜头分类\01_环境空镜\安吉风景\009_安吉_安吉风景__A_V006_S004.mp4,01_环境空镜\安吉风景\009_安吉_安吉风景__A_V006_S004.mp4,720,490,0.933,0.169,2026-07-03T14:03:17
D:\Download\素材下载\团建视频\安吉智能镜头分类,D:\Download\素材下载\团建视频\安吉智能镜头分类\01_环境空镜\安吉风景\010_安吉_安吉风景__S_V006_S007.mp4,01_环境空镜\安吉风景\010_安吉_安吉风景__S_V006_S007.mp4,720,488,1.3,0.119,2026-07-03T14:03:19
D:\Download\素材下载\团建视频\安吉智能镜头分类,D:\Download\素材下载\团建视频\安吉智能镜头分类\01_环境空镜\安吉风景\011_安吉_安吉风景__S_V006_S008.mp4,01_环境空镜\安吉风景\011_安吉_安吉风景__S_V006_S008.mp4,720,488,0.933,0.067,2026-07-03T14:03:20
D:\Download\素材下载\团建视频\安吉智能镜头分类,D:\Download\素材下载\团建视频\安吉智能镜头分类\01_环境空镜\安吉风景\012_安吉_安吉风景__A_V009_S018.mp4,01_环境空镜\安吉风景\012_安吉_安吉风景__A_V009_S018.mp4,720,548,0.9,0.055,2026-07-03T14:03:21
D:\Download\素材下载\团建视频\安吉智能镜头分类,D:\Download\素材下载\团建视频\安吉智能镜头分类\01_环境空镜\安吉风景\015_安吉_安吉风景__S_V010_S035.mp4,01_环境空镜\安吉风景\015_安吉_安吉风景__S_V010_S035.mp4,720,562,2.033,0.197,2026-07-03T14:03:25
D:\Download\素材下载\团建视频\安吉智能镜头分类,D:\Download\素材下载\团建视频\安吉智能镜头分类\01_环境空镜\安吉风景俯拍\001_安吉_安吉风景俯拍__S_V001_S001.mp4,01_环境空镜\安吉风景俯拍\001_安吉_安吉风景俯拍__S_V001_S001.mp4,720,454,1.2,0.126,2026-07-03T14:03:26
D:\Download\素材下载\团建视频\安吉智能镜头分类,D:\Download\素材下载\团建视频\安吉智能镜头分类\01_环境空镜\安吉风景俯拍\002_安吉_安吉风景俯拍__A_V001_S002.mp4,01_环境空镜\安吉风景俯拍\002_安吉_安吉风景俯拍__A_V001_S002.mp4,720,410,1.1,0.112,2026-07-03T14:03:28
D:\Download\素材下载\团建视频\安吉智能镜头分类,D:\Download\素材下载\团建视频\安吉智能镜头分类\01_环境空镜\安吉风景俯拍\003_安吉_安吉风景俯拍__S_V001_S003.mp4,01_环境空镜\安吉风景俯拍\003_安吉_安吉风景俯拍__S_V001_S003.mp4,720,410,2.567,0.319,2026-07-03T14:03:30
D:\Download\素材下载\团建视频\安吉智能镜头分类,D:\Download\素材下载\团建视频\安吉智能镜头分类\01_环境空镜\安吉风景俯拍\004_安吉_安吉风景俯拍__S_V001_S004.mp4,01_环境空镜\安吉风景俯拍\004_安吉_安吉风景俯拍__S_V001_S004.mp4,720,364,0.867,0.08,2026-07-03T14:03:32
D:\Download\素材下载\团建视频\安吉智能镜头分类,D:\Download\素材下载\团建视频\安吉智能镜头分类\01_环境空镜\安吉风景俯拍\005_安吉_安吉风景俯拍__S_V001_S005.mp4,01_环境空镜\安吉风景俯拍\005_安吉_安吉风景俯拍__S_V001_S005.mp4,720,364,0.767,0.144,2026-07-03T14:03:33
D:\Download\素材下载\团建视频\安吉智能镜头分类,D:\Download\素材下载\团建视频\安吉智能镜头分类\01_环境空镜\安吉风景俯拍\006_安吉_安吉风景俯拍__S_V001_S006.mp4,01_环境空镜\安吉风景俯拍\006_安吉_安吉风景俯拍__S_V001_S006.mp4,720,408,1.267,0.076,2026-07-03T14:03:35
D:\Download\素材下载\团建视频\安吉智能镜头分类,D:\Download\素材下载\团建视频\安吉智能镜头分类\01_环境空镜\安吉风景俯拍\007_安吉_安吉风景俯拍__S_V002_S010.mp4,01_环境空镜\安吉风景俯拍\007_安吉_安吉风景俯拍__S_V002_S010.mp4,720,374,2.2,0.24,2026-07-03T14:03:37
D:\Download\素材下载\团建视频\安吉智能镜头分类,D:\Download\素材下载\团建视频\安吉智能镜头分类\01_环境空镜\安吉风景俯拍\008_安吉_安吉风景俯拍__S_V002_S011_待人工确认.mp4,01_环境空镜\安吉风景俯拍\008_安吉_安吉风景俯拍__S_V002_S011_待人工确认.mp4,720,404,0.833,0.108,2026-07-03T14:03:39
D:\Download\素材下载\团建视频\安吉智能镜头分类,D:\Download\素材下载\团建视频\安吉智能镜头分类\01_环境空镜\安吉风景俯拍\009_安吉_安吉风景俯拍__S_V003_S002.mp4,01_环境空镜\安吉风景俯拍\009_安吉_安吉风景俯拍__S_V003_S002.mp4,720,484,1.1,0.026,2026-07-03T14:03:40
D:\Download\素材下载\团建视频\安吉智能镜头分类,D:\Download\素材下载\团建视频\安吉智能镜头分类\01_环境空镜\安吉风景俯拍\010_安吉_安吉风景俯拍__S_V003_S003.mp4,01_环境空镜\安吉风景俯拍\010_安吉_安吉风景俯拍__S_V003_S003.mp4,720,484,3.133,0.329,2026-07-03T14:03:42
D:\Download\素材下载\团建视频\安吉智能镜头分类,D:\Download\素材下载\团建视频\安吉智能镜头分类\01_环境空镜\安吉风景俯拍\011_安吉_安吉风景俯拍__S_V010_S032.mp4,01_环境空镜\安吉风景俯拍\011_安吉_安吉风景俯拍__S_V010_S032.mp4,720,516,1.533,0.162,2026-07-03T14:03:44
D:\Download\素材下载\团建视频\安吉智能镜头分类,D:\Download\素材下载\团建视频\安吉智能镜头分类\01_环境空镜\峡谷瀑布空镜\001_安吉_峡谷瀑布空镜__S_V008_S016.mp4,01_环境空镜\峡谷瀑布空镜\001_安吉_峡谷瀑布空镜__S_V008_S016.mp4,720,608,1.3,0.487,2026-07-03T14:03:45
D:\Download\素材下载\团建视频\安吉智能镜头分类,D:\Download\素材下载\团建视频\安吉智能镜头分类\01_环境空镜\峡谷瀑布空镜\002_安吉_峡谷瀑布空镜__S_V008_S017.mp4,01_环境空镜\峡谷瀑布空镜\002_安吉_峡谷瀑布空镜__S_V008_S017.mp4,720,448,0.6,0.295,2026-07-03T14:03:47
D:\Download\素材下载\团建视频\安吉智能镜头分类,D:\Download\素材下载\团建视频\安吉智能镜头分类\01_环境空镜\竹林风景\001_安吉_竹林风景__A_V003_S007.mp4,01_环境空镜\竹林风景\001_安吉_竹林风景__A_V003_S007.mp4,720,346,2.033,0.104,2026-07-03T14:03:49
D:\Download\素材下载\团建视频\安吉智能镜头分类,D:\Download\素材下载\团建视频\安吉智能镜头分类\02_出发抵达\大巴集合出发\002_安吉_大巴集合出发__S_V008_S010.mp4,02_出发抵达\大巴集合出发\002_安吉_大巴集合出发__S_V008_S010.mp4,720,560,2.1,0.554,2026-07-03T14:03:54
D:\Download\素材下载\团建视频\安吉智能镜头分类,D:\Download\素材下载\团建视频\安吉智能镜头分类\02_出发抵达\大巴集合出发\004_安吉_大巴集合出发__S_V010_S001.mp4,02_出发抵达\大巴集合出发\004_安吉_大巴集合出发__S_V010_S001.mp4,720,544,2.1,0.489,2026-07-03T14:03:58
D:\Download\素材下载\团建视频\安吉智能镜头分类,D:\Download\素材下载\团建视频\安吉智能镜头分类\02_出发抵达\山路抵达\001_安吉_山路抵达__S_V011_S002.mp4,02_出发抵达\山路抵达\001_安吉_山路抵达__S_V011_S002.mp4,720,684,4.3,0.361,2026-07-03T14:04:02
D:\Download\素材下载\团建视频\安吉智能镜头分类,D:\Download\素材下载\团建视频\安吉智能镜头分类\03_住宿空间\民宿外观\001_安吉_民宿外观__S_V011_S010.mp4,03_住宿空间\民宿外观\001_安吉_民宿外观__S_V011_S010.mp4,720,608,3.0,0.093,2026-07-03T14:04:11
D:\Download\素材下载\团建视频\安吉智能镜头分类,D:\Download\素材下载\团建视频\安吉智能镜头分类\03_住宿空间\民宿庭院\005_安吉_民宿庭院__S_V004_S009.mp4,03_住宿空间\民宿庭院\005_安吉_民宿庭院__S_V004_S009.mp4,1080,746,1.9,0.431,2026-07-03T14:04:13
D:\Download\素材下载\团建视频\安吉智能镜头分类,D:\Download\素材下载\团建视频\安吉智能镜头分类\03_住宿空间\民宿庭院\006_安吉_民宿庭院__S_V004_S010.mp4,03_住宿空间\民宿庭院\006_安吉_民宿庭院__S_V004_S010.mp4,1080,750,1.8,0.317,2026-07-03T14:04:15
D:\Download\素材下载\团建视频\安吉智能镜头分类,D:\Download\素材下载\团建视频\安吉智能镜头分类\03_住宿空间\民宿庭院\007_安吉_民宿庭院__S_V004_S011.mp4,03_住宿空间\民宿庭院\007_安吉_民宿庭院__S_V004_S011.mp4,1080,746,1.3,0.29,2026-07-03T14:04:16
D:\Download\素材下载\团建视频\安吉智能镜头分类,D:\Download\素材下载\团建视频\安吉智能镜头分类\03_住宿空间\民宿庭院\008_安吉_民宿庭院__S_V004_S012.mp4,03_住宿空间\民宿庭院\008_安吉_民宿庭院__S_V004_S012.mp4,1080,746,1.467,0.137,2026-07-03T14:04:18
D:\Download\素材下载\团建视频\安吉智能镜头分类,D:\Download\素材下载\团建视频\安吉智能镜头分类\03_住宿空间\温泉别墅\001_安吉_温泉别墅__A_V003_S012.mp4,03_住宿空间\温泉别墅\001_安吉_温泉别墅__A_V003_S012.mp4,720,480,2.1,0.082,2026-07-03T14:04:23
D:\Download\素材下载\团建视频\安吉智能镜头分类,D:\Download\素材下载\团建视频\安吉智能镜头分类\03_住宿空间\酒店民宿房间\001_安吉_酒店民宿房间__S_V008_S029.mp4,03_住宿空间\酒店民宿房间\001_安吉_酒店民宿房间__S_V008_S029.mp4,720,626,2.033,0.152,2026-07-03T14:04:25
D:\Download\素材下载\团建视频\安吉智能镜头分类,D:\Download\素材下载\团建视频\安吉智能镜头分类\03_住宿空间\酒店民宿房间\002_安吉_酒店民宿房间__S_V008_S030.mp4,03_住宿空间\酒店民宿房间\002_安吉_酒店民宿房间__S_V008_S030.mp4,720,532,1.9,0.205,2026-07-03T14:04:26
D:\Download\素材下载\团建视频\安吉智能镜头分类,D:\Download\素材下载\团建视频\安吉智能镜头分类\03_住宿空间\酒店民宿房间\003_安吉_酒店民宿房间__S_V010_S029.mp4,03_住宿空间\酒店民宿房间\003_安吉_酒店民宿房间__S_V010_S029.mp4,720,340,1.7,0.109,2026-07-03T14:04:28
D:\Download\素材下载\团建视频\安吉智能镜头分类,D:\Download\素材下载\团建视频\安吉智能镜头分类\04_餐饮美食\下午茶点\001_安吉_下午茶点__A_V004_S013.mp4,04_餐饮美食\下午茶点\001_安吉_下午茶点__A_V004_S013.mp4,1080,750,1.333,0.104,2026-07-03T14:04:29
D:\Download\素材下载\团建视频\安吉智能镜头分类,D:\Download\素材下载\团建视频\安吉智能镜头分类\04_餐饮美食\水果饮品\001_安吉_水果饮品__S_V010_S004.mp4,04_餐饮美食\水果饮品\001_安吉_水果饮品__S_V010_S004.mp4,720,576,0.7,0.309,2026-07-03T14:04:31
D:\Download\素材下载\团建视频\安吉智能镜头分类,D:\Download\素材下载\团建视频\安吉智能镜头分类\04_餐饮美食\水果饮品\002_安吉_水果饮品__S_V010_S005.mp4,04_餐饮美食\水果饮品\002_安吉_水果饮品__S_V010_S005.mp4,720,544,0.733,0.218,2026-07-03T14:04:32
D:\Download\素材下载\团建视频\安吉智能镜头分类,D:\Download\素材下载\团建视频\安吉智能镜头分类\04_餐饮美食\碰杯互动\001_安吉_碰杯互动__S_V008_S039.mp4,04_餐饮美食\碰杯互动\001_安吉_碰杯互动__S_V008_S039.mp4,720,552,1.8,0.43,2026-07-03T14:04:34
D:\Download\素材下载\团建视频\安吉智能镜头分类,D:\Download\素材下载\团建视频\安吉智能镜头分类\04_餐饮美食\碰杯互动\002_安吉_碰杯互动__S_V010_S008.mp4,04_餐饮美食\碰杯互动\002_安吉_碰杯互动__S_V010_S008.mp4,720,380,1.0,0.215,2026-07-03T14:04:35
D:\Download\素材下载\团建视频\安吉智能镜头分类,D:\Download\素材下载\团建视频\安吉智能镜头分类\04_餐饮美食\菜品餐桌\001_安吉_菜品餐桌__S_V003_S004.mp4,04_餐饮美食\菜品餐桌\001_安吉_菜品餐桌__S_V003_S004.mp4,720,376,1.6,0.138,2026-07-03T14:04:37
D:\Download\素材下载\团建视频\安吉智能镜头分类,D:\Download\素材下载\团建视频\安吉智能镜头分类\04_餐饮美食\菜品餐桌\002_安吉_菜品餐桌__S_V003_S022.mp4,04_餐饮美食\菜品餐桌\002_安吉_菜品餐桌__S_V003_S022.mp4,720,410,1.567,0.212,2026-07-03T14:04:38
D:\Download\素材下载\团建视频\安吉智能镜头分类,D:\Download\素材下载\团建视频\安吉智能镜头分类\04_餐饮美食\菜品餐桌\003_安吉_菜品餐桌__S_V004_S018.mp4,04_餐饮美食\菜品餐桌\003_安吉_菜品餐桌__S_V004_S018.mp4,1080,684,1.9,0.219,2026-07-03T14:04:40
D:\Download\素材下载\团建视频\安吉智能镜头分类,D:\Download\素材下载\团建视频\安吉智能镜头分类\04_餐饮美食\菜品餐桌\004_安吉_菜品餐桌__S_V004_S019.mp4,04_餐饮美食\菜品餐桌\004_安吉_菜品餐桌__S_V004_S019.mp4,1080,730,1.133,0.199,2026-07-03T14:04:41
D:\Download\素材下载\团建视频\安吉智能镜头分类,D:\Download\素材下载\团建视频\安吉智能镜头分类\04_餐饮美食\菜品餐桌\005_安吉_菜品餐桌__S_V008_S011.mp4,04_餐饮美食\菜品餐桌\005_安吉_菜品餐桌__S_V008_S011.mp4,720,666,2.0,0.716,2026-07-03T14:04:44
D:\Download\素材下载\团建视频\安吉智能镜头分类,D:\Download\素材下载\团建视频\安吉智能镜头分类\04_餐饮美食\菜品餐桌\006_安吉_菜品餐桌__S_V008_S012.mp4,04_餐饮美食\菜品餐桌\006_安吉_菜品餐桌__S_V008_S012.mp4,720,608,0.9,0.156,2026-07-03T14:04:45
D:\Download\素材下载\团建视频\安吉智能镜头分类,D:\Download\素材下载\团建视频\安吉智能镜头分类\04_餐饮美食\菜品餐桌\007_安吉_菜品餐桌__S_V008_S013.mp4,04_餐饮美食\菜品餐桌\007_安吉_菜品餐桌__S_V008_S013.mp4,720,482,0.833,0.289,2026-07-03T14:04:47
D:\Download\素材下载\团建视频\安吉智能镜头分类,D:\Download\素材下载\团建视频\安吉智能镜头分类\04_餐饮美食\菜品餐桌\008_安吉_菜品餐桌__S_V008_S014.mp4,04_餐饮美食\菜品餐桌\008_安吉_菜品餐桌__S_V008_S014.mp4,720,608,0.667,0.223,2026-07-03T14:04:48
D:\Download\素材下载\团建视频\安吉智能镜头分类,D:\Download\素材下载\团建视频\安吉智能镜头分类\04_餐饮美食\菜品餐桌\010_安吉_菜品餐桌__S_V008_S038.mp4,04_餐饮美食\菜品餐桌\010_安吉_菜品餐桌__S_V008_S038.mp4,720,610,2.4,0.715,2026-07-03T14:04:52
D:\Download\素材下载\团建视频\安吉智能镜头分类,D:\Download\素材下载\团建视频\安吉智能镜头分类\04_餐饮美食\菜品餐桌\011_安吉_菜品餐桌__S_V009_S006.mp4,04_餐饮美食\菜品餐桌\011_安吉_菜品餐桌__S_V009_S006.mp4,720,544,2.0,0.469,2026-07-03T14:04:54
D:\Download\素材下载\团建视频\安吉智能镜头分类,D:\Download\素材下载\团建视频\安吉智能镜头分类\04_餐饮美食\菜品餐桌\012_安吉_菜品餐桌__S_V009_S016.mp4,04_餐饮美食\菜品餐桌\012_安吉_菜品餐桌__S_V009_S016.mp4,720,564,2.967,1.072,2026-07-03T14:04:57
D:\Download\素材下载\团建视频\安吉智能镜头分类,D:\Download\素材下载\团建视频\安吉智能镜头分类\04_餐饮美食\菜品餐桌\013_安吉_菜品餐桌__S_V010_S007.mp4,04_餐饮美食\菜品餐桌\013_安吉_菜品餐桌__S_V010_S007.mp4,720,462,3.867,0.774,2026-07-03T14:05:00
D:\Download\素材下载\团建视频\安吉智能镜头分类,D:\Download\素材下载\团建视频\安吉智能镜头分类\04_餐饮美食\菜品餐桌\014_安吉_菜品餐桌__S_V011_S027.mp4,04_餐饮美食\菜品餐桌\014_安吉_菜品餐桌__S_V011_S027.mp4,720,608,2.667,0.101,2026-07-03T14:05:27
D:\Download\素材下载\团建视频\安吉智能镜头分类,D:\Download\素材下载\团建视频\安吉智能镜头分类\05_项目活动\山地越野车\001_安吉_山地越野车__S_V004_S021.mp4,05_项目活动\山地越野车\001_安吉_山地越野车__S_V004_S021.mp4,1080,746,2.5,0.995,2026-07-03T14:05:41
D:\Download\素材下载\团建视频\安吉智能镜头分类,D:\Download\素材下载\团建视频\安吉智能镜头分类\05_项目活动\山地越野车\002_安吉_山地越野车__S_V004_S022.mp4,05_项目活动\山地越野车\002_安吉_山地越野车__S_V004_S022.mp4,1080,800,0.7,0.346,2026-07-03T14:05:43
D:\Download\素材下载\团建视频\安吉智能镜头分类,D:\Download\素材下载\团建视频\安吉智能镜头分类\05_项目活动\山地越野车\003_安吉_山地越野车__S_V004_S023.mp4,05_项目活动\山地越野车\003_安吉_山地越野车__S_V004_S023.mp4,1080,694,2.1,0.819,2026-07-03T14:05:46
D:\Download\素材下载\团建视频\安吉智能镜头分类,D:\Download\素材下载\团建视频\安吉智能镜头分类\05_项目活动\挖笋农事体验\001_安吉_挖笋农事体验__S_V003_S024.mp4,05_项目活动\挖笋农事体验\001_安吉_挖笋农事体验__S_V003_S024.mp4,720,364,1.333,0.153,2026-07-03T14:05:48
D:\Download\素材下载\团建视频\安吉智能镜头分类,D:\Download\素材下载\团建视频\安吉智能镜头分类\05_项目活动\挖笋农事体验\002_安吉_挖笋农事体验__S_V003_S025.mp4,05_项目活动\挖笋农事体验\002_安吉_挖笋农事体验__S_V003_S025.mp4,720,446,1.133,0.12,2026-07-03T14:05:49
D:\Download\素材下载\团建视频\安吉智能镜头分类,D:\Download\素材下载\团建视频\安吉智能镜头分类\05_项目活动\挖笋农事体验\003_安吉_挖笋农事体验__S_V003_S026.mp4,05_项目活动\挖笋农事体验\003_安吉_挖笋农事体验__S_V003_S026.mp4,720,392,3.267,0.404,2026-07-03T14:05:52
D:\Download\素材下载\团建视频\安吉智能镜头分类,D:\Download\素材下载\团建视频\安吉智能镜头分类\05_项目活动\文化参观\001_安吉_文化参观__S_V006_S017.mp4,05_项目活动\文化参观\001_安吉_文化参观__S_V006_S017.mp4,720,486,0.967,0.04,2026-07-03T14:05:54
D:\Download\素材下载\团建视频\安吉智能镜头分类,D:\Download\素材下载\团建视频\安吉智能镜头分类\05_项目活动\文化参观\002_安吉_文化参观__S_V006_S018.mp4,05_项目活动\文化参观\002_安吉_文化参观__S_V006_S018.mp4,720,486,0.867,0.077,2026-07-03T14:05:56
D:\Download\素材下载\团建视频\安吉智能镜头分类,D:\Download\素材下载\团建视频\安吉智能镜头分类\05_项目活动\文化参观\003_安吉_文化参观__S_V006_S019.mp4,05_项目活动\文化参观\003_安吉_文化参观__S_V006_S019.mp4,720,438,1.2,0.116,2026-07-03T14:05:57
D:\Download\素材下载\团建视频\安吉智能镜头分类,D:\Download\素材下载\团建视频\安吉智能镜头分类\05_项目活动\文化参观\004_安吉_文化参观__B_V006_S020.mp4,05_项目活动\文化参观\004_安吉_文化参观__B_V006_S020.mp4,720,438,1.333,0.086,2026-07-03T14:05:59
D:\Download\素材下载\团建视频\安吉智能镜头分类,D:\Download\素材下载\团建视频\安吉智能镜头分类\05_项目活动\水上乐园\001_安吉_水上乐园__S_V001_S014.mp4,05_项目活动\水上乐园\001_安吉_水上乐园__S_V001_S014.mp4,720,364,4.567,0.855,2026-07-03T14:06:02
D:\Download\素材下载\团建视频\安吉智能镜头分类,D:\Download\素材下载\团建视频\安吉智能镜头分类\05_项目活动\水上乐园\002_安吉_水上乐园__S_V001_S015.mp4,05_项目活动\水上乐园\002_安吉_水上乐园__S_V001_S015.mp4,720,366,3.3,0.525,2026-07-03T14:06:05
D:\Download\素材下载\团建视频\安吉智能镜头分类,D:\Download\素材下载\团建视频\安吉智能镜头分类\05_项目活动\水上乐园\003_安吉_水上乐园__S_V001_S016.mp4,05_项目活动\水上乐园\003_安吉_水上乐园__S_V001_S016.mp4,720,420,3.2,0.658,2026-07-03T14:06:08
D:\Download\素材下载\团建视频\安吉智能镜头分类,D:\Download\素材下载\团建视频\安吉智能镜头分类\05_项目活动\水上乐园\004_安吉_水上乐园__S_V002_S020.mp4,05_项目活动\水上乐园\004_安吉_水上乐园__S_V002_S020.mp4,720,336,1.733,0.158,2026-07-03T14:06:10
D:\Download\素材下载\团建视频\安吉智能镜头分类,D:\Download\素材下载\团建视频\安吉智能镜头分类\05_项目活动\水上乐园\005_安吉_水上乐园__S_V002_S022_待人工确认.mp4,05_项目活动\水上乐园\005_安吉_水上乐园__S_V002_S022_待人工确认.mp4,720,336,6.967,0.519,2026-07-03T14:06:13
D:\Download\素材下载\团建视频\安吉智能镜头分类,D:\Download\素材下载\团建视频\安吉智能镜头分类\05_项目活动\水上拓展\001_安吉_水上拓展__S_V008_S020.mp4,05_项目活动\水上拓展\001_安吉_水上拓展__S_V008_S020.mp4,720,602,0.833,0.65,2026-07-03T14:06:15
D:\Download\素材下载\团建视频\安吉智能镜头分类,D:\Download\素材下载\团建视频\安吉智能镜头分类\05_项目活动\水上拓展\002_安吉_水上拓展__S_V008_S021.mp4,05_项目活动\水上拓展\002_安吉_水上拓展__S_V008_S021.mp4,720,558,1.467,1.455,2026-07-03T14:06:17
D:\Download\素材下载\团建视频\安吉智能镜头分类,D:\Download\素材下载\团建视频\安吉智能镜头分类\05_项目活动\水上拓展\003_安吉_水上拓展__S_V008_S040.mp4,05_项目活动\水上拓展\003_安吉_水上拓展__S_V008_S040.mp4,720,660,1.5,0.625,2026-07-03T14:06:20
D:\Download\素材下载\团建视频\安吉智能镜头分类,D:\Download\素材下载\团建视频\安吉智能镜头分类\05_项目活动\水上拓展\004_安吉_水上拓展__S_V010_S002.mp4,05_项目活动\水上拓展\004_安吉_水上拓展__S_V010_S002.mp4,720,432,5.367,1.052,2026-07-03T14:06:24
D:\Download\素材下载\团建视频\安吉智能镜头分类,D:\Download\素材下载\团建视频\安吉智能镜头分类\05_项目活动\水上拓展\005_安吉_水上拓展__S_V010_S017.mp4,05_项目活动\水上拓展\005_安吉_水上拓展__S_V010_S017.mp4,720,574,3.167,1.579,2026-07-03T14:06:28
D:\Download\素材下载\团建视频\安吉智能镜头分类,D:\Download\素材下载\团建视频\安吉智能镜头分类\05_项目活动\水上拓展\006_安吉_水上拓展__S_V010_S018.mp4,05_项目活动\水上拓展\006_安吉_水上拓展__S_V010_S018.mp4,720,476,2.6,1.343,2026-07-03T14:06:31
D:\Download\素材下载\团建视频\安吉智能镜头分类,D:\Download\素材下载\团建视频\安吉智能镜头分类\05_项目活动\溯溪玩水\001_安吉_溯溪玩水__S_V001_S020.mp4,05_项目活动\溯溪玩水\001_安吉_溯溪玩水__S_V001_S020.mp4,720,446,0.7,0.14,2026-07-03T14:06:34
D:\Download\素材下载\团建视频\安吉智能镜头分类,D:\Download\素材下载\团建视频\安吉智能镜头分类\05_项目活动\溯溪玩水\002_安吉_溯溪玩水__S_V001_S021.mp4,05_项目活动\溯溪玩水\002_安吉_溯溪玩水__S_V001_S021.mp4,720,410,1.1,0.117,2026-07-03T14:06:35
D:\Download\素材下载\团建视频\安吉智能镜头分类,D:\Download\素材下载\团建视频\安吉智能镜头分类\05_项目活动\溯溪玩水\003_安吉_溯溪玩水__S_V001_S022.mp4,05_项目活动\溯溪玩水\003_安吉_溯溪玩水__S_V001_S022.mp4,720,364,2.067,0.371,2026-07-03T14:06:38
D:\Download\素材下载\团建视频\安吉智能镜头分类,D:\Download\素材下载\团建视频\安吉智能镜头分类\05_项目活动\溯溪玩水\004_安吉_溯溪玩水__S_V001_S025.mp4,05_项目活动\溯溪玩水\004_安吉_溯溪玩水__S_V001_S025.mp4,720,410,0.633,0.173,2026-07-03T14:06:40
D:\Download\素材下载\团建视频\安吉智能镜头分类,D:\Download\素材下载\团建视频\安吉智能镜头分类\05_项目活动\溯溪玩水\005_安吉_溯溪玩水__A_V001_S026.mp4,05_项目活动\溯溪玩水\005_安吉_溯溪玩水__A_V001_S026.mp4,720,446,0.5,0.091,2026-07-03T14:06:42
D:\Download\素材下载\团建视频\安吉智能镜头分类,D:\Download\素材下载\团建视频\安吉智能镜头分类\05_项目活动\溯溪玩水\006_安吉_溯溪玩水__A_V001_S027_待人工确认.mp4,05_项目活动\溯溪玩水\006_安吉_溯溪玩水__A_V001_S027_待人工确认.mp4,720,446,0.733,0.045,2026-07-03T14:06:44
D:\Download\素材下载\团建视频\安吉智能镜头分类,D:\Download\素材下载\团建视频\安吉智能镜头分类\05_项目活动\溯溪玩水\007_安吉_溯溪玩水__A_V001_S028.mp4,05_项目活动\溯溪玩水\007_安吉_溯溪玩水__A_V001_S028.mp4,720,410,0.7,0.074,2026-07-03T14:06:45
D:\Download\素材下载\团建视频\安吉智能镜头分类,D:\Download\素材下载\团建视频\安吉智能镜头分类\05_项目活动\溯溪玩水\008_安吉_溯溪玩水__S_V001_S029.mp4,05_项目活动\溯溪玩水\008_安吉_溯溪玩水__S_V001_S029.mp4,720,462,3.233,0.771,2026-07-03T14:06:48
D:\Download\素材下载\团建视频\安吉智能镜头分类,D:\Download\素材下载\团建视频\安吉智能镜头分类\05_项目活动\溯溪玩水\009_安吉_溯溪玩水__S_V008_S002.mp4,05_项目活动\溯溪玩水\009_安吉_溯溪玩水__S_V008_S002.mp4,720,556,1.1,0.666,2026-07-03T14:06:51
D:\Download\素材下载\团建视频\安吉智能镜头分类,D:\Download\素材下载\团建视频\安吉智能镜头分类\05_项目活动\溯溪玩水\010_安吉_溯溪玩水__S_V008_S003.mp4,05_项目活动\溯溪玩水\010_安吉_溯溪玩水__S_V008_S003.mp4,720,466,0.767,0.45,2026-07-03T14:06:53
D:\Download\素材下载\团建视频\安吉智能镜头分类,D:\Download\素材下载\团建视频\安吉智能镜头分类\05_项目活动\溯溪玩水\011_安吉_溯溪玩水__S_V008_S004.mp4,05_项目活动\溯溪玩水\011_安吉_溯溪玩水__S_V008_S004.mp4,720,686,1.833,0.718,2026-07-03T14:06:55
D:\Download\素材下载\团建视频\安吉智能镜头分类,D:\Download\素材下载\团建视频\安吉智能镜头分类\05_项目活动\溯溪玩水\012_安吉_溯溪玩水__S_V008_S018.mp4,05_项目活动\溯溪玩水\012_安吉_溯溪玩水__S_V008_S018.mp4,720,556,2.2,1.525,2026-07-03T14:06:58
D:\Download\素材下载\团建视频\安吉智能镜头分类,D:\Download\素材下载\团建视频\安吉智能镜头分类\05_项目活动\溯溪玩水\013_安吉_溯溪玩水__S_V010_S003.mp4,05_项目活动\溯溪玩水\013_安吉_溯溪玩水__S_V010_S003.mp4,720,472,2.533,0.698,2026-07-03T14:07:01
D:\Download\素材下载\团建视频\安吉智能镜头分类,D:\Download\素材下载\团建视频\安吉智能镜头分类\05_项目活动\漂流\001_安吉_漂流__S_V001_S030.mp4,05_项目活动\漂流\001_安吉_漂流__S_V001_S030.mp4,720,408,2.333,0.785,2026-07-03T14:07:04
D:\Download\素材下载\团建视频\安吉智能镜头分类,D:\Download\素材下载\团建视频\安吉智能镜头分类\05_项目活动\漂流\002_安吉_漂流__S_V001_S031.mp4,05_项目活动\漂流\002_安吉_漂流__S_V001_S031.mp4,720,372,2.4,1.022,2026-07-03T14:07:07
D:\Download\素材下载\团建视频\安吉智能镜头分类,D:\Download\素材下载\团建视频\安吉智能镜头分类\05_项目活动\漂流\003_安吉_漂流__S_V001_S032.mp4,05_项目活动\漂流\003_安吉_漂流__S_V001_S032.mp4,720,412,2.1,0.701,2026-07-03T14:07:09
D:\Download\素材下载\团建视频\安吉智能镜头分类,D:\Download\素材下载\团建视频\安吉智能镜头分类\05_项目活动\漂流\004_安吉_漂流__S_V002_S001.mp4,05_项目活动\漂流\004_安吉_漂流__S_V002_S001.mp4,720,380,0.633,0.177,2026-07-03T14:07:11
D:\Download\素材下载\团建视频\安吉智能镜头分类,D:\Download\素材下载\团建视频\安吉智能镜头分类\05_项目活动\漂流\005_安吉_漂流__S_V002_S002.mp4,05_项目活动\漂流\005_安吉_漂流__S_V002_S002.mp4,720,388,1.7,0.41,2026-07-03T14:07:13
D:\Download\素材下载\团建视频\安吉智能镜头分类,D:\Download\素材下载\团建视频\安吉智能镜头分类\05_项目活动\漂流\006_安吉_漂流__S_V002_S003.mp4,05_项目活动\漂流\006_安吉_漂流__S_V002_S003.mp4,720,360,1.4,0.535,2026-07-03T14:07:16
D:\Download\素材下载\团建视频\安吉智能镜头分类,D:\Download\素材下载\团建视频\安吉智能镜头分类\05_项目活动\漂流\007_安吉_漂流__S_V002_S004.mp4,05_项目活动\漂流\007_安吉_漂流__S_V002_S004.mp4,720,336,0.9,0.186,2026-07-03T14:07:18
D:\Download\素材下载\团建视频\安吉智能镜头分类,D:\Download\素材下载\团建视频\安吉智能镜头分类\05_项目活动\漂流\008_安吉_漂流__A_V002_S005.mp4,05_项目活动\漂流\008_安吉_漂流__A_V002_S005.mp4,720,380,1.667,0.429,2026-07-03T14:07:20
D:\Download\素材下载\团建视频\安吉智能镜头分类,D:\Download\素材下载\团建视频\安吉智能镜头分类\05_项目活动\漂流\009_安吉_漂流__S_V006_S028.mp4,05_项目活动\漂流\009_安吉_漂流__S_V006_S028.mp4,720,524,2.6,0.663,2026-07-03T14:07:22
D:\Download\素材下载\团建视频\安吉智能镜头分类,D:\Download\素材下载\团建视频\安吉智能镜头分类\05_项目活动\漂流\010_安吉_漂流__S_V006_S029.mp4,05_项目活动\漂流\010_安吉_漂流__S_V006_S029.mp4,720,486,1.7,0.473,2026-07-03T14:07:24
D:\Download\素材下载\团建视频\安吉智能镜头分类,D:\Download\素材下载\团建视频\安吉智能镜头分类\05_项目活动\漂流\011_安吉_漂流__S_V006_S030.mp4,05_项目活动\漂流\011_安吉_漂流__S_V006_S030.mp4,720,486,4.333,0.629,2026-07-03T14:07:28
D:\Download\素材下载\团建视频\安吉智能镜头分类,D:\Download\素材下载\团建视频\安吉智能镜头分类\05_项目活动\漂流\012_安吉_漂流__S_V006_S031.mp4,05_项目活动\漂流\012_安吉_漂流__S_V006_S031.mp4,720,490,1.7,0.381,2026-07-03T14:07:30
D:\Download\素材下载\团建视频\安吉智能镜头分类,D:\Download\素材下载\团建视频\安吉智能镜头分类\05_项目活动\漂流\014_安吉_漂流__S_V008_S001.mp4,05_项目活动\漂流\014_安吉_漂流__S_V008_S001.mp4,720,558,1.0,0.536,2026-07-03T14:07:33
D:\Download\素材下载\团建视频\安吉智能镜头分类,D:\Download\素材下载\团建视频\安吉智能镜头分类\05_项目活动\漂流\015_安吉_漂流__S_V008_S006.mp4,05_项目活动\漂流\015_安吉_漂流__S_V008_S006.mp4,720,556,0.733,0.351,2026-07-03T14:07:35
D:\Download\素材下载\团建视频\安吉智能镜头分类,D:\Download\素材下载\团建视频\安吉智能镜头分类\05_项目活动\漂流\016_安吉_漂流__S_V008_S022.mp4,05_项目活动\漂流\016_安吉_漂流__S_V008_S022.mp4,720,608,1.7,0.809,2026-07-03T14:07:37
D:\Download\素材下载\团建视频\安吉智能镜头分类,D:\Download\素材下载\团建视频\安吉智能镜头分类\05_项目活动\漂流\017_安吉_漂流__S_V008_S023.mp4,05_项目活动\漂流\017_安吉_漂流__S_V008_S023.mp4,720,558,2.7,1.832,2026-07-03T14:07:40
D:\Download\素材下载\团建视频\安吉智能镜头分类,D:\Download\素材下载\团建视频\安吉智能镜头分类\05_项目活动\漂流\018_安吉_漂流__S_V008_S032.mp4,05_项目活动\漂流\018_安吉_漂流__S_V008_S032.mp4,720,684,2.033,1.128,2026-07-03T14:07:43
D:\Download\素材下载\团建视频\安吉智能镜头分类,D:\Download\素材下载\团建视频\安吉智能镜头分类\05_项目活动\漂流\019_安吉_漂流__S_V008_S033.mp4,05_项目活动\漂流\019_安吉_漂流__S_V008_S033.mp4,720,500,1.567,0.496,2026-07-03T14:07:45
D:\Download\素材下载\团建视频\安吉智能镜头分类,D:\Download\素材下载\团建视频\安吉智能镜头分类\05_项目活动\漂流\020_安吉_漂流__S_V008_S034.mp4,05_项目活动\漂流\020_安吉_漂流__S_V008_S034.mp4,720,560,1.633,0.818,2026-07-03T14:07:47
D:\Download\素材下载\团建视频\安吉智能镜头分类,D:\Download\素材下载\团建视频\安吉智能镜头分类\05_项目活动\漂流\021_安吉_漂流__S_V008_S035.mp4,05_项目活动\漂流\021_安吉_漂流__S_V008_S035.mp4,720,552,0.767,0.599,2026-07-03T14:07:50
D:\Download\素材下载\团建视频\安吉智能镜头分类,D:\Download\素材下载\团建视频\安吉智能镜头分类\05_项目活动\漂流\022_安吉_漂流__S_V008_S036.mp4,05_项目活动\漂流\022_安吉_漂流__S_V008_S036.mp4,720,496,1.5,0.977,2026-07-03T14:07:52
D:\Download\素材下载\团建视频\安吉智能镜头分类,D:\Download\素材下载\团建视频\安吉智能镜头分类\05_项目活动\漂流\023_安吉_漂流__S_V008_S037.mp4,05_项目活动\漂流\023_安吉_漂流__S_V008_S037.mp4,720,596,2.0,1.755,2026-07-03T14:07:55
D:\Download\素材下载\团建视频\安吉智能镜头分类,D:\Download\素材下载\团建视频\安吉智能镜头分类\05_项目活动\漂流\024_安吉_漂流__S_V010_S012.mp4,05_项目活动\漂流\024_安吉_漂流__S_V010_S012.mp4,720,454,0.867,0.282,2026-07-03T14:07:56
D:\Download\素材下载\团建视频\安吉智能镜头分类,D:\Download\素材下载\团建视频\安吉智能镜头分类\05_项目活动\漂流\025_安吉_漂流__S_V010_S016.mp4,05_项目活动\漂流\025_安吉_漂流__S_V010_S016.mp4,720,448,4.733,2.009,2026-07-03T14:08:00
D:\Download\素材下载\团建视频\安吉智能镜头分类,D:\Download\素材下载\团建视频\安吉智能镜头分类\05_项目活动\漂流\027_安吉_漂流__S_V011_S019.mp4,05_项目活动\漂流\027_安吉_漂流__S_V011_S019.mp4,720,590,5.0,1.149,2026-07-03T14:08:08
D:\Download\素材下载\团建视频\安吉智能镜头分类,D:\Download\素材下载\团建视频\安吉智能镜头分类\05_项目活动\漂流\028_安吉_漂流__S_V011_S020.mp4,05_项目活动\漂流\028_安吉_漂流__S_V011_S020.mp4,720,684,5.6,0.692,2026-07-03T14:08:13
D:\Download\素材下载\团建视频\安吉智能镜头分类,D:\Download\素材下载\团建视频\安吉智能镜头分类\05_项目活动\漂流\030_安吉_漂流__S_V011_S024.mp4,05_项目活动\漂流\030_安吉_漂流__S_V011_S024.mp4,720,660,1.867,0.285,2026-07-03T14:08:18
D:\Download\素材下载\团建视频\安吉智能镜头分类,D:\Download\素材下载\团建视频\安吉智能镜头分类\05_项目活动\皮划艇\002_安吉_皮划艇__S_V009_S003.mp4,05_项目活动\皮划艇\002_安吉_皮划艇__S_V009_S003.mp4,720,560,4.6,1.176,2026-07-03T14:08:24
D:\Download\素材下载\团建视频\安吉智能镜头分类,D:\Download\素材下载\团建视频\安吉智能镜头分类\05_项目活动\皮划艇\003_安吉_皮划艇__S_V009_S007.mp4,05_项目活动\皮划艇\003_安吉_皮划艇__S_V009_S007.mp4,720,564,7.033,2.027,2026-07-03T14:08:29
D:\Download\素材下载\团建视频\安吉智能镜头分类,D:\Download\素材下载\团建视频\安吉智能镜头分类\05_项目活动\竹林徒步\001_安吉_竹林徒步__S_V001_S011.mp4,05_项目活动\竹林徒步\001_安吉_竹林徒步__S_V001_S011.mp4,720,412,0.567,0.085,2026-07-03T14:08:30
D:\Download\素材下载\团建视频\安吉智能镜头分类,D:\Download\素材下载\团建视频\安吉智能镜头分类\05_项目活动\竹林徒步\002_安吉_竹林徒步__S_V001_S012.mp4,05_项目活动\竹林徒步\002_安吉_竹林徒步__S_V001_S012.mp4,720,364,1.167,0.079,2026-07-03T14:08:32
D:\Download\素材下载\团建视频\安吉智能镜头分类,D:\Download\素材下载\团建视频\安吉智能镜头分类\05_项目活动\竹林徒步\003_安吉_竹林徒步__S_V003_S006.mp4,05_项目活动\竹林徒步\003_安吉_竹林徒步__S_V003_S006.mp4,720,336,1.1,0.068,2026-07-03T14:08:34
D:\Download\素材下载\团建视频\安吉智能镜头分类,D:\Download\素材下载\团建视频\安吉智能镜头分类\05_项目活动\采摘体验\001_安吉_采摘体验__S_V004_S016.mp4,05_项目活动\采摘体验\001_安吉_采摘体验__S_V004_S016.mp4,1080,682,1.167,0.293,2026-07-03T14:08:36
D:\Download\素材下载\团建视频\安吉智能镜头分类,D:\Download\素材下载\团建视频\安吉智能镜头分类\05_项目活动\采摘体验\002_安吉_采摘体验__S_V004_S017.mp4,05_项目活动\采摘体验\002_安吉_采摘体验__S_V004_S017.mp4,1080,682,3.3,0.769,2026-07-03T14:08:39
D:\Download\素材下载\团建视频\安吉智能镜头分类,D:\Download\素材下载\团建视频\安吉智能镜头分类\05_项目活动\采茶体验\001_安吉_采茶体验__S_V003_S023.mp4,05_项目活动\采茶体验\001_安吉_采茶体验__S_V003_S023.mp4,720,346,1.8,0.073,2026-07-03T14:08:41
D:\Download\素材下载\团建视频\安吉智能镜头分类,D:\Download\素材下载\团建视频\安吉智能镜头分类\05_项目活动\高山游乐\001_安吉_高山游乐__S_V001_S008.mp4,05_项目活动\高山游乐\001_安吉_高山游乐__S_V001_S008.mp4,720,410,2.333,0.249,2026-07-03T14:08:44
D:\Download\素材下载\团建视频\安吉智能镜头分类,D:\Download\素材下载\团建视频\安吉智能镜头分类\05_项目活动\高山游乐\002_安吉_高山游乐__S_V001_S009.mp4,05_项目活动\高山游乐\002_安吉_高山游乐__S_V001_S009.mp4,720,364,0.767,0.071,2026-07-03T14:08:45
D:\Download\素材下载\团建视频\安吉智能镜头分类,D:\Download\素材下载\团建视频\安吉智能镜头分类\05_项目活动\高山游乐\003_安吉_高山游乐__S_V002_S021.mp4,05_项目活动\高山游乐\003_安吉_高山游乐__S_V002_S021.mp4,720,384,2.767,0.36,2026-07-03T14:08:48
D:\Download\素材下载\团建视频\安吉智能镜头分类,D:\Download\素材下载\团建视频\安吉智能镜头分类\05_项目活动\高山游乐\004_安吉_高山游乐__S_V003_S014.mp4,05_项目活动\高山游乐\004_安吉_高山游乐__S_V003_S014.mp4,720,380,1.2,0.075,2026-07-03T14:08:49
D:\Download\素材下载\团建视频\安吉智能镜头分类,D:\Download\素材下载\团建视频\安吉智能镜头分类\05_项目活动\高山游乐\005_安吉_高山游乐__S_V003_S015.mp4,05_项目活动\高山游乐\005_安吉_高山游乐__S_V003_S015.mp4,720,388,1.067,0.175,2026-07-03T14:08:51
D:\Download\素材下载\团建视频\安吉智能镜头分类,D:\Download\素材下载\团建视频\安吉智能镜头分类\05_项目活动\高山游乐\006_安吉_高山游乐__S_V003_S016.mp4,05_项目活动\高山游乐\006_安吉_高山游乐__S_V003_S016.mp4,720,366,0.633,0.181,2026-07-03T14:08:52
D:\Download\素材下载\团建视频\安吉智能镜头分类,D:\Download\素材下载\团建视频\安吉智能镜头分类\05_项目活动\高山游乐\007_安吉_高山游乐__S_V003_S017.mp4,05_项目活动\高山游乐\007_安吉_高山游乐__S_V003_S017.mp4,720,386,2.1,0.32,2026-07-03T14:08:55
D:\Download\素材下载\团建视频\安吉智能镜头分类,D:\Download\素材下载\团建视频\安吉智能镜头分类\05_项目活动\高山游乐\008_安吉_高山游乐__S_V003_S018.mp4,05_项目活动\高山游乐\008_安吉_高山游乐__S_V003_S018.mp4,720,484,0.533,0.085,2026-07-03T14:08:56
D:\Download\素材下载\团建视频\安吉智能镜头分类,D:\Download\素材下载\团建视频\安吉智能镜头分类\05_项目活动\高山游乐\009_安吉_高山游乐__S_V003_S019.mp4,05_项目活动\高山游乐\009_安吉_高山游乐__S_V003_S019.mp4,720,480,1.033,0.072,2026-07-03T14:08:58
D:\Download\素材下载\团建视频\安吉智能镜头分类,D:\Download\素材下载\团建视频\安吉智能镜头分类\05_项目活动\高山游乐\010_安吉_高山游乐__S_V003_S020.mp4,05_项目活动\高山游乐\010_安吉_高山游乐__S_V003_S020.mp4,720,496,0.667,0.079,2026-07-03T14:08:59
D:\Download\素材下载\团建视频\安吉智能镜头分类,D:\Download\素材下载\团建视频\安吉智能镜头分类\05_项目活动\高山游乐\011_安吉_高山游乐__S_V003_S021.mp4,05_项目活动\高山游乐\011_安吉_高山游乐__S_V003_S021.mp4,720,460,1.533,0.244,2026-07-03T14:09:01
D:\Download\素材下载\团建视频\安吉智能镜头分类,D:\Download\素材下载\团建视频\安吉智能镜头分类\05_项目活动\高山游乐\012_安吉_高山游乐__S_V004_S002.mp4,05_项目活动\高山游乐\012_安吉_高山游乐__S_V004_S002.mp4,1080,746,2.7,0.444,2026-07-03T14:09:07
D:\Download\素材下载\团建视频\安吉智能镜头分类,D:\Download\素材下载\团建视频\安吉智能镜头分类\05_项目活动\高山游乐\013_安吉_高山游乐__S_V004_S003.mp4,05_项目活动\高山游乐\013_安吉_高山游乐__S_V004_S003.mp4,1080,700,3.1,0.751,2026-07-03T14:09:13
D:\Download\素材下载\团建视频\安吉智能镜头分类,D:\Download\素材下载\团建视频\安吉智能镜头分类\05_项目活动\高山游乐\014_安吉_高山游乐__S_V004_S004.mp4,05_项目活动\高山游乐\014_安吉_高山游乐__S_V004_S004.mp4,1080,748,1.4,0.756,2026-07-03T14:09:15
D:\Download\素材下载\团建视频\安吉智能镜头分类,D:\Download\素材下载\团建视频\安吉智能镜头分类\05_项目活动\高山游乐\015_安吉_高山游乐__S_V009_S012.mp4,05_项目活动\高山游乐\015_安吉_高山游乐__S_V009_S012.mp4,720,540,1.4,0.56,2026-07-03T14:09:17
D:\Download\素材下载\团建视频\安吉智能镜头分类,D:\Download\素材下载\团建视频\安吉智能镜头分类\05_项目活动\高山游乐\016_安吉_高山游乐__S_V009_S013.mp4,05_项目活动\高山游乐\016_安吉_高山游乐__S_V009_S013.mp4,720,564,2.9,1.514,2026-07-03T14:09:20
D:\Download\素材下载\团建视频\安吉智能镜头分类,D:\Download\素材下载\团建视频\安吉智能镜头分类\05_项目活动\高山游乐\018_安吉_高山游乐__S_V009_S015.mp4,05_项目活动\高山游乐\018_安吉_高山游乐__S_V009_S015.mp4,720,592,3.1,0.61,2026-07-03T14:09:25
D:\Download\素材下载\团建视频\安吉智能镜头分类,D:\Download\素材下载\团建视频\安吉智能镜头分类\05_项目活动\高山游乐\019_安吉_高山游乐__S_V010_S019.mp4,05_项目活动\高山游乐\019_安吉_高山游乐__S_V010_S019.mp4,720,558,1.6,0.347,2026-07-03T14:09:28
D:\Download\素材下载\团建视频\安吉智能镜头分类,D:\Download\素材下载\团建视频\安吉智能镜头分类\05_项目活动\高山游乐\020_安吉_高山游乐__S_V010_S020.mp4,05_项目活动\高山游乐\020_安吉_高山游乐__S_V010_S020.mp4,720,454,4.533,1.408,2026-07-03T14:09:32
D:\Download\素材下载\团建视频\安吉智能镜头分类,D:\Download\素材下载\团建视频\安吉智能镜头分类\05_项目活动\高山游乐\021_安吉_高山游乐__S_V010_S030.mp4,05_项目活动\高山游乐\021_安吉_高山游乐__S_V010_S030.mp4,720,392,3.233,0.926,2026-07-03T14:09:35
D:\Download\素材下载\团建视频\安吉智能镜头分类,D:\Download\素材下载\团建视频\安吉智能镜头分类\05_项目活动\高山游乐\022_安吉_高山游乐__S_V010_S031.mp4,05_项目活动\高山游乐\022_安吉_高山游乐__S_V010_S031.mp4,720,504,1.767,0.324,2026-07-03T14:09:37
D:\Download\素材下载\团建视频\安吉智能镜头分类,D:\Download\素材下载\团建视频\安吉智能镜头分类\05_项目活动\高山游乐\023_安吉_高山游乐__S_V010_S034.mp4,05_项目活动\高山游乐\023_安吉_高山游乐__S_V010_S034.mp4,720,420,2.4,0.311,2026-07-03T14:09:40
D:\Download\素材下载\团建视频\安吉智能镜头分类,D:\Download\素材下载\团建视频\安吉智能镜头分类\06_团队互动\团队会议\001_安吉_团队会议__S_V009_S017.mp4,06_团队互动\团队会议\001_安吉_团队会议__S_V009_S017.mp4,720,546,1.8,0.706,2026-07-03T14:09:42
D:\Download\素材下载\团建视频\安吉智能镜头分类,D:\Download\素材下载\团建视频\安吉智能镜头分类\06_团队互动\团队合照\001_安吉_团队合照__S_V010_S037.mp4,06_团队互动\团队合照\001_安吉_团队合照__S_V010_S037.mp4,720,500,3.733,0.641,2026-07-03T14:09:45
D:\Download\素材下载\团建视频\安吉智能镜头分类,D:\Download\素材下载\团建视频\安吉智能镜头分类\06_团队互动\团队游戏挑战\001_安吉_团队游戏挑战__S_V006_S001.mp4,06_团队互动\团队游戏挑战\001_安吉_团队游戏挑战__S_V006_S001.mp4,720,486,1.3,0.269,2026-07-03T14:09:47
D:\Download\素材下载\团建视频\安吉智能镜头分类,D:\Download\素材下载\团建视频\安吉智能镜头分类\06_团队互动\团队游戏挑战\002_安吉_团队游戏挑战__S_V006_S003.mp4,06_团队互动\团队游戏挑战\002_安吉_团队游戏挑战__S_V006_S003.mp4,720,492,0.767,0.154,2026-07-03T14:09:49
D:\Download\素材下载\团建视频\安吉智能镜头分类,D:\Download\素材下载\团建视频\安吉智能镜头分类\06_团队互动\团队游戏挑战\003_安吉_团队游戏挑战__S_V006_S005.mp4,06_团队互动\团队游戏挑战\003_安吉_团队游戏挑战__S_V006_S005.mp4,720,484,0.867,0.087,2026-07-03T14:09:50
D:\Download\素材下载\团建视频\安吉智能镜头分类,D:\Download\素材下载\团建视频\安吉智能镜头分类\06_团队互动\团队游戏挑战\004_安吉_团队游戏挑战__S_V006_S009.mp4,06_团队互动\团队游戏挑战\004_安吉_团队游戏挑战__S_V006_S009.mp4,720,486,1.7,0.262,2026-07-03T14:09:52
D:\Download\素材下载\团建视频\安吉智能镜头分类,D:\Download\素材下载\团建视频\安吉智能镜头分类\06_团队互动\团队游戏挑战\005_安吉_团队游戏挑战__S_V006_S010.mp4,06_团队互动\团队游戏挑战\005_安吉_团队游戏挑战__S_V006_S010.mp4,720,338,1.533,0.298,2026-07-03T14:09:54
D:\Download\素材下载\团建视频\安吉智能镜头分类,D:\Download\素材下载\团建视频\安吉智能镜头分类\06_团队互动\团队游戏挑战\006_安吉_团队游戏挑战__S_V006_S012.mp4,06_团队互动\团队游戏挑战\006_安吉_团队游戏挑战__S_V006_S012.mp4,720,352,0.9,0.16,2026-07-03T14:09:56
D:\Download\素材下载\团建视频\安吉智能镜头分类,D:\Download\素材下载\团建视频\安吉智能镜头分类\06_团队互动\团队游戏挑战\008_安吉_团队游戏挑战__S_V006_S014.mp4,06_团队互动\团队游戏挑战\008_安吉_团队游戏挑战__S_V006_S014.mp4,720,460,1.1,0.203,2026-07-03T14:09:59
D:\Download\素材下载\团建视频\安吉智能镜头分类,D:\Download\素材下载\团建视频\安吉智能镜头分类\06_团队互动\团队游戏挑战\009_安吉_团队游戏挑战__S_V006_S015.mp4,06_团队互动\团队游戏挑战\009_安吉_团队游戏挑战__S_V006_S015.mp4,720,486,1.4,0.271,2026-07-03T14:10:01
D:\Download\素材下载\团建视频\安吉智能镜头分类,D:\Download\素材下载\团建视频\安吉智能镜头分类\06_团队互动\团队游戏挑战\011_安吉_团队游戏挑战__S_V008_S019.mp4,06_团队互动\团队游戏挑战\011_安吉_团队游戏挑战__S_V008_S019.mp4,720,546,1.433,0.688,2026-07-03T14:10:04
D:\Download\素材下载\团建视频\安吉智能镜头分类,D:\Download\素材下载\团建视频\安吉智能镜头分类\06_团队互动\团队游戏挑战\012_安吉_团队游戏挑战__S_V010_S036.mp4,06_团队互动\团队游戏挑战\012_安吉_团队游戏挑战__S_V010_S036.mp4,720,586,3.067,0.601,2026-07-03T14:10:07
D:\Download\素材下载\团建视频\安吉智能镜头分类,D:\Download\素材下载\团建视频\安吉智能镜头分类\06_团队互动\夜间团队互动\001_安吉_夜间团队互动__S_V008_S027.mp4,06_团队互动\夜间团队互动\001_安吉_夜间团队互动__S_V008_S027.mp4,720,556,1.667,0.588,2026-07-03T14:10:09
D:\Download\素材下载\团建视频\安吉智能镜头分类,D:\Download\素材下载\团建视频\安吉智能镜头分类\06_团队互动\夜间团队互动\002_安吉_夜间团队互动__S_V008_S028.mp4,06_团队互动\夜间团队互动\002_安吉_夜间团队互动__S_V008_S028.mp4,720,556,2.2,0.459,2026-07-03T14:10:11
D:\Download\素材下载\团建视频\安吉智能镜头分类,D:\Download\素材下载\团建视频\安吉智能镜头分类\06_团队互动\夜间团队互动\004_安吉_夜间团队互动__S_V008_S042.mp4,06_团队互动\夜间团队互动\004_安吉_夜间团队互动__S_V008_S042.mp4,720,558,0.5,0.066,2026-07-03T14:10:15
D:\Download\素材下载\团建视频\安吉智能镜头分类,D:\Download\素材下载\团建视频\安吉智能镜头分类\07_烧烤露营夜场\夜间娱乐\001_安吉_夜间娱乐__S_V003_S013.mp4,07_烧烤露营夜场\夜间娱乐\001_安吉_夜间娱乐__S_V003_S013.mp4,720,484,2.4,0.256,2026-07-03T14:10:19
D:\Download\素材下载\团建视频\安吉智能镜头分类,D:\Download\素材下载\团建视频\安吉智能镜头分类\07_烧烤露营夜场\夜间娱乐\002_安吉_夜间娱乐__A_V004_S025.mp4,07_烧烤露营夜场\夜间娱乐\002_安吉_夜间娱乐__A_V004_S025.mp4,1080,794,2.8,0.55,2026-07-03T14:10:22
D:\Download\素材下载\团建视频\安吉智能镜头分类,D:\Download\素材下载\团建视频\安吉智能镜头分类\07_烧烤露营夜场\夜间娱乐\003_安吉_夜间娱乐__S_V004_S026.mp4,07_烧烤露营夜场\夜间娱乐\003_安吉_夜间娱乐__S_V004_S026.mp4,1080,748,10.3,3.192,2026-07-03T14:10:28
D:\Download\素材下载\团建视频\安吉智能镜头分类,D:\Download\素材下载\团建视频\安吉智能镜头分类\07_烧烤露营夜场\夜间娱乐\004_安吉_夜间娱乐__S_V008_S025.mp4,07_烧烤露营夜场\夜间娱乐\004_安吉_夜间娱乐__S_V008_S025.mp4,720,576,2.433,1.205,2026-07-03T14:10:32
D:\Download\素材下载\团建视频\安吉智能镜头分类,D:\Download\素材下载\团建视频\安吉智能镜头分类\07_烧烤露营夜场\夜间娱乐\005_安吉_夜间娱乐__S_V008_S044.mp4,07_烧烤露营夜场\夜间娱乐\005_安吉_夜间娱乐__S_V008_S044.mp4,720,540,1.233,0.345,2026-07-03T14:10:34
D:\Download\素材下载\团建视频\安吉智能镜头分类,D:\Download\素材下载\团建视频\安吉智能镜头分类\07_烧烤露营夜场\夜间娱乐\006_安吉_夜间娱乐__S_V010_S025.mp4,07_烧烤露营夜场\夜间娱乐\006_安吉_夜间娱乐__S_V010_S025.mp4,720,570,6.067,1.033,2026-07-03T14:10:38
D:\Download\素材下载\团建视频\安吉智能镜头分类,D:\Download\素材下载\团建视频\安吉智能镜头分类\07_烧烤露营夜场\夜间娱乐\007_安吉_夜间娱乐__S_V011_S029.mp4,07_烧烤露营夜场\夜间娱乐\007_安吉_夜间娱乐__S_V011_S029.mp4,720,660,5.033,0.516,2026-07-03T14:10:41
D:\Download\素材下载\团建视频\安吉智能镜头分类,D:\Download\素材下载\团建视频\安吉智能镜头分类\07_烧烤露营夜场\烟花\001_安吉_烟花__A_V006_S025.mp4,07_烧烤露营夜场\烟花\001_安吉_烟花__A_V006_S025.mp4,720,486,1.5,0.18,2026-07-03T14:10:43
D:\Download\素材下载\团建视频\安吉智能镜头分类,D:\Download\素材下载\团建视频\安吉智能镜头分类\07_烧烤露营夜场\烟花\002_安吉_烟花__S_V006_S026.mp4,07_烧烤露营夜场\烟花\002_安吉_烟花__S_V006_S026.mp4,720,488,1.1,0.146,2026-07-03T14:10:44
D:\Download\素材下载\团建视频\安吉智能镜头分类,D:\Download\素材下载\团建视频\安吉智能镜头分类\07_烧烤露营夜场\烟花\003_安吉_烟花__A_V006_S027.mp4,07_烧烤露营夜场\烟花\003_安吉_烟花__A_V006_S027.mp4,720,488,2.4,0.278,2026-07-03T14:10:47
D:\Download\素材下载\团建视频\安吉智能镜头分类,D:\Download\素材下载\团建视频\安吉智能镜头分类\07_烧烤露营夜场\烧烤\001_安吉_烧烤__S_V003_S009.mp4,07_烧烤露营夜场\烧烤\001_安吉_烧烤__S_V003_S009.mp4,720,388,1.167,0.226,2026-07-03T14:10:50
D:\Download\素材下载\团建视频\安吉智能镜头分类,D:\Download\素材下载\团建视频\安吉智能镜头分类\07_烧烤露营夜场\烧烤\002_安吉_烧烤__S_V006_S023.mp4,07_烧烤露营夜场\烧烤\002_安吉_烧烤__S_V006_S023.mp4,720,488,1.1,0.155,2026-07-03T14:10:52
D:\Download\素材下载\团建视频\安吉智能镜头分类,D:\Download\素材下载\团建视频\安吉智能镜头分类\07_烧烤露营夜场\烧烤\004_安吉_烧烤__S_V009_S008.mp4,07_烧烤露营夜场\烧烤\004_安吉_烧烤__S_V009_S008.mp4,720,588,1.167,0.205,2026-07-03T14:10:55
D:\Download\素材下载\团建视频\安吉智能镜头分类,D:\Download\素材下载\团建视频\安吉智能镜头分类\07_烧烤露营夜场\烧烤\005_安吉_烧烤__S_V010_S021.mp4,07_烧烤露营夜场\烧烤\005_安吉_烧烤__S_V010_S021.mp4,720,510,1.767,0.514,2026-07-03T14:10:57
D:\Download\素材下载\团建视频\安吉智能镜头分类,D:\Download\素材下载\团建视频\安吉智能镜头分类\07_烧烤露营夜场\烧烤\006_安吉_烧烤__S_V010_S022.mp4,07_烧烤露营夜场\烧烤\006_安吉_烧烤__S_V010_S022.mp4,720,560,0.7,0.29,2026-07-03T14:10:59
D:\Download\素材下载\团建视频\安吉智能镜头分类,D:\Download\素材下载\团建视频\安吉智能镜头分类\07_烧烤露营夜场\烧烤\007_安吉_烧烤__S_V010_S023.mp4,07_烧烤露营夜场\烧烤\007_安吉_烧烤__S_V010_S023.mp4,720,598,0.9,0.365,2026-07-03T14:11:00
D:\Download\素材下载\团建视频\安吉智能镜头分类,D:\Download\素材下载\团建视频\安吉智能镜头分类\07_烧烤露营夜场\烧烤\008_安吉_烧烤__S_V010_S024.mp4,07_烧烤露营夜场\烧烤\008_安吉_烧烤__S_V010_S024.mp4,720,448,5.133,2.58,2026-07-03T14:11:05
D:\Download\素材下载\团建视频\安吉智能镜头分类,D:\Download\素材下载\团建视频\安吉智能镜头分类\07_烧烤露营夜场\篝火\001_安吉_篝火__B_V003_S010.mp4,07_烧烤露营夜场\篝火\001_安吉_篝火__B_V003_S010.mp4,720,388,2.533,0.246,2026-07-03T14:11:07
D:\Download\素材下载\团建视频\安吉智能镜头分类,D:\Download\素材下载\团建视频\安吉智能镜头分类\07_烧烤露营夜场\篝火\002_安吉_篝火__B_V003_S011.mp4,07_烧烤露营夜场\篝火\002_安吉_篝火__B_V003_S011.mp4,720,388,1.267,0.06,2026-07-03T14:11:09
D:\Download\素材下载\团建视频\安吉智能镜头分类,D:\Download\素材下载\团建视频\安吉智能镜头分类\07_烧烤露营夜场\篝火\003_安吉_篝火__S_V004_S024.mp4,07_烧烤露营夜场\篝火\003_安吉_篝火__S_V004_S024.mp4,1080,748,5.067,1.679,2026-07-03T14:11:13
D:\Download\素材下载\团建视频\安吉智能镜头分类,D:\Download\素材下载\团建视频\安吉智能镜头分类\07_烧烤露营夜场\篝火\004_安吉_篝火__B_V006_S021.mp4,07_烧烤露营夜场\篝火\004_安吉_篝火__B_V006_S021.mp4,720,488,1.167,0.091,2026-07-03T14:11:15
D:\Download\素材下载\团建视频\安吉智能镜头分类,D:\Download\素材下载\团建视频\安吉智能镜头分类\07_烧烤露营夜场\篝火\005_安吉_篝火__B_V006_S022.mp4,07_烧烤露营夜场\篝火\005_安吉_篝火__B_V006_S022.mp4,720,488,0.9,0.12,2026-07-03T14:11:16
D:\Download\素材下载\团建视频\安吉智能镜头分类,D:\Download\素材下载\团建视频\安吉智能镜头分类\07_烧烤露营夜场\篝火\006_安吉_篝火__S_V009_S005.mp4,07_烧烤露营夜场\篝火\006_安吉_篝火__S_V009_S005.mp4,720,544,0.533,0.192,2026-07-03T14:11:18
D:\Download\素材下载\团建视频\安吉智能镜头分类,D:\Download\素材下载\团建视频\安吉智能镜头分类\07_烧烤露营夜场\篝火\007_安吉_篝火__S_V009_S009.mp4,07_烧烤露营夜场\篝火\007_安吉_篝火__S_V009_S009.mp4,720,636,0.767,0.167,2026-07-03T14:11:20
D:\Download\素材下载\团建视频\安吉智能镜头分类,D:\Download\素材下载\团建视频\安吉智能镜头分类\07_烧烤露营夜场\篝火\008_安吉_篝火__S_V010_S026.mp4,07_烧烤露营夜场\篝火\008_安吉_篝火__S_V010_S026.mp4,720,562,5.633,0.632,2026-07-03T14:11:24
D:\Download\素材下载\团建视频\安吉智能镜头分类,D:\Download\素材下载\团建视频\安吉智能镜头分类\07_烧烤露营夜场\露营\001_安吉_露营__S_V003_S008.mp4,07_烧烤露营夜场\露营\001_安吉_露营__S_V003_S008.mp4,720,390,2.033,0.116,2026-07-03T14:11:26
D:\Download\素材下载\团建视频\安吉智能镜头分类,D:\Download\素材下载\团建视频\安吉智能镜头分类\07_烧烤露营夜场\露营\002_安吉_露营__S_V006_S002.mp4,07_烧烤露营夜场\露营\002_安吉_露营__S_V006_S002.mp4,720,454,1.0,0.121,2026-07-03T14:11:27
D:\Download\素材下载\团建视频\安吉智能镜头分类,D:\Download\素材下载\团建视频\安吉智能镜头分类\07_烧烤露营夜场\露营\003_安吉_露营__S_V006_S011_待人工确认.mp4,07_烧烤露营夜场\露营\003_安吉_露营__S_V006_S011_待人工确认.mp4,720,442,1.067,0.209,2026-07-03T14:11:29
D:\Download\素材下载\团建视频\安吉智能镜头分类,D:\Download\素材下载\团建视频\安吉智能镜头分类\07_烧烤露营夜场\露营\004_安吉_露营__S_V006_S033.mp4,07_烧烤露营夜场\露营\004_安吉_露营__S_V006_S033.mp4,720,488,2.8,0.103,2026-07-03T14:11:32
D:\Download\素材下载\团建视频\安吉智能镜头分类,D:\Download\素材下载\团建视频\安吉智能镜头分类\07_烧烤露营夜场\露营\005_安吉_露营__S_V006_S034.mp4,07_烧烤露营夜场\露营\005_安吉_露营__S_V006_S034.mp4,720,486,2.067,0.213,2026-07-03T14:11:34
D:\Download\素材下载\团建视频\安吉智能镜头分类,D:\Download\素材下载\团建视频\安吉智能镜头分类\07_烧烤露营夜场\露营\006_安吉_露营__S_V008_S008.mp4,07_烧烤露营夜场\露营\006_安吉_露营__S_V008_S008.mp4,720,552,1.6,0.387,2026-07-03T14:11:36
D:\Download\素材下载\团建视频\安吉智能镜头分类,D:\Download\素材下载\团建视频\安吉智能镜头分类\07_烧烤露营夜场\露营\007_安吉_露营__S_V009_S019.mp4,07_烧烤露营夜场\露营\007_安吉_露营__S_V009_S019.mp4,720,686,1.5,0.309,2026-07-03T14:11:38
D:\Download\素材下载\团建视频\安吉智能镜头分类,D:\Download\素材下载\团建视频\安吉智能镜头分类\07_烧烤露营夜场\露营\008_安吉_露营__S_V009_S020.mp4,07_烧烤露营夜场\露营\008_安吉_露营__S_V009_S020.mp4,720,544,0.767,0.307,2026-07-03T14:11:40
D:\Download\素材下载\团建视频\安吉智能镜头分类,D:\Download\素材下载\团建视频\安吉智能镜头分类\07_烧烤露营夜场\露营吃东西\001_安吉_露营吃东西__S_V001_S023.mp4,07_烧烤露营夜场\露营吃东西\001_安吉_露营吃东西__S_V001_S023.mp4,720,456,0.6,0.057,2026-07-03T14:11:41
D:\Download\素材下载\团建视频\安吉智能镜头分类,D:\Download\素材下载\团建视频\安吉智能镜头分类\07_烧烤露营夜场\露营吃东西\002_安吉_露营吃东西__S_V008_S024.mp4,07_烧烤露营夜场\露营吃东西\002_安吉_露营吃东西__S_V008_S024.mp4,720,556,1.767,0.326,2026-07-03T14:11:43
D:\Download\素材下载\团建视频\安吉智能镜头分类,D:\Download\素材下载\团建视频\安吉智能镜头分类\07_烧烤露营夜场\露营吃东西\003_安吉_露营吃东西__S_V009_S011.mp4,07_烧烤露营夜场\露营吃东西\003_安吉_露营吃东西__S_V009_S011.mp4,720,696,1.9,0.539,2026-07-03T14:11:45
D:\Download\素材下载\团建视频\安吉智能镜头分类,D:\Download\素材下载\团建视频\安吉智能镜头分类\08_人物反应\开心反应\001_安吉_开心反应__S_V006_S006.mp4,08_人物反应\开心反应\001_安吉_开心反应__S_V006_S006.mp4,720,456,0.867,0.038,2026-07-03T14:11:46
D:\Download\素材下载\团建视频\安吉智能镜头分类,D:\Download\素材下载\团建视频\安吉智能镜头分类\08_人物反应\开心反应\002_安吉_开心反应__S_V009_S010.mp4,08_人物反应\开心反应\002_安吉_开心反应__S_V009_S010.mp4,720,676,1.6,0.36,2026-07-03T14:11:48
D:\Download\素材下载\团建视频\安吉智能镜头分类,D:\Download\素材下载\团建视频\安吉智能镜头分类\09_细节特写\菜品特写\001_安吉_菜品特写__S_V004_S020.mp4,09_细节特写\菜品特写\001_安吉_菜品特写__S_V004_S020.mp4,1080,748,5.7,1.19,2026-07-03T14:11:55
D:\Download\素材下载\团建视频\安吉智能镜头分类,D:\Download\素材下载\团建视频\安吉智能镜头分类\09_细节特写\饮品特写\001_安吉_饮品特写__A_V001_S024.mp4,09_细节特写\饮品特写\001_安吉_饮品特写__A_V001_S024.mp4,720,412,0.8,0.047,2026-07-03T14:11:56
D:\Download\素材下载\团建视频\安吉智能镜头分类,D:\Download\素材下载\团建视频\安吉智能镜头分类\10_收尾返程\早餐返程收尾\001_安吉_早餐返程收尾__S_V008_S031.mp4,10_收尾返程\早餐返程收尾\001_安吉_早餐返程收尾__S_V008_S031.mp4,720,474,1.233,0.248,2026-07-03T14:11:58
D:\Download\素材下载\团建视频\安吉智能镜头分类,D:\Download\素材下载\团建视频\安吉智能镜头分类\90_待人工分类\口播讲解\001_安吉_口播讲解__S_V011_S001.mp4,90_待人工分类\口播讲解\001_安吉_口播讲解__S_V011_S001.mp4,720,664,22.233,1.846,2026-07-03T14:12:03
D:\Download\素材下载\团建视频\安吉智能镜头分类,D:\Download\素材下载\团建视频\安吉智能镜头分类\90_待人工分类\口播讲解\003_安吉_口播讲解__S_V011_S009.mp4,90_待人工分类\口播讲解\003_安吉_口播讲解__S_V011_S009.mp4,720,662,41.267,2.546,2026-07-03T14:12:13
D:\Download\素材下载\团建视频\安吉智能镜头分类,D:\Download\素材下载\团建视频\安吉智能镜头分类\90_待人工分类\口播讲解\006_安吉_口播讲解__S_V011_S014.mp4,90_待人工分类\口播讲解\006_安吉_口播讲解__S_V011_S014.mp4,720,680,4.667,0.415,2026-07-03T14:12:22
D:\Download\素材下载\团建视频\安吉智能镜头分类,D:\Download\素材下载\团建视频\安吉智能镜头分类\90_待人工分类\口播讲解\007_安吉_口播讲解__S_V011_S015.mp4,90_待人工分类\口播讲解\007_安吉_口播讲解__S_V011_S015.mp4,720,668,23.9,1.723,2026-07-03T14:12:27
D:\Download\素材下载\团建视频\安吉智能镜头分类,D:\Download\素材下载\团建视频\安吉智能镜头分类\90_待人工分类\口播讲解\009_安吉_口播讲解__S_V011_S018.mp4,90_待人工分类\口播讲解\009_安吉_口播讲解__S_V011_S018.mp4,720,662,6.7,0.425,2026-07-03T14:12:37
D:\Download\素材下载\团建视频\安吉智能镜头分类,D:\Download\素材下载\团建视频\安吉智能镜头分类\90_待人工分类\口播讲解\011_安吉_口播讲解__S_V011_S023.mp4,90_待人工分类\口播讲解\011_安吉_口播讲解__S_V011_S023.mp4,720,662,11.167,0.727,2026-07-03T14:12:41
D:\Download\素材下载\团建视频\安吉智能镜头分类,D:\Download\素材下载\团建视频\安吉智能镜头分类\90_待人工分类\口播讲解\012_安吉_口播讲解__S_V011_S025.mp4,90_待人工分类\口播讲解\012_安吉_口播讲解__S_V011_S025.mp4,720,662,12.633,0.787,2026-07-03T14:12:45
D:\Download\素材下载\团建视频\安吉智能镜头分类,D:\Download\素材下载\团建视频\安吉智能镜头分类\90_待人工分类\口播讲解\013_安吉_口播讲解__S_V011_S028.mp4,90_待人工分类\口播讲解\013_安吉_口播讲解__S_V011_S028.mp4,720,662,15.1,1.067,2026-07-03T14:12:49
D:\Download\素材下载\团建视频\安吉智能镜头分类,D:\Download\素材下载\团建视频\安吉智能镜头分类\90_待人工分类\待复核画面\001_安吉_待复核画面__S_V001_S013.mp4,90_待人工分类\待复核画面\001_安吉_待复核画面__S_V001_S013.mp4,720,384,3.533,0.45,2026-07-03T14:12:59
D:\Download\素材下载\团建视频\安吉智能镜头分类,D:\Download\素材下载\团建视频\安吉智能镜头分类\90_待人工分类\待复核画面\002_安吉_待复核画面__S_V001_S018.mp4,90_待人工分类\待复核画面\002_安吉_待复核画面__S_V001_S018.mp4,720,446,0.5,0.205,2026-07-03T14:13:01
D:\Download\素材下载\团建视频\安吉智能镜头分类,D:\Download\素材下载\团建视频\安吉智能镜头分类\90_待人工分类\待复核画面\003_安吉_待复核画面__S_V001_S019.mp4,90_待人工分类\待复核画面\003_安吉_待复核画面__S_V001_S019.mp4,720,408,0.433,0.091,2026-07-03T14:13:03
D:\Download\素材下载\团建视频\安吉智能镜头分类,D:\Download\素材下载\团建视频\安吉智能镜头分类\90_待人工分类\待复核画面\004_安吉_待复核画面__S_V002_S012_待人工确认.mp4,90_待人工分类\待复核画面\004_安吉_待复核画面__S_V002_S012_待人工确认.mp4,720,404,0.467,0.135,2026-07-03T14:13:05
D:\Download\素材下载\团建视频\安吉智能镜头分类,D:\Download\素材下载\团建视频\安吉智能镜头分类\90_待人工分类\待复核画面\005_安吉_待复核画面__A_V002_S013.mp4,90_待人工分类\待复核画面\005_安吉_待复核画面__A_V002_S013.mp4,720,364,0.4,0.04,2026-07-03T14:13:06
D:\Download\素材下载\团建视频\安吉智能镜头分类,D:\Download\素材下载\团建视频\安吉智能镜头分类\90_待人工分类\待复核画面\006_安吉_待复核画面__A_V002_S014.mp4,90_待人工分类\待复核画面\006_安吉_待复核画面__A_V002_S014.mp4,720,364,0.5,0.041,2026-07-03T14:13:08
D:\Download\素材下载\团建视频\安吉智能镜头分类,D:\Download\素材下载\团建视频\安吉智能镜头分类\90_待人工分类\待复核画面\007_安吉_待复核画面__A_V002_S015.mp4,90_待人工分类\待复核画面\007_安吉_待复核画面__A_V002_S015.mp4,720,496,0.433,0.04,2026-07-03T14:13:09
D:\Download\素材下载\团建视频\安吉智能镜头分类,D:\Download\素材下载\团建视频\安吉智能镜头分类\90_待人工分类\待复核画面\008_安吉_待复核画面__A_V002_S016.mp4,90_待人工分类\待复核画面\008_安吉_待复核画面__A_V002_S016.mp4,720,364,0.5,0.041,2026-07-03T14:13:11
D:\Download\素材下载\团建视频\安吉智能镜头分类,D:\Download\素材下载\团建视频\安吉智能镜头分类\90_待人工分类\待复核画面\009_安吉_待复核画面__A_V002_S017.mp4,90_待人工分类\待复核画面\009_安吉_待复核画面__A_V002_S017.mp4,720,496,0.433,0.04,2026-07-03T14:13:13
D:\Download\素材下载\团建视频\安吉智能镜头分类,D:\Download\素材下载\团建视频\安吉智能镜头分类\90_待人工分类\待复核画面\010_安吉_待复核画面__A_V002_S018.mp4,90_待人工分类\待复核画面\010_安吉_待复核画面__A_V002_S018.mp4,720,364,0.467,0.041,2026-07-03T14:13:14
D:\Download\素材下载\团建视频\安吉智能镜头分类,D:\Download\素材下载\团建视频\安吉智能镜头分类\90_待人工分类\待复核画面\011_安吉_待复核画面__A_V004_S014.mp4,90_待人工分类\待复核画面\011_安吉_待复核画面__A_V004_S014.mp4,1080,750,0.4,0.036,2026-07-03T14:13:16
D:\Download\素材下载\团建视频\安吉智能镜头分类,D:\Download\素材下载\团建视频\安吉智能镜头分类\90_待人工分类\待复核画面\012_安吉_待复核画面__S_V004_S015.mp4,90_待人工分类\待复核画面\012_安吉_待复核画面__S_V004_S015.mp4,1080,682,0.5,0.129,2026-07-03T14:13:18
D:\Download\素材下载\团建视频\安吉智能镜头分类,D:\Download\素材下载\团建视频\安吉智能镜头分类\90_待人工分类\待复核画面\013_安吉_待复核画面__S_V010_S009.mp4,90_待人工分类\待复核画面\013_安吉_待复核画面__S_V010_S009.mp4,720,550,0.5,0.249,2026-07-03T14:13:20
D:\Download\素材下载\团建视频\安吉智能镜头分类,D:\Download\素材下载\团建视频\安吉智能镜头分类\90_待人工分类\待复核画面\014_安吉_待复核画面__S_V010_S010.mp4,90_待人工分类\待复核画面\014_安吉_待复核画面__S_V010_S010.mp4,720,448,0.467,0.184,2026-07-03T14:13:22
D:\Download\素材下载\团建视频\安吉智能镜头分类,D:\Download\素材下载\团建视频\安吉智能镜头分类\90_待人工分类\待复核画面\015_安吉_待复核画面__S_V010_S011.mp4,90_待人工分类\待复核画面\015_安吉_待复核画面__S_V010_S011.mp4,720,336,0.467,0.131,2026-07-03T14:13:24
D:\Download\素材下载\团建视频\安吉智能镜头分类,D:\Download\素材下载\团建视频\安吉智能镜头分类\90_待人工分类\待复核画面\016_安吉_待复核画面__S_V010_S013.mp4,90_待人工分类\待复核画面\016_安吉_待复核画面__S_V010_S013.mp4,720,454,0.467,0.156,2026-07-03T14:13:25
D:\Download\素材下载\团建视频\安吉智能镜头分类,D:\Download\素材下载\团建视频\安吉智能镜头分类\90_待人工分类\待复核画面\017_安吉_待复核画面__S_V010_S014.mp4,90_待人工分类\待复核画面\017_安吉_待复核画面__S_V010_S014.mp4,720,572,0.467,0.207,2026-07-03T14:13:27
D:\Download\素材下载\团建视频\安吉智能镜头分类,D:\Download\素材下载\团建视频\安吉智能镜头分类\90_待人工分类\待复核画面\018_安吉_待复核画面__S_V010_S015.mp4,90_待人工分类\待复核画面\018_安吉_待复核画面__S_V010_S015.mp4,720,530,0.467,0.286,2026-07-03T14:13:29
D:\Download\素材下载\团建视频\安吉智能镜头分类,D:\Download\素材下载\团建视频\安吉智能镜头分类\90_待人工分类\行程表截图\001_安吉_行程表截图__A_V002_S019.mp4,90_待人工分类\行程表截图\001_安吉_行程表截图__A_V002_S019.mp4,720,364,3.367,0.071,2026-07-03T14:13:32
D:\Download\素材下载\团建视频\莫干山智能镜头分类,D:\Download\素材下载\团建视频\莫干山智能镜头分类\01_环境空镜\云海山景\001_莫干山_云海山景__A_V006_S001.mp4,01_环境空镜\云海山景\001_莫干山_云海山景__A_V006_S001.mp4,720,608,0.8,0.073,2026-07-03T14:13:33
D:\Download\素材下载\团建视频\莫干山智能镜头分类,D:\Download\素材下载\团建视频\莫干山智能镜头分类\01_环境空镜\云海山景\002_莫干山_云海山景__A_V006_S002.mp4,01_环境空镜\云海山景\002_莫干山_云海山景__A_V006_S002.mp4,720,608,0.733,0.013,2026-07-03T14:13:35
D:\Download\素材下载\团建视频\莫干山智能镜头分类,D:\Download\素材下载\团建视频\莫干山智能镜头分类\01_环境空镜\云海山景\003_莫干山_云海山景__S_V006_S008.mp4,01_环境空镜\云海山景\003_莫干山_云海山景__S_V006_S008.mp4,720,608,2.6,0.137,2026-07-03T14:13:37
D:\Download\素材下载\团建视频\莫干山智能镜头分类,D:\Download\素材下载\团建视频\莫干山智能镜头分类\01_环境空镜\云海山景\004_莫干山_云海山景__S_V006_S009.mp4,01_环境空镜\云海山景\004_莫干山_云海山景__S_V006_S009.mp4,720,608,0.933,0.019,2026-07-03T14:13:39
D:\Download\素材下载\团建视频\莫干山智能镜头分类,D:\Download\素材下载\团建视频\莫干山智能镜头分类\01_环境空镜\云海山景\005_莫干山_云海山景__S_V006_S019.mp4,01_环境空镜\云海山景\005_莫干山_云海山景__S_V006_S019.mp4,720,608,0.533,0.018,2026-07-03T14:13:41
D:\Download\素材下载\团建视频\莫干山智能镜头分类,D:\Download\素材下载\团建视频\莫干山智能镜头分类\01_环境空镜\云海山景\006_莫干山_云海山景__A_V006_S022.mp4,01_环境空镜\云海山景\006_莫干山_云海山景__A_V006_S022.mp4,720,608,1.067,0.018,2026-07-03T14:13:42
D:\Download\素材下载\团建视频\莫干山智能镜头分类,D:\Download\素材下载\团建视频\莫干山智能镜头分类\01_环境空镜\云海山景\007_莫干山_云海山景__S_V006_S033.mp4,01_环境空镜\云海山景\007_莫干山_云海山景__S_V006_S033.mp4,720,608,1.833,0.05,2026-07-03T14:13:44
D:\Download\素材下载\团建视频\莫干山智能镜头分类,D:\Download\素材下载\团建视频\莫干山智能镜头分类\01_环境空镜\云海山景\009_莫干山_云海山景__S_V018_S002.mp4,01_环境空镜\云海山景\009_莫干山_云海山景__S_V018_S002.mp4,720,502,1.7,0.049,2026-07-03T14:13:47
D:\Download\素材下载\团建视频\莫干山智能镜头分类,D:\Download\素材下载\团建视频\莫干山智能镜头分类\01_环境空镜\云海山景\010_莫干山_云海山景__S_V018_S026.mp4,01_环境空镜\云海山景\010_莫干山_云海山景__S_V018_S026.mp4,720,504,1.633,0.056,2026-07-03T14:13:48
D:\Download\素材下载\团建视频\莫干山智能镜头分类,D:\Download\素材下载\团建视频\莫干山智能镜头分类\01_环境空镜\云海山景\011_莫干山_云海山景__S_V022_S001_待人工确认.mp4,01_环境空镜\云海山景\011_莫干山_云海山景__S_V022_S001_待人工确认.mp4,720,498,1.4,0.103,2026-07-03T14:13:50
D:\Download\素材下载\团建视频\莫干山智能镜头分类,D:\Download\素材下载\团建视频\莫干山智能镜头分类\01_环境空镜\云海山景\012_莫干山_云海山景__S_V022_S004.mp4,01_环境空镜\云海山景\012_莫干山_云海山景__S_V022_S004.mp4,720,498,0.9,0.046,2026-07-03T14:13:51
D:\Download\素材下载\团建视频\莫干山智能镜头分类,D:\Download\素材下载\团建视频\莫干山智能镜头分类\01_环境空镜\云海山景\013_莫干山_云海山景__S_V022_S010.mp4,01_环境空镜\云海山景\013_莫干山_云海山景__S_V022_S010.mp4,720,496,1.167,0.063,2026-07-03T14:13:53
D:\Download\素材下载\团建视频\莫干山智能镜头分类,D:\Download\素材下载\团建视频\莫干山智能镜头分类\01_环境空镜\云海山景\014_莫干山_云海山景__S_V024_S001.mp4,01_环境空镜\云海山景\014_莫干山_云海山景__S_V024_S001.mp4,720,508,1.133,0.137,2026-07-03T14:13:54
D:\Download\素材下载\团建视频\莫干山智能镜头分类,D:\Download\素材下载\团建视频\莫干山智能镜头分类\01_环境空镜\云海山景\015_莫干山_云海山景__S_V024_S008.mp4,01_环境空镜\云海山景\015_莫干山_云海山景__S_V024_S008.mp4,720,504,2.033,0.068,2026-07-03T14:13:56
D:\Download\素材下载\团建视频\莫干山智能镜头分类,D:\Download\素材下载\团建视频\莫干山智能镜头分类\01_环境空镜\云海山景\016_莫干山_云海山景__S_V024_S025.mp4,01_环境空镜\云海山景\016_莫干山_云海山景__S_V024_S025.mp4,720,504,1.7,0.063,2026-07-03T14:13:58
D:\Download\素材下载\团建视频\莫干山智能镜头分类,D:\Download\素材下载\团建视频\莫干山智能镜头分类\01_环境空镜\云海山景\017_莫干山_云海山景__S_V024_S043.mp4,01_环境空镜\云海山景\017_莫干山_云海山景__S_V024_S043.mp4,720,504,2.3,0.117,2026-07-03T14:14:00
D:\Download\素材下载\团建视频\莫干山智能镜头分类,D:\Download\素材下载\团建视频\莫干山智能镜头分类\01_环境空镜\云海山景\018_莫干山_云海山景__S_V025_S001.mp4,01_环境空镜\云海山景\018_莫干山_云海山景__S_V025_S001.mp4,1080,708,2.533,0.238,2026-07-03T14:14:03
D:\Download\素材下载\团建视频\莫干山智能镜头分类,D:\Download\素材下载\团建视频\莫干山智能镜头分类\01_环境空镜\云海山景\019_莫干山_云海山景__A_V025_S004.mp4,01_环境空镜\云海山景\019_莫干山_云海山景__A_V025_S004.mp4,1080,708,1.067,0.174,2026-07-03T14:14:05
D:\Download\素材下载\团建视频\莫干山智能镜头分类,D:\Download\素材下载\团建视频\莫干山智能镜头分类\01_环境空镜\云海山景\020_莫干山_云海山景__A_V025_S028.mp4,01_环境空镜\云海山景\020_莫干山_云海山景__A_V025_S028.mp4,1080,706,0.7,0.056,2026-07-03T14:14:07
D:\Download\素材下载\团建视频\莫干山智能镜头分类,D:\Download\素材下载\团建视频\莫干山智能镜头分类\01_环境空镜\云海山景\021_莫干山_云海山景__B_V025_S029.mp4,01_环境空镜\云海山景\021_莫干山_云海山景__B_V025_S029.mp4,1080,710,1.533,0.147,2026-07-03T14:14:09
D:\Download\素材下载\团建视频\莫干山智能镜头分类,D:\Download\素材下载\团建视频\莫干山智能镜头分类\01_环境空镜\云海山景\022_莫干山_云海山景__A_V025_S030.mp4,01_环境空镜\云海山景\022_莫干山_云海山景__A_V025_S030.mp4,1080,706,1.5,0.134,2026-07-03T14:14:11
D:\Download\素材下载\团建视频\莫干山智能镜头分类,D:\Download\素材下载\团建视频\莫干山智能镜头分类\01_环境空镜\云海山景\023_莫干山_云海山景__A_V025_S031.mp4,01_环境空镜\云海山景\023_莫干山_云海山景__A_V025_S031.mp4,1080,706,2.5,0.281,2026-07-03T14:14:13
D:\Download\素材下载\团建视频\莫干山智能镜头分类,D:\Download\素材下载\团建视频\莫干山智能镜头分类\01_环境空镜\峡谷瀑布空镜\001_莫干山_峡谷瀑布空镜__S_V005_S051.mp4,01_环境空镜\峡谷瀑布空镜\001_莫干山_峡谷瀑布空镜__S_V005_S051.mp4,720,676,0.9,0.425,2026-07-03T14:14:15
D:\Download\素材下载\团建视频\莫干山智能镜头分类,D:\Download\素材下载\团建视频\莫干山智能镜头分类\01_环境空镜\峡谷瀑布空镜\002_莫干山_峡谷瀑布空镜__A_V022_S003.mp4,01_环境空镜\峡谷瀑布空镜\002_莫干山_峡谷瀑布空镜__A_V022_S003.mp4,720,472,1.067,0.114,2026-07-03T14:14:17
D:\Download\素材下载\团建视频\莫干山智能镜头分类,D:\Download\素材下载\团建视频\莫干山智能镜头分类\01_环境空镜\峡谷瀑布空镜\003_莫干山_峡谷瀑布空镜__A_V022_S028.mp4,01_环境空镜\峡谷瀑布空镜\003_莫干山_峡谷瀑布空镜__A_V022_S028.mp4,720,498,1.9,0.421,2026-07-03T14:14:18
D:\Download\素材下载\团建视频\莫干山智能镜头分类,D:\Download\素材下载\团建视频\莫干山智能镜头分类\01_环境空镜\峡谷瀑布空镜\004_莫干山_峡谷瀑布空镜__S_V022_S029.mp4,01_环境空镜\峡谷瀑布空镜\004_莫干山_峡谷瀑布空镜__S_V022_S029.mp4,720,360,1.8,0.533,2026-07-03T14:14:20
D:\Download\素材下载\团建视频\莫干山智能镜头分类,D:\Download\素材下载\团建视频\莫干山智能镜头分类\01_环境空镜\峡谷瀑布空镜\005_莫干山_峡谷瀑布空镜__S_V022_S030.mp4,01_环境空镜\峡谷瀑布空镜\005_莫干山_峡谷瀑布空镜__S_V022_S030.mp4,720,482,1.6,0.355,2026-07-03T14:14:22
D:\Download\素材下载\团建视频\莫干山智能镜头分类,D:\Download\素材下载\团建视频\莫干山智能镜头分类\01_环境空镜\峡谷瀑布空镜\006_莫干山_峡谷瀑布空镜__S_V023_S006.mp4,01_环境空镜\峡谷瀑布空镜\006_莫干山_峡谷瀑布空镜__S_V023_S006.mp4,720,616,1.2,0.576,2026-07-03T14:14:24
D:\Download\素材下载\团建视频\莫干山智能镜头分类,D:\Download\素材下载\团建视频\莫干山智能镜头分类\01_环境空镜\峡谷瀑布空镜\007_莫干山_峡谷瀑布空镜__S_V023_S010.mp4,01_环境空镜\峡谷瀑布空镜\007_莫干山_峡谷瀑布空镜__S_V023_S010.mp4,720,662,2.1,0.772,2026-07-03T14:14:27
D:\Download\素材下载\团建视频\莫干山智能镜头分类,D:\Download\素材下载\团建视频\莫干山智能镜头分类\01_环境空镜\庾村小镇\001_莫干山_庾村小镇__S_V012_S001.mp4,01_环境空镜\庾村小镇\001_莫干山_庾村小镇__S_V012_S001.mp4,720,598,6.8,0.492,2026-07-03T14:14:30
D:\Download\素材下载\团建视频\莫干山智能镜头分类,D:\Download\素材下载\团建视频\莫干山智能镜头分类\01_环境空镜\庾村小镇\002_莫干山_庾村小镇__S_V013_S022.mp4,01_环境空镜\庾村小镇\002_莫干山_庾村小镇__S_V013_S022.mp4,720,616,1.8,0.494,2026-07-03T14:14:32
D:\Download\素材下载\团建视频\莫干山智能镜头分类,D:\Download\素材下载\团建视频\莫干山智能镜头分类\01_环境空镜\庾村小镇\003_莫干山_庾村小镇__S_V013_S023.mp4,01_环境空镜\庾村小镇\003_莫干山_庾村小镇__S_V013_S023.mp4,720,622,0.833,0.119,2026-07-03T14:14:34
D:\Download\素材下载\团建视频\莫干山智能镜头分类,D:\Download\素材下载\团建视频\莫干山智能镜头分类\01_环境空镜\庾村小镇\004_莫干山_庾村小镇__A_V014_S016.mp4,01_环境空镜\庾村小镇\004_莫干山_庾村小镇__A_V014_S016.mp4,2160,1470,3.4,0.949,2026-07-03T14:14:41
D:\Download\素材下载\团建视频\莫干山智能镜头分类,D:\Download\素材下载\团建视频\莫干山智能镜头分类\01_环境空镜\庾村小镇\005_莫干山_庾村小镇__S_V015_S005.mp4,01_环境空镜\庾村小镇\005_莫干山_庾村小镇__S_V015_S005.mp4,720,456,1.367,0.121,2026-07-03T14:14:43
D:\Download\素材下载\团建视频\莫干山智能镜头分类,D:\Download\素材下载\团建视频\莫干山智能镜头分类\01_环境空镜\庾村小镇\006_莫干山_庾村小镇__S_V015_S006.mp4,01_环境空镜\庾村小镇\006_莫干山_庾村小镇__S_V015_S006.mp4,720,572,1.533,0.169,2026-07-03T14:14:45
D:\Download\素材下载\团建视频\莫干山智能镜头分类,D:\Download\素材下载\团建视频\莫干山智能镜头分类\01_环境空镜\庾村小镇\007_莫干山_庾村小镇__S_V015_S013.mp4,01_环境空镜\庾村小镇\007_莫干山_庾村小镇__S_V015_S013.mp4,720,416,1.5,0.088,2026-07-03T14:14:47
D:\Download\素材下载\团建视频\莫干山智能镜头分类,D:\Download\素材下载\团建视频\莫干山智能镜头分类\01_环境空镜\庾村小镇\008_莫干山_庾村小镇__S_V015_S014.mp4,01_环境空镜\庾村小镇\008_莫干山_庾村小镇__S_V015_S014.mp4,720,584,1.533,0.173,2026-07-03T14:14:49
D:\Download\素材下载\团建视频\莫干山智能镜头分类,D:\Download\素材下载\团建视频\莫干山智能镜头分类\01_环境空镜\庾村小镇\009_莫干山_庾村小镇__S_V015_S015.mp4,01_环境空镜\庾村小镇\009_莫干山_庾村小镇__S_V015_S015.mp4,720,452,1.467,0.13,2026-07-03T14:14:51
D:\Download\素材下载\团建视频\莫干山智能镜头分类,D:\Download\素材下载\团建视频\莫干山智能镜头分类\01_环境空镜\庾村小镇\010_莫干山_庾村小镇__S_V018_S022.mp4,01_环境空镜\庾村小镇\010_莫干山_庾村小镇__S_V018_S022.mp4,720,492,2.1,0.27,2026-07-03T14:14:53
D:\Download\素材下载\团建视频\莫干山智能镜头分类,D:\Download\素材下载\团建视频\莫干山智能镜头分类\01_环境空镜\庾村小镇\011_莫干山_庾村小镇__S_V018_S023.mp4,01_环境空镜\庾村小镇\011_莫干山_庾村小镇__S_V018_S023.mp4,720,456,1.633,0.251,2026-07-03T14:14:54
D:\Download\素材下载\团建视频\莫干山智能镜头分类,D:\Download\素材下载\团建视频\莫干山智能镜头分类\01_环境空镜\湖景山水空镜\001_莫干山_湖景山水空镜__S_V006_S026.mp4,01_环境空镜\湖景山水空镜\001_莫干山_湖景山水空镜__S_V006_S026.mp4,720,608,0.9,0.074,2026-07-03T14:14:56
D:\Download\素材下载\团建视频\莫干山智能镜头分类,D:\Download\素材下载\团建视频\莫干山智能镜头分类\01_环境空镜\湖景山水空镜\002_莫干山_湖景山水空镜__S_V022_S012.mp4,01_环境空镜\湖景山水空镜\002_莫干山_湖景山水空镜__S_V022_S012.mp4,720,456,1.867,0.152,2026-07-03T14:14:58
D:\Download\素材下载\团建视频\莫干山智能镜头分类,D:\Download\素材下载\团建视频\莫干山智能镜头分类\01_环境空镜\湖景山水空镜\003_莫干山_湖景山水空镜__S_V024_S027.mp4,01_环境空镜\湖景山水空镜\003_莫干山_湖景山水空镜__S_V024_S027.mp4,720,504,1.4,0.24,2026-07-03T14:15:00
D:\Download\素材下载\团建视频\莫干山智能镜头分类,D:\Download\素材下载\团建视频\莫干山智能镜头分类\01_环境空镜\竹林山景\001_莫干山_竹林山景__S_V010_S010.mp4,01_环境空镜\竹林山景\001_莫干山_竹林山景__S_V010_S010.mp4,720,404,1.8,0.348,2026-07-03T14:15:02
D:\Download\素材下载\团建视频\莫干山智能镜头分类,D:\Download\素材下载\团建视频\莫干山智能镜头分类\01_环境空镜\竹林山景\003_莫干山_竹林山景__S_V015_S001.mp4,01_环境空镜\竹林山景\003_莫干山_竹林山景__S_V015_S001.mp4,720,454,0.833,0.057,2026-07-03T14:15:05
D:\Download\素材下载\团建视频\莫干山智能镜头分类,D:\Download\素材下载\团建视频\莫干山智能镜头分类\01_环境空镜\竹林山景\004_莫干山_竹林山景__S_V022_S002.mp4,01_环境空镜\竹林山景\004_莫干山_竹林山景__S_V022_S002.mp4,720,498,1.0,0.254,2026-07-03T14:15:06
D:\Download\素材下载\团建视频\莫干山智能镜头分类,D:\Download\素材下载\团建视频\莫干山智能镜头分类\01_环境空镜\竹林山景\005_莫干山_竹林山景__S_V022_S011.mp4,01_环境空镜\竹林山景\005_莫干山_竹林山景__S_V022_S011.mp4,720,496,1.333,0.409,2026-07-03T14:15:08
D:\Download\素材下载\团建视频\莫干山智能镜头分类,D:\Download\素材下载\团建视频\莫干山智能镜头分类\01_环境空镜\竹林山景\006_莫干山_竹林山景__S_V022_S027.mp4,01_环境空镜\竹林山景\006_莫干山_竹林山景__S_V022_S027.mp4,720,490,1.567,0.384,2026-07-03T14:15:10
D:\Download\素材下载\团建视频\莫干山智能镜头分类,D:\Download\素材下载\团建视频\莫干山智能镜头分类\01_环境空镜\竹林山景\008_莫干山_竹林山景__S_V024_S028.mp4,01_环境空镜\竹林山景\008_莫干山_竹林山景__S_V024_S028.mp4,720,500,1.8,0.489,2026-07-03T14:15:16
D:\Download\素材下载\团建视频\莫干山智能镜头分类,D:\Download\素材下载\团建视频\莫干山智能镜头分类\01_环境空镜\莫干山天际塔\001_莫干山_莫干山天际塔__S_V006_S034.mp4,01_环境空镜\莫干山天际塔\001_莫干山_莫干山天际塔__S_V006_S034.mp4,720,608,1.367,0.155,2026-07-03T14:15:18
D:\Download\素材下载\团建视频\莫干山智能镜头分类,D:\Download\素材下载\团建视频\莫干山智能镜头分类\01_环境空镜\莫干山天际塔\002_莫干山_莫干山天际塔__S_V011_S015.mp4,01_环境空镜\莫干山天际塔\002_莫干山_莫干山天际塔__S_V011_S015.mp4,720,408,3.167,0.291,2026-07-03T14:15:21
D:\Download\素材下载\团建视频\莫干山智能镜头分类,D:\Download\素材下载\团建视频\莫干山智能镜头分类\01_环境空镜\莫干山天际塔\003_莫干山_莫干山天际塔__S_V011_S020.mp4,01_环境空镜\莫干山天际塔\003_莫干山_莫干山天际塔__S_V011_S020.mp4,720,404,0.8,0.12,2026-07-03T14:15:22
D:\Download\素材下载\团建视频\莫干山智能镜头分类,D:\Download\素材下载\团建视频\莫干山智能镜头分类\01_环境空镜\莫干山天际塔\004_莫干山_莫干山天际塔__S_V011_S021.mp4,01_环境空镜\莫干山天际塔\004_莫干山_莫干山天际塔__S_V011_S021.mp4,720,364,1.033,0.04,2026-07-03T14:15:24
D:\Download\素材下载\团建视频\莫干山智能镜头分类,D:\Download\素材下载\团建视频\莫干山智能镜头分类\01_环境空镜\莫干山天际塔\005_莫干山_莫干山天际塔__S_V011_S022.mp4,01_环境空镜\莫干山天际塔\005_莫干山_莫干山天际塔__S_V011_S022.mp4,720,368,0.9,0.041,2026-07-03T14:15:26
D:\Download\素材下载\团建视频\莫干山智能镜头分类,D:\Download\素材下载\团建视频\莫干山智能镜头分类\01_环境空镜\莫干山天际塔\006_莫干山_莫干山天际塔__S_V011_S023.mp4,01_环境空镜\莫干山天际塔\006_莫干山_莫干山天际塔__S_V011_S023.mp4,720,364,1.0,0.033,2026-07-03T14:15:27
D:\Download\素材下载\团建视频\莫干山智能镜头分类,D:\Download\素材下载\团建视频\莫干山智能镜头分类\01_环境空镜\莫干山天际塔\007_莫干山_莫干山天际塔__A_V011_S024.mp4,01_环境空镜\莫干山天际塔\007_莫干山_莫干山天际塔__A_V011_S024.mp4,720,410,1.3,0.223,2026-07-03T14:15:29
D:\Download\素材下载\团建视频\莫干山智能镜头分类,D:\Download\素材下载\团建视频\莫干山智能镜头分类\01_环境空镜\莫干山天际塔\008_莫干山_莫干山天际塔__S_V011_S026.mp4,01_环境空镜\莫干山天际塔\008_莫干山_莫干山天际塔__S_V011_S026.mp4,720,512,2.0,0.362,2026-07-03T14:15:31
D:\Download\素材下载\团建视频\莫干山智能镜头分类,D:\Download\素材下载\团建视频\莫干山智能镜头分类\01_环境空镜\莫干山天际塔\009_莫干山_莫干山天际塔__S_V018_S004.mp4,01_环境空镜\莫干山天际塔\009_莫干山_莫干山天际塔__S_V018_S004.mp4,720,454,0.967,0.11,2026-07-03T14:15:33
D:\Download\素材下载\团建视频\莫干山智能镜头分类,D:\Download\素材下载\团建视频\莫干山智能镜头分类\01_环境空镜\莫干山天际塔\010_莫干山_莫干山天际塔__S_V018_S005.mp4,01_环境空镜\莫干山天际塔\010_莫干山_莫干山天际塔__S_V018_S005.mp4,720,504,1.0,0.097,2026-07-03T14:15:34
D:\Download\素材下载\团建视频\莫干山智能镜头分类,D:\Download\素材下载\团建视频\莫干山智能镜头分类\01_环境空镜\莫干山天际塔\011_莫干山_莫干山天际塔__S_V023_S013.mp4,01_环境空镜\莫干山天际塔\011_莫干山_莫干山天际塔__S_V023_S013.mp4,720,538,1.3,0.276,2026-07-03T14:15:36
D:\Download\素材下载\团建视频\莫干山智能镜头分类,D:\Download\素材下载\团建视频\莫干山智能镜头分类\01_环境空镜\莫干山天际塔\012_莫干山_莫干山天际塔__S_V024_S003.mp4,01_环境空镜\莫干山天际塔\012_莫干山_莫干山天际塔__S_V024_S003.mp4,720,504,0.933,0.14,2026-07-03T14:15:38
D:\Download\素材下载\团建视频\莫干山智能镜头分类,D:\Download\素材下载\团建视频\莫干山智能镜头分类\01_环境空镜\莫干山天际塔\013_莫干山_莫干山天际塔__S_V024_S005.mp4,01_环境空镜\莫干山天际塔\013_莫干山_莫干山天际塔__S_V024_S005.mp4,720,484,0.667,0.075,2026-07-03T14:15:40
D:\Download\素材下载\团建视频\莫干山智能镜头分类,D:\Download\素材下载\团建视频\莫干山智能镜头分类\01_环境空镜\莫干山天际塔\014_莫干山_莫干山天际塔__S_V024_S006.mp4,01_环境空镜\莫干山天际塔\014_莫干山_莫干山天际塔__S_V024_S006.mp4,720,454,0.967,0.076,2026-07-03T14:15:41
D:\Download\素材下载\团建视频\莫干山智能镜头分类,D:\Download\素材下载\团建视频\莫干山智能镜头分类\01_环境空镜\莫干山天际塔\015_莫干山_莫干山天际塔__S_V024_S016.mp4,01_环境空镜\莫干山天际塔\015_莫干山_莫干山天际塔__S_V024_S016.mp4,720,454,0.767,0.081,2026-07-03T14:15:43
D:\Download\素材下载\团建视频\莫干山智能镜头分类,D:\Download\素材下载\团建视频\莫干山智能镜头分类\01_环境空镜\莫干山天际塔\016_莫干山_莫干山天际塔__S_V024_S042.mp4,01_环境空镜\莫干山天际塔\016_莫干山_莫干山天际塔__S_V024_S042.mp4,720,454,2.167,0.214,2026-07-03T14:15:45
D:\Download\素材下载\团建视频\莫干山智能镜头分类,D:\Download\素材下载\团建视频\莫干山智能镜头分类\01_环境空镜\莫干山风景\001_莫干山_莫干山风景__S_V001_S026.mp4,01_环境空镜\莫干山风景\001_莫干山_莫干山风景__S_V001_S026.mp4,1080,792,2.5,1.067,2026-07-03T14:15:49
D:\Download\素材下载\团建视频\莫干山智能镜头分类,D:\Download\素材下载\团建视频\莫干山智能镜头分类\01_环境空镜\莫干山风景\002_莫干山_莫干山风景__S_V005_S005.mp4,01_环境空镜\莫干山风景\002_莫干山_莫干山风景__S_V005_S005.mp4,720,664,1.6,0.203,2026-07-03T14:15:51
D:\Download\素材下载\团建视频\莫干山智能镜头分类,D:\Download\素材下载\团建视频\莫干山智能镜头分类\01_环境空镜\莫干山风景\003_莫干山_莫干山风景__S_V005_S006.mp4,01_环境空镜\莫干山风景\003_莫干山_莫干山风景__S_V005_S006.mp4,720,564,1.633,0.166,2026-07-03T14:15:53
D:\Download\素材下载\团建视频\莫干山智能镜头分类,D:\Download\素材下载\团建视频\莫干山智能镜头分类\01_环境空镜\莫干山风景\004_莫干山_莫干山风景__S_V006_S005.mp4,01_环境空镜\莫干山风景\004_莫干山_莫干山风景__S_V006_S005.mp4,720,608,2.1,0.129,2026-07-03T14:15:56
D:\Download\素材下载\团建视频\莫干山智能镜头分类,D:\Download\素材下载\团建视频\莫干山智能镜头分类\01_环境空镜\莫干山风景\005_莫干山_莫干山风景__S_V010_S002.mp4,01_环境空镜\莫干山风景\005_莫干山_莫干山风景__S_V010_S002.mp4,720,484,0.933,0.237,2026-07-03T14:15:58
D:\Download\素材下载\团建视频\莫干山智能镜头分类,D:\Download\素材下载\团建视频\莫干山智能镜头分类\01_环境空镜\莫干山风景\006_莫干山_莫干山风景__S_V010_S003.mp4,01_环境空镜\莫干山风景\006_莫干山_莫干山风景__S_V010_S003.mp4,720,504,1.1,0.048,2026-07-03T14:16:00
D:\Download\素材下载\团建视频\莫干山智能镜头分类,D:\Download\素材下载\团建视频\莫干山智能镜头分类\01_环境空镜\莫干山风景\007_莫干山_莫干山风景__S_V011_S006.mp4,01_环境空镜\莫干山风景\007_莫干山_莫干山风景__S_V011_S006.mp4,720,372,5.0,0.458,2026-07-03T14:16:04
D:\Download\素材下载\团建视频\莫干山智能镜头分类,D:\Download\素材下载\团建视频\莫干山智能镜头分类\01_环境空镜\莫干山风景\008_莫干山_莫干山风景__S_V011_S019.mp4,01_环境空镜\莫干山风景\008_莫干山_莫干山风景__S_V011_S019.mp4,720,406,3.6,0.525,2026-07-03T14:16:07
D:\Download\素材下载\团建视频\莫干山智能镜头分类,D:\Download\素材下载\团建视频\莫干山智能镜头分类\01_环境空镜\莫干山风景\009_莫干山_莫干山风景__S_V013_S019.mp4,01_环境空镜\莫干山风景\009_莫干山_莫干山风景__S_V013_S019.mp4,720,610,1.2,0.464,2026-07-03T14:16:09
D:\Download\素材下载\团建视频\莫干山智能镜头分类,D:\Download\素材下载\团建视频\莫干山智能镜头分类\01_环境空镜\莫干山风景\011_莫干山_莫干山风景__S_V014_S001.mp4,01_环境空镜\莫干山风景\011_莫干山_莫干山风景__S_V014_S001.mp4,2160,1366,3.6,1.789,2026-07-03T14:16:18
D:\Download\素材下载\团建视频\莫干山智能镜头分类,D:\Download\素材下载\团建视频\莫干山智能镜头分类\01_环境空镜\莫干山风景\012_莫干山_莫干山风景__S_V014_S002.mp4,01_环境空镜\莫干山风景\012_莫干山_莫干山风景__S_V014_S002.mp4,2160,1366,1.733,0.976,2026-07-03T14:16:22
D:\Download\素材下载\团建视频\莫干山智能镜头分类,D:\Download\素材下载\团建视频\莫干山智能镜头分类\01_环境空镜\莫干山风景\013_莫干山_莫干山风景__A_V014_S003.mp4,01_环境空镜\莫干山风景\013_莫干山_莫干山风景__A_V014_S003.mp4,2160,1374,2.2,0.57,2026-07-03T14:16:27
D:\Download\素材下载\团建视频\莫干山智能镜头分类,D:\Download\素材下载\团建视频\莫干山智能镜头分类\01_环境空镜\莫干山风景\014_莫干山_莫干山风景__A_V014_S004.mp4,01_环境空镜\莫干山风景\014_莫干山_莫干山风景__A_V014_S004.mp4,2160,1370,1.133,0.332,2026-07-03T14:16:30
D:\Download\素材下载\团建视频\莫干山智能镜头分类,D:\Download\素材下载\团建视频\莫干山智能镜头分类\01_环境空镜\莫干山风景\015_莫干山_莫干山风景__S_V015_S002.mp4,01_环境空镜\莫干山风景\015_莫干山_莫干山风景__S_V015_S002.mp4,720,564,1.6,0.084,2026-07-03T14:16:32
D:\Download\素材下载\团建视频\莫干山智能镜头分类,D:\Download\素材下载\团建视频\莫干山智能镜头分类\01_环境空镜\莫干山风景\016_莫干山_莫干山风景__S_V015_S003.mp4,01_环境空镜\莫干山风景\016_莫干山_莫干山风景__S_V015_S003.mp4,720,580,1.6,0.079,2026-07-03T14:16:34
D:\Download\素材下载\团建视频\莫干山智能镜头分类,D:\Download\素材下载\团建视频\莫干山智能镜头分类\01_环境空镜\莫干山风景\017_莫干山_莫干山风景__S_V015_S004.mp4,01_环境空镜\莫干山风景\017_莫干山_莫干山风景__S_V015_S004.mp4,720,528,1.6,0.16,2026-07-03T14:16:36
D:\Download\素材下载\团建视频\莫干山智能镜头分类,D:\Download\素材下载\团建视频\莫干山智能镜头分类\01_环境空镜\莫干山风景\018_莫干山_莫干山风景__S_V015_S007.mp4,01_环境空镜\莫干山风景\018_莫干山_莫干山风景__S_V015_S007.mp4,720,588,1.567,0.063,2026-07-03T14:16:37
D:\Download\素材下载\团建视频\莫干山智能镜头分类,D:\Download\素材下载\团建视频\莫干山智能镜头分类\01_环境空镜\莫干山风景\019_莫干山_莫干山风景__S_V015_S008.mp4,01_环境空镜\莫干山风景\019_莫干山_莫干山风景__S_V015_S008.mp4,720,536,1.5,0.088,2026-07-03T14:16:39
D:\Download\素材下载\团建视频\莫干山智能镜头分类,D:\Download\素材下载\团建视频\莫干山智能镜头分类\01_环境空镜\莫干山风景\020_莫干山_莫干山风景__S_V015_S009.mp4,01_环境空镜\莫干山风景\020_莫干山_莫干山风景__S_V015_S009.mp4,720,504,1.6,0.175,2026-07-03T14:16:41
D:\Download\素材下载\团建视频\莫干山智能镜头分类,D:\Download\素材下载\团建视频\莫干山智能镜头分类\01_环境空镜\莫干山风景\021_莫干山_莫干山风景__S_V015_S010.mp4,01_环境空镜\莫干山风景\021_莫干山_莫干山风景__S_V015_S010.mp4,720,454,1.6,0.032,2026-07-03T14:16:42
D:\Download\素材下载\团建视频\莫干山智能镜头分类,D:\Download\素材下载\团建视频\莫干山智能镜头分类\01_环境空镜\莫干山风景\022_莫干山_莫干山风景__S_V015_S011.mp4,01_环境空镜\莫干山风景\022_莫干山_莫干山风景__S_V015_S011.mp4,720,568,1.5,0.07,2026-07-03T14:16:44
D:\Download\素材下载\团建视频\莫干山智能镜头分类,D:\Download\素材下载\团建视频\莫干山智能镜头分类\01_环境空镜\莫干山风景\023_莫干山_莫干山风景__S_V015_S012.mp4,01_环境空镜\莫干山风景\023_莫干山_莫干山风景__S_V015_S012.mp4,720,412,1.533,0.09,2026-07-03T14:16:45
D:\Download\素材下载\团建视频\莫干山智能镜头分类,D:\Download\素材下载\团建视频\莫干山智能镜头分类\01_环境空镜\莫干山风景\024_莫干山_莫干山风景__S_V018_S001.mp4,01_环境空镜\莫干山风景\024_莫干山_莫干山风景__S_V018_S001.mp4,720,458,1.9,0.177,2026-07-03T14:16:47
D:\Download\素材下载\团建视频\莫干山智能镜头分类,D:\Download\素材下载\团建视频\莫干山智能镜头分类\01_环境空镜\莫干山风景\025_莫干山_莫干山风景__S_V018_S003.mp4,01_环境空镜\莫干山风景\025_莫干山_莫干山风景__S_V018_S003.mp4,720,502,1.8,0.096,2026-07-03T14:16:49
D:\Download\素材下载\团建视频\莫干山智能镜头分类,D:\Download\素材下载\团建视频\莫干山智能镜头分类\01_环境空镜\莫干山风景\026_莫干山_莫干山风景__S_V018_S027.mp4,01_环境空镜\莫干山风景\026_莫干山_莫干山风景__S_V018_S027.mp4,720,506,1.533,0.065,2026-07-03T14:16:50
D:\Download\素材下载\团建视频\莫干山智能镜头分类,D:\Download\素材下载\团建视频\莫干山智能镜头分类\01_环境空镜\莫干山风景\027_莫干山_莫干山风景__S_V023_S002.mp4,01_环境空镜\莫干山风景\027_莫干山_莫干山风景__S_V023_S002.mp4,720,548,1.333,0.175,2026-07-03T14:16:52
D:\Download\素材下载\团建视频\莫干山智能镜头分类,D:\Download\素材下载\团建视频\莫干山智能镜头分类\01_环境空镜\莫干山风景\028_莫干山_莫干山风景__A_V025_S002.mp4,01_环境空镜\莫干山风景\028_莫干山_莫干山风景__A_V025_S002.mp4,1080,708,1.0,0.059,2026-07-03T14:16:53
D:\Download\素材下载\团建视频\莫干山智能镜头分类,D:\Download\素材下载\团建视频\莫干山智能镜头分类\01_环境空镜\莫干山风景俯拍\001_莫干山_莫干山风景俯拍__S_V006_S012.mp4,01_环境空镜\莫干山风景俯拍\001_莫干山_莫干山风景俯拍__S_V006_S012.mp4,720,608,1.1,0.121,2026-07-03T14:16:55
D:\Download\素材下载\团建视频\莫干山智能镜头分类,D:\Download\素材下载\团建视频\莫干山智能镜头分类\01_环境空镜\莫干山风景俯拍\002_莫干山_莫干山风景俯拍__B_V006_S021.mp4,01_环境空镜\莫干山风景俯拍\002_莫干山_莫干山风景俯拍__B_V006_S021.mp4,720,608,1.167,0.102,2026-07-03T14:16:56
D:\Download\素材下载\团建视频\莫干山智能镜头分类,D:\Download\素材下载\团建视频\莫干山智能镜头分类\01_环境空镜\莫干山风景俯拍\003_莫干山_莫干山风景俯拍__S_V011_S005.mp4,01_环境空镜\莫干山风景俯拍\003_莫干山_莫干山风景俯拍__S_V011_S005.mp4,720,336,1.433,0.11,2026-07-03T14:16:58
D:\Download\素材下载\团建视频\莫干山智能镜头分类,D:\Download\素材下载\团建视频\莫干山智能镜头分类\01_环境空镜\莫干山风景俯拍\004_莫干山_莫干山风景俯拍__S_V011_S016.mp4,01_环境空镜\莫干山风景俯拍\004_莫干山_莫干山风景俯拍__S_V011_S016.mp4,720,410,1.367,0.334,2026-07-03T14:17:00
D:\Download\素材下载\团建视频\莫干山智能镜头分类,D:\Download\素材下载\团建视频\莫干山智能镜头分类\01_环境空镜\莫干山风景俯拍\005_莫干山_莫干山风景俯拍__S_V011_S018.mp4,01_环境空镜\莫干山风景俯拍\005_莫干山_莫干山风景俯拍__S_V011_S018.mp4,720,454,2.4,0.511,2026-07-03T14:17:03
D:\Download\素材下载\团建视频\莫干山智能镜头分类,D:\Download\素材下载\团建视频\莫干山智能镜头分类\01_环境空镜\莫干山风景俯拍\006_莫干山_莫干山风景俯拍__S_V023_S023.mp4,01_环境空镜\莫干山风景俯拍\006_莫干山_莫干山风景俯拍__S_V023_S023.mp4,720,644,2.033,0.577,2026-07-03T14:17:05
D:\Download\素材下载\团建视频\莫干山智能镜头分类,D:\Download\素材下载\团建视频\莫干山智能镜头分类\01_环境空镜\莫干山风景俯拍\007_莫干山_莫干山风景俯拍__S_V024_S010.mp4,01_环境空镜\莫干山风景俯拍\007_莫干山_莫干山风景俯拍__S_V024_S010.mp4,720,472,2.2,0.47,2026-07-03T14:17:08
D:\Download\素材下载\团建视频\莫干山智能镜头分类,D:\Download\素材下载\团建视频\莫干山智能镜头分类\01_环境空镜\莫干山风景俯拍\008_莫干山_莫干山风景俯拍__S_V024_S035.mp4,01_环境空镜\莫干山风景俯拍\008_莫干山_莫干山风景俯拍__S_V024_S035.mp4,720,456,0.833,0.083,2026-07-03T14:17:10
D:\Download\素材下载\团建视频\莫干山智能镜头分类,D:\Download\素材下载\团建视频\莫干山智能镜头分类\01_环境空镜\莫干山风景俯拍\009_莫干山_莫干山风景俯拍__S_V024_S036.mp4,01_环境空镜\莫干山风景俯拍\009_莫干山_莫干山风景俯拍__S_V024_S036.mp4,720,456,1.0,0.121,2026-07-03T14:17:11
D:\Download\素材下载\团建视频\莫干山智能镜头分类,D:\Download\素材下载\团建视频\莫干山智能镜头分类\01_环境空镜\莫干山风景俯拍\010_莫干山_莫干山风景俯拍__S_V024_S037.mp4,01_环境空镜\莫干山风景俯拍\010_莫干山_莫干山风景俯拍__S_V024_S037.mp4,720,502,1.2,0.173,2026-07-03T14:17:13
D:\Download\素材下载\团建视频\莫干山智能镜头分类,D:\Download\素材下载\团建视频\莫干山智能镜头分类\01_环境空镜\莫干山风景俯拍\011_莫干山_莫干山风景俯拍__S_V025_S005.mp4,01_环境空镜\莫干山风景俯拍\011_莫干山_莫干山风景俯拍__S_V025_S005.mp4,1080,712,0.933,0.285,2026-07-03T14:17:15
D:\Download\素材下载\团建视频\莫干山智能镜头分类,D:\Download\素材下载\团建视频\莫干山智能镜头分类\01_环境空镜\莫干山风景俯拍\012_莫干山_莫干山风景俯拍__A_V025_S027.mp4,01_环境空镜\莫干山风景俯拍\012_莫干山_莫干山风景俯拍__A_V025_S027.mp4,1080,706,0.8,0.278,2026-07-03T14:17:17
D:\Download\素材下载\团建视频\莫干山智能镜头分类,D:\Download\素材下载\团建视频\莫干山智能镜头分类\02_出发抵达\大巴集合出发\002_莫干山_大巴集合出发__S_V006_S006.mp4,02_出发抵达\大巴集合出发\002_莫干山_大巴集合出发__S_V006_S006.mp4,720,608,1.4,0.074,2026-07-03T14:17:23
D:\Download\素材下载\团建视频\莫干山智能镜头分类,D:\Download\素材下载\团建视频\莫干山智能镜头分类\02_出发抵达\大巴集合出发\004_莫干山_大巴集合出发__S_V016_S002.mp4,02_出发抵达\大巴集合出发\004_莫干山_大巴集合出发__S_V016_S002.mp4,1080,1068,2.567,1.202,2026-07-03T14:17:33
D:\Download\素材下载\团建视频\莫干山智能镜头分类,D:\Download\素材下载\团建视频\莫干山智能镜头分类\02_出发抵达\大巴集合出发\005_莫干山_大巴集合出发__S_V016_S011.mp4,02_出发抵达\大巴集合出发\005_莫干山_大巴集合出发__S_V016_S011.mp4,1080,820,3.233,1.078,2026-07-03T14:17:37
D:\Download\素材下载\团建视频\莫干山智能镜头分类,D:\Download\素材下载\团建视频\莫干山智能镜头分类\02_出发抵达\大巴集合出发\006_莫干山_大巴集合出发__S_V016_S012.mp4,02_出发抵达\大巴集合出发\006_莫干山_大巴集合出发__S_V016_S012.mp4,1080,912,1.167,0.313,2026-07-03T14:17:39
D:\Download\素材下载\团建视频\莫干山智能镜头分类,D:\Download\素材下载\团建视频\莫干山智能镜头分类\02_出发抵达\大巴集合出发\007_莫干山_大巴集合出发__S_V016_S013.mp4,02_出发抵达\大巴集合出发\007_莫干山_大巴集合出发__S_V016_S013.mp4,1080,1066,1.8,0.895,2026-07-03T14:17:42
D:\Download\素材下载\团建视频\莫干山智能镜头分类,D:\Download\素材下载\团建视频\莫干山智能镜头分类\02_出发抵达\大巴集合出发\008_莫干山_大巴集合出发__S_V016_S014.mp4,02_出发抵达\大巴集合出发\008_莫干山_大巴集合出发__S_V016_S014.mp4,1080,1056,2.2,1.615,2026-07-03T14:17:45
D:\Download\素材下载\团建视频\莫干山智能镜头分类,D:\Download\素材下载\团建视频\莫干山智能镜头分类\02_出发抵达\大巴集合出发\009_莫干山_大巴集合出发__A_V016_S053.mp4,02_出发抵达\大巴集合出发\009_莫干山_大巴集合出发__A_V016_S053.mp4,1080,844,2.567,1.227,2026-07-03T14:17:50
D:\Download\素材下载\团建视频\莫干山智能镜头分类,D:\Download\素材下载\团建视频\莫干山智能镜头分类\02_出发抵达\大巴集合出发\011_莫干山_大巴集合出发__S_V023_S009.mp4,02_出发抵达\大巴集合出发\011_莫干山_大巴集合出发__S_V023_S009.mp4,720,548,1.8,0.424,2026-07-03T14:17:54
D:\Download\素材下载\团建视频\莫干山智能镜头分类,D:\Download\素材下载\团建视频\莫干山智能镜头分类\02_出发抵达\山路抵达\001_莫干山_山路抵达__S_V001_S012.mp4,02_出发抵达\山路抵达\001_莫干山_山路抵达__S_V001_S012.mp4,1080,1076,2.267,1.419,2026-07-03T14:17:58
D:\Download\素材下载\团建视频\莫干山智能镜头分类,D:\Download\素材下载\团建视频\莫干山智能镜头分类\02_出发抵达\山路抵达\002_莫干山_山路抵达__S_V006_S004.mp4,02_出发抵达\山路抵达\002_莫干山_山路抵达__S_V006_S004.mp4,720,608,0.833,0.11,2026-07-03T14:18:00
D:\Download\素材下载\团建视频\莫干山智能镜头分类,D:\Download\素材下载\团建视频\莫干山智能镜头分类\02_出发抵达\山路抵达\003_莫干山_山路抵达__S_V013_S007.mp4,02_出发抵达\山路抵达\003_莫干山_山路抵达__S_V013_S007.mp4,720,608,2.0,0.152,2026-07-03T14:18:02
D:\Download\素材下载\团建视频\莫干山智能镜头分类,D:\Download\素材下载\团建视频\莫干山智能镜头分类\03_住宿空间\别墅KTV棋牌室\002_莫干山_别墅KTV棋牌室__B_V014_S021.mp4,03_住宿空间\别墅KTV棋牌室\002_莫干山_别墅KTV棋牌室__B_V014_S021.mp4,2160,1438,1.567,0.385,2026-07-03T14:18:08
D:\Download\素材下载\团建视频\莫干山智能镜头分类,D:\Download\素材下载\团建视频\莫干山智能镜头分类\03_住宿空间\别墅KTV棋牌室\003_莫干山_别墅KTV棋牌室__S_V022_S021.mp4,03_住宿空间\别墅KTV棋牌室\003_莫干山_别墅KTV棋牌室__S_V022_S021.mp4,720,496,2.167,0.084,2026-07-03T14:18:10
D:\Download\素材下载\团建视频\莫干山智能镜头分类,D:\Download\素材下载\团建视频\莫干山智能镜头分类\03_住宿空间\民宿外观\001_莫干山_民宿外观__S_V005_S008.mp4,03_住宿空间\民宿外观\001_莫干山_民宿外观__S_V005_S008.mp4,720,640,2.1,1.023,2026-07-03T14:18:13
D:\Download\素材下载\团建视频\莫干山智能镜头分类,D:\Download\素材下载\团建视频\莫干山智能镜头分类\03_住宿空间\民宿外观\002_莫干山_民宿外观__S_V006_S007.mp4,03_住宿空间\民宿外观\002_莫干山_民宿外观__S_V006_S007.mp4,720,608,2.033,0.176,2026-07-03T14:18:15
D:\Download\素材下载\团建视频\莫干山智能镜头分类,D:\Download\素材下载\团建视频\莫干山智能镜头分类\03_住宿空间\民宿外观\003_莫干山_民宿外观__S_V007_S001.mp4,03_住宿空间\民宿外观\003_莫干山_民宿外观__S_V007_S001.mp4,720,718,1.733,0.789,2026-07-03T14:18:17
D:\Download\素材下载\团建视频\莫干山智能镜头分类,D:\Download\素材下载\团建视频\莫干山智能镜头分类\03_住宿空间\民宿外观\004_莫干山_民宿外观__S_V007_S003.mp4,03_住宿空间\民宿外观\004_莫干山_民宿外观__S_V007_S003.mp4,720,616,2.6,0.821,2026-07-03T14:18:20
D:\Download\素材下载\团建视频\莫干山智能镜头分类,D:\Download\素材下载\团建视频\莫干山智能镜头分类\03_住宿空间\民宿外观\005_莫干山_民宿外观__B_V014_S005.mp4,03_住宿空间\民宿外观\005_莫干山_民宿外观__B_V014_S005.mp4,2160,1366,1.1,0.494,2026-07-03T14:18:23
D:\Download\素材下载\团建视频\莫干山智能镜头分类,D:\Download\素材下载\团建视频\莫干山智能镜头分类\03_住宿空间\民宿外观\006_莫干山_民宿外观__S_V018_S006.mp4,03_住宿空间\民宿外观\006_莫干山_民宿外观__S_V018_S006.mp4,720,454,2.0,0.208,2026-07-03T14:18:25
D:\Download\素材下载\团建视频\莫干山智能镜头分类,D:\Download\素材下载\团建视频\莫干山智能镜头分类\03_住宿空间\民宿外观\007_莫干山_民宿外观__S_V022_S008.mp4,03_住宿空间\民宿外观\007_莫干山_民宿外观__S_V022_S008.mp4,720,454,1.0,0.142,2026-07-03T14:18:27
D:\Download\素材下载\团建视频\莫干山智能镜头分类,D:\Download\素材下载\团建视频\莫干山智能镜头分类\03_住宿空间\民宿外观\008_莫干山_民宿外观__S_V022_S009.mp4,03_住宿空间\民宿外观\008_莫干山_民宿外观__S_V022_S009.mp4,720,454,1.4,0.178,2026-07-03T14:18:28
D:\Download\素材下载\团建视频\莫干山智能镜头分类,D:\Download\素材下载\团建视频\莫干山智能镜头分类\03_住宿空间\民宿外观\009_莫干山_民宿外观__S_V022_S025.mp4,03_住宿空间\民宿外观\009_莫干山_民宿外观__S_V022_S025.mp4,720,530,2.0,0.302,2026-07-03T14:18:31
D:\Download\素材下载\团建视频\莫干山智能镜头分类,D:\Download\素材下载\团建视频\莫干山智能镜头分类\03_住宿空间\民宿外观\010_莫干山_民宿外观__S_V025_S003.mp4,03_住宿空间\民宿外观\010_莫干山_民宿外观__S_V025_S003.mp4,1080,636,0.933,0.265,2026-07-03T14:18:33
D:\Download\素材下载\团建视频\莫干山智能镜头分类,D:\Download\素材下载\团建视频\莫干山智能镜头分类\03_住宿空间\民宿庭院\002_莫干山_民宿庭院__S_V016_S040.mp4,03_住宿空间\民宿庭院\002_莫干山_民宿庭院__S_V016_S040.mp4,1080,762,2.733,0.482,2026-07-03T14:18:39
D:\Download\素材下载\团建视频\莫干山智能镜头分类,D:\Download\素材下载\团建视频\莫干山智能镜头分类\03_住宿空间\民宿泳池\001_莫干山_民宿泳池__S_V005_S010.mp4,03_住宿空间\民宿泳池\001_莫干山_民宿泳池__S_V005_S010.mp4,720,680,1.333,0.192,2026-07-03T14:18:40
D:\Download\素材下载\团建视频\莫干山智能镜头分类,D:\Download\素材下载\团建视频\莫干山智能镜头分类\03_住宿空间\民宿泳池\002_莫干山_民宿泳池__S_V005_S011.mp4,03_住宿空间\民宿泳池\002_莫干山_民宿泳池__S_V005_S011.mp4,720,530,1.2,0.325,2026-07-03T14:18:42
D:\Download\素材下载\团建视频\莫干山智能镜头分类,D:\Download\素材下载\团建视频\莫干山智能镜头分类\03_住宿空间\民宿泳池\003_莫干山_民宿泳池__S_V006_S028.mp4,03_住宿空间\民宿泳池\003_莫干山_民宿泳池__S_V006_S028.mp4,720,608,1.567,0.083,2026-07-03T14:18:44
D:\Download\素材下载\团建视频\莫干山智能镜头分类,D:\Download\素材下载\团建视频\莫干山智能镜头分类\03_住宿空间\湖景露台\001_莫干山_湖景露台__B_V014_S022.mp4,03_住宿空间\湖景露台\001_莫干山_湖景露台__B_V014_S022.mp4,2160,1442,1.6,0.536,2026-07-03T14:18:47
D:\Download\素材下载\团建视频\莫干山智能镜头分类,D:\Download\素材下载\团建视频\莫干山智能镜头分类\03_住宿空间\酒店民宿房间\003_莫干山_酒店民宿房间__S_V006_S027_待人工确认.mp4,03_住宿空间\酒店民宿房间\003_莫干山_酒店民宿房间__S_V006_S027_待人工确认.mp4,720,608,1.633,0.09,2026-07-03T14:18:54
D:\Download\素材下载\团建视频\莫干山智能镜头分类,D:\Download\素材下载\团建视频\莫干山智能镜头分类\03_住宿空间\酒店民宿房间\006_莫干山_酒店民宿房间__S_V007_S016.mp4,03_住宿空间\酒店民宿房间\006_莫干山_酒店民宿房间__S_V007_S016.mp4,720,614,1.833,0.255,2026-07-03T14:18:59
D:\Download\素材下载\团建视频\莫干山智能镜头分类,D:\Download\素材下载\团建视频\莫干山智能镜头分类\03_住宿空间\酒店民宿房间\007_莫干山_酒店民宿房间__S_V007_S017_待人工确认.mp4,03_住宿空间\酒店民宿房间\007_莫干山_酒店民宿房间__S_V007_S017_待人工确认.mp4,720,712,1.167,0.204,2026-07-03T14:19:01
D:\Download\素材下载\团建视频\莫干山智能镜头分类,D:\Download\素材下载\团建视频\莫干山智能镜头分类\03_住宿空间\酒店民宿房间\009_莫干山_酒店民宿房间__S_V010_S008.mp4,03_住宿空间\酒店民宿房间\009_莫干山_酒店民宿房间__S_V010_S008.mp4,720,464,1.1,0.122,2026-07-03T14:19:06
D:\Download\素材下载\团建视频\莫干山智能镜头分类,D:\Download\素材下载\团建视频\莫干山智能镜头分类\03_住宿空间\酒店民宿房间\010_莫干山_酒店民宿房间__S_V010_S009.mp4,03_住宿空间\酒店民宿房间\010_莫干山_酒店民宿房间__S_V010_S009.mp4,720,402,0.833,0.128,2026-07-03T14:19:07
D:\Download\素材下载\团建视频\莫干山智能镜头分类,D:\Download\素材下载\团建视频\莫干山智能镜头分类\03_住宿空间\酒店民宿房间\011_莫干山_酒店民宿房间__S_V013_S024.mp4,03_住宿空间\酒店民宿房间\011_莫干山_酒店民宿房间__S_V013_S024.mp4,720,632,1.2,0.445,2026-07-03T14:19:09
D:\Download\素材下载\团建视频\莫干山智能镜头分类,D:\Download\素材下载\团建视频\莫干山智能镜头分类\03_住宿空间\酒店民宿房间\014_莫干山_酒店民宿房间__A_V014_S023_待人工确认.mp4,03_住宿空间\酒店民宿房间\014_莫干山_酒店民宿房间__A_V014_S023_待人工确认.mp4,2160,1434,1.0,0.373,2026-07-03T14:19:16
D:\Download\素材下载\团建视频\莫干山智能镜头分类,D:\Download\素材下载\团建视频\莫干山智能镜头分类\03_住宿空间\酒店民宿房间\015_莫干山_酒店民宿房间__A_V014_S024_待人工确认.mp4,03_住宿空间\酒店民宿房间\015_莫干山_酒店民宿房间__A_V014_S024_待人工确认.mp4,2160,1074,1.133,0.242,2026-07-03T14:19:19
D:\Download\素材下载\团建视频\莫干山智能镜头分类,D:\Download\素材下载\团建视频\莫干山智能镜头分类\03_住宿空间\酒店民宿房间\016_莫干山_酒店民宿房间__S_V016_S041.mp4,03_住宿空间\酒店民宿房间\016_莫干山_酒店民宿房间__S_V016_S041.mp4,1080,1076,1.367,0.506,2026-07-03T14:19:21
D:\Download\素材下载\团建视频\莫干山智能镜头分类,D:\Download\素材下载\团建视频\莫干山智能镜头分类\03_住宿空间\酒店民宿房间\017_莫干山_酒店民宿房间__S_V016_S042.mp4,03_住宿空间\酒店民宿房间\017_莫干山_酒店民宿房间__S_V016_S042.mp4,1080,942,1.233,0.56,2026-07-03T14:19:23
D:\Download\素材下载\团建视频\莫干山智能镜头分类,D:\Download\素材下载\团建视频\莫干山智能镜头分类\03_住宿空间\酒店民宿房间\019_莫干山_酒店民宿房间__S_V021_S007_待人工确认.mp4,03_住宿空间\酒店民宿房间\019_莫干山_酒店民宿房间__S_V021_S007_待人工确认.mp4,720,702,2.2,0.295,2026-07-03T14:19:27
D:\Download\素材下载\团建视频\莫干山智能镜头分类,D:\Download\素材下载\团建视频\莫干山智能镜头分类\03_住宿空间\酒店民宿房间\020_莫干山_酒店民宿房间__S_V023_S030.mp4,03_住宿空间\酒店民宿房间\020_莫干山_酒店民宿房间__S_V023_S030.mp4,720,620,1.0,0.07,2026-07-03T14:19:29
D:\Download\素材下载\团建视频\莫干山智能镜头分类,D:\Download\素材下载\团建视频\莫干山智能镜头分类\03_住宿空间\酒店民宿房间\021_莫干山_酒店民宿房间__S_V023_S031.mp4,03_住宿空间\酒店民宿房间\021_莫干山_酒店民宿房间__S_V023_S031.mp4,720,548,0.6,0.14,2026-07-03T14:19:31
D:\Download\素材下载\团建视频\莫干山智能镜头分类,D:\Download\素材下载\团建视频\莫干山智能镜头分类\03_住宿空间\酒店民宿房间\022_莫干山_酒店民宿房间__S_V023_S032.mp4,03_住宿空间\酒店民宿房间\022_莫干山_酒店民宿房间__S_V023_S032.mp4,720,468,1.367,0.327,2026-07-03T14:19:33
D:\Download\素材下载\团建视频\莫干山智能镜头分类,D:\Download\素材下载\团建视频\莫干山智能镜头分类\03_住宿空间\酒店民宿房间\023_莫干山_酒店民宿房间__S_V025_S006.mp4,03_住宿空间\酒店民宿房间\023_莫干山_酒店民宿房间__S_V025_S006.mp4,1080,714,0.567,0.11,2026-07-03T14:19:35
D:\Download\素材下载\团建视频\莫干山智能镜头分类,D:\Download\素材下载\团建视频\莫干山智能镜头分类\03_住宿空间\酒店民宿房间\024_莫干山_酒店民宿房间__S_V025_S007.mp4,03_住宿空间\酒店民宿房间\024_莫干山_酒店民宿房间__S_V025_S007.mp4,1080,710,0.533,0.106,2026-07-03T14:19:37
D:\Download\素材下载\团建视频\莫干山智能镜头分类,D:\Download\素材下载\团建视频\莫干山智能镜头分类\03_住宿空间\酒店民宿房间\025_莫干山_酒店民宿房间__S_V025_S008.mp4,03_住宿空间\酒店民宿房间\025_莫干山_酒店民宿房间__S_V025_S008.mp4,1080,664,0.4,0.065,2026-07-03T14:19:38
D:\Download\素材下载\团建视频\莫干山智能镜头分类,D:\Download\素材下载\团建视频\莫干山智能镜头分类\04_餐饮美食\下午茶点\001_莫干山_下午茶点__S_V007_S008.mp4,04_餐饮美食\下午茶点\001_莫干山_下午茶点__S_V007_S008.mp4,720,638,1.233,0.313,2026-07-03T14:19:40
D:\Download\素材下载\团建视频\莫干山智能镜头分类,D:\Download\素材下载\团建视频\莫干山智能镜头分类\04_餐饮美食\下午茶点\002_莫干山_下午茶点__S_V010_S026.mp4,04_餐饮美食\下午茶点\002_莫干山_下午茶点__S_V010_S026.mp4,720,342,1.8,0.213,2026-07-03T14:19:42
D:\Download\素材下载\团建视频\莫干山智能镜头分类,D:\Download\素材下载\团建视频\莫干山智能镜头分类\04_餐饮美食\下午茶点\003_莫干山_下午茶点__S_V013_S005.mp4,04_餐饮美食\下午茶点\003_莫干山_下午茶点__S_V013_S005.mp4,720,610,2.033,0.574,2026-07-03T14:19:44
D:\Download\素材下载\团建视频\莫干山智能镜头分类,D:\Download\素材下载\团建视频\莫干山智能镜头分类\04_餐饮美食\下午茶点\004_莫干山_下午茶点__S_V013_S027.mp4,04_餐饮美食\下午茶点\004_莫干山_下午茶点__S_V013_S027.mp4,720,630,0.9,0.242,2026-07-03T14:19:46
D:\Download\素材下载\团建视频\莫干山智能镜头分类,D:\Download\素材下载\团建视频\莫干山智能镜头分类\04_餐饮美食\下午茶点\005_莫干山_下午茶点__A_V014_S018.mp4,04_餐饮美食\下午茶点\005_莫干山_下午茶点__A_V014_S018.mp4,2160,1018,1.3,0.599,2026-07-03T14:19:49
D:\Download\素材下载\团建视频\莫干山智能镜头分类,D:\Download\素材下载\团建视频\莫干山智能镜头分类\04_餐饮美食\下午茶点\006_莫干山_下午茶点__A_V014_S019.mp4,04_餐饮美食\下午茶点\006_莫干山_下午茶点__A_V014_S019.mp4,2160,1366,0.9,0.378,2026-07-03T14:19:52
D:\Download\素材下载\团建视频\莫干山智能镜头分类,D:\Download\素材下载\团建视频\莫干山智能镜头分类\04_餐饮美食\农家菜\002_莫干山_农家菜__S_V001_S034.mp4,04_餐饮美食\农家菜\002_莫干山_农家菜__S_V001_S034.mp4,1080,778,2.4,1.043,2026-07-03T14:19:59
D:\Download\素材下载\团建视频\莫干山智能镜头分类,D:\Download\素材下载\团建视频\莫干山智能镜头分类\04_餐饮美食\农家菜\005_莫干山_农家菜__S_V005_S012.mp4,04_餐饮美食\农家菜\005_莫干山_农家菜__S_V005_S012.mp4,720,578,2.2,0.767,2026-07-03T14:20:06
D:\Download\素材下载\团建视频\莫干山智能镜头分类,D:\Download\素材下载\团建视频\莫干山智能镜头分类\04_餐饮美食\农家菜\006_莫干山_农家菜__S_V005_S013.mp4,04_餐饮美食\农家菜\006_莫干山_农家菜__S_V005_S013.mp4,720,616,3.8,0.875,2026-07-03T14:20:09
D:\Download\素材下载\团建视频\莫干山智能镜头分类,D:\Download\素材下载\团建视频\莫干山智能镜头分类\04_餐饮美食\农家菜\007_莫干山_农家菜__S_V005_S014.mp4,04_餐饮美食\农家菜\007_莫干山_农家菜__S_V005_S014.mp4,720,520,1.433,0.485,2026-07-03T14:20:12
D:\Download\素材下载\团建视频\莫干山智能镜头分类,D:\Download\素材下载\团建视频\莫干山智能镜头分类\04_餐饮美食\农家菜\008_莫干山_农家菜__S_V005_S044.mp4,04_餐饮美食\农家菜\008_莫干山_农家菜__S_V005_S044.mp4,720,660,2.267,0.478,2026-07-03T14:20:17
D:\Download\素材下载\团建视频\莫干山智能镜头分类,D:\Download\素材下载\团建视频\莫干山智能镜头分类\04_餐饮美食\农家菜\009_莫干山_农家菜__A_V006_S029.mp4,04_餐饮美食\农家菜\009_莫干山_农家菜__A_V006_S029.mp4,720,634,1.733,0.214,2026-07-03T14:20:19
D:\Download\素材下载\团建视频\莫干山智能镜头分类,D:\Download\素材下载\团建视频\莫干山智能镜头分类\04_餐饮美食\农家菜\010_莫干山_农家菜__S_V006_S030.mp4,04_餐饮美食\农家菜\010_莫干山_农家菜__S_V006_S030.mp4,720,608,0.8,0.058,2026-07-03T14:20:20
D:\Download\素材下载\团建视频\莫干山智能镜头分类,D:\Download\素材下载\团建视频\莫干山智能镜头分类\04_餐饮美食\农家菜\011_莫干山_农家菜__S_V010_S011.mp4,04_餐饮美食\农家菜\011_莫干山_农家菜__S_V010_S011.mp4,720,456,1.6,0.11,2026-07-03T14:20:22
D:\Download\素材下载\团建视频\莫干山智能镜头分类,D:\Download\素材下载\团建视频\莫干山智能镜头分类\04_餐饮美食\农家菜\012_莫干山_农家菜__S_V010_S012.mp4,04_餐饮美食\农家菜\012_莫干山_农家菜__S_V010_S012.mp4,720,454,1.7,0.142,2026-07-03T14:20:24
D:\Download\素材下载\团建视频\莫干山智能镜头分类,D:\Download\素材下载\团建视频\莫干山智能镜头分类\04_餐饮美食\农家菜\013_莫干山_农家菜__S_V010_S025.mp4,04_餐饮美食\农家菜\013_莫干山_农家菜__S_V010_S025.mp4,720,424,1.1,0.14,2026-07-03T14:20:25
D:\Download\素材下载\团建视频\莫干山智能镜头分类,D:\Download\素材下载\团建视频\莫干山智能镜头分类\04_餐饮美食\农家菜\014_莫干山_农家菜__S_V010_S027.mp4,04_餐饮美食\农家菜\014_莫干山_农家菜__S_V010_S027.mp4,720,496,4.433,0.453,2026-07-03T14:20:29
D:\Download\素材下载\团建视频\莫干山智能镜头分类,D:\Download\素材下载\团建视频\莫干山智能镜头分类\04_餐饮美食\农家菜\015_莫干山_农家菜__S_V013_S009.mp4,04_餐饮美食\农家菜\015_莫干山_农家菜__S_V013_S009.mp4,720,572,1.2,0.351,2026-07-03T14:20:31
D:\Download\素材下载\团建视频\莫干山智能镜头分类,D:\Download\素材下载\团建视频\莫干山智能镜头分类\04_餐饮美食\农家菜\016_莫干山_农家菜__S_V013_S021.mp4,04_餐饮美食\农家菜\016_莫干山_农家菜__S_V013_S021.mp4,720,710,1.333,0.307,2026-07-03T14:20:33
D:\Download\素材下载\团建视频\莫干山智能镜头分类,D:\Download\素材下载\团建视频\莫干山智能镜头分类\04_餐饮美食\农家菜\017_莫干山_农家菜__S_V016_S015.mp4,04_餐饮美食\农家菜\017_莫干山_农家菜__S_V016_S015.mp4,1080,1056,2.9,2.621,2026-07-03T14:20:37
D:\Download\素材下载\团建视频\莫干山智能镜头分类,D:\Download\素材下载\团建视频\莫干山智能镜头分类\04_餐饮美食\农家菜\018_莫干山_农家菜__S_V016_S018.mp4,04_餐饮美食\农家菜\018_莫干山_农家菜__S_V016_S018.mp4,1080,912,1.3,0.639,2026-07-03T14:20:40
D:\Download\素材下载\团建视频\莫干山智能镜头分类,D:\Download\素材下载\团建视频\莫干山智能镜头分类\04_餐饮美食\农家菜\019_莫干山_农家菜__S_V016_S019.mp4,04_餐饮美食\农家菜\019_莫干山_农家菜__S_V016_S019.mp4,1080,672,1.133,0.413,2026-07-03T14:20:42
D:\Download\素材下载\团建视频\莫干山智能镜头分类,D:\Download\素材下载\团建视频\莫干山智能镜头分类\04_餐饮美食\农家菜\020_莫干山_农家菜__S_V016_S020.mp4,04_餐饮美食\农家菜\020_莫干山_农家菜__S_V016_S020.mp4,1080,918,3.2,1.852,2026-07-03T14:20:46
D:\Download\素材下载\团建视频\莫干山智能镜头分类,D:\Download\素材下载\团建视频\莫干山智能镜头分类\04_餐饮美食\农家菜\021_莫干山_农家菜__S_V016_S047.mp4,04_餐饮美食\农家菜\021_莫干山_农家菜__S_V016_S047.mp4,1080,704,1.9,0.585,2026-07-03T14:20:51
D:\Download\素材下载\团建视频\莫干山智能镜头分类,D:\Download\素材下载\团建视频\莫干山智能镜头分类\04_餐饮美食\农家菜\022_莫干山_农家菜__S_V016_S052.mp4,04_餐饮美食\农家菜\022_莫干山_农家菜__S_V016_S052.mp4,1080,910,4.7,2.424,2026-07-03T14:21:00
D:\Download\素材下载\团建视频\莫干山智能镜头分类,D:\Download\素材下载\团建视频\莫干山智能镜头分类\04_餐饮美食\农家菜\023_莫干山_农家菜__S_V018_S012.mp4,04_餐饮美食\农家菜\023_莫干山_农家菜__S_V018_S012.mp4,720,456,2.167,0.274,2026-07-03T14:21:03
D:\Download\素材下载\团建视频\莫干山智能镜头分类,D:\Download\素材下载\团建视频\莫干山智能镜头分类\04_餐饮美食\农家菜\024_莫干山_农家菜__S_V021_S010.mp4,04_餐饮美食\农家菜\024_莫干山_农家菜__S_V021_S010.mp4,720,640,1.9,0.559,2026-07-03T14:21:05
D:\Download\素材下载\团建视频\莫干山智能镜头分类,D:\Download\素材下载\团建视频\莫干山智能镜头分类\04_餐饮美食\农家菜\025_莫干山_农家菜__S_V021_S011.mp4,04_餐饮美食\农家菜\025_莫干山_农家菜__S_V021_S011.mp4,720,602,1.733,0.497,2026-07-03T14:21:06
D:\Download\素材下载\团建视频\莫干山智能镜头分类,D:\Download\素材下载\团建视频\莫干山智能镜头分类\04_餐饮美食\农家菜\026_莫干山_农家菜__S_V021_S012.mp4,04_餐饮美食\农家菜\026_莫干山_农家菜__S_V021_S012.mp4,720,526,1.3,0.346,2026-07-03T14:21:08
D:\Download\素材下载\团建视频\莫干山智能镜头分类,D:\Download\素材下载\团建视频\莫干山智能镜头分类\04_餐饮美食\农家菜\027_莫干山_农家菜__S_V021_S013.mp4,04_餐饮美食\农家菜\027_莫干山_农家菜__S_V021_S013.mp4,720,528,1.133,0.228,2026-07-03T14:21:10
D:\Download\素材下载\团建视频\莫干山智能镜头分类,D:\Download\素材下载\团建视频\莫干山智能镜头分类\04_餐饮美食\农家菜\029_莫干山_农家菜__S_V021_S038.mp4,04_餐饮美食\农家菜\029_莫干山_农家菜__S_V021_S038.mp4,720,532,2.2,0.557,2026-07-03T14:21:14
D:\Download\素材下载\团建视频\莫干山智能镜头分类,D:\Download\素材下载\团建视频\莫干山智能镜头分类\04_餐饮美食\农家菜\030_莫干山_农家菜__S_V021_S039.mp4,04_餐饮美食\农家菜\030_莫干山_农家菜__S_V021_S039.mp4,720,552,1.767,0.7,2026-07-03T14:21:17
D:\Download\素材下载\团建视频\莫干山智能镜头分类,D:\Download\素材下载\团建视频\莫干山智能镜头分类\04_餐饮美食\农家菜\031_莫干山_农家菜__S_V022_S026.mp4,04_餐饮美食\农家菜\031_莫干山_农家菜__S_V022_S026.mp4,720,484,2.267,0.379,2026-07-03T14:21:19
D:\Download\素材下载\团建视频\莫干山智能镜头分类,D:\Download\素材下载\团建视频\莫干山智能镜头分类\04_餐饮美食\农家菜\032_莫干山_农家菜__S_V023_S011.mp4,04_餐饮美食\农家菜\032_莫干山_农家菜__S_V023_S011.mp4,720,448,2.7,1.003,2026-07-03T14:21:22
D:\Download\素材下载\团建视频\莫干山智能镜头分类,D:\Download\素材下载\团建视频\莫干山智能镜头分类\04_餐饮美食\农家菜\033_莫干山_农家菜__S_V023_S038.mp4,04_餐饮美食\农家菜\033_莫干山_农家菜__S_V023_S038.mp4,720,580,2.8,0.9,2026-07-03T14:21:25
D:\Download\素材下载\团建视频\莫干山智能镜头分类,D:\Download\素材下载\团建视频\莫干山智能镜头分类\04_餐饮美食\农家菜\035_莫干山_农家菜__S_V025_S009.mp4,04_餐饮美食\农家菜\035_莫干山_农家菜__S_V025_S009.mp4,1080,706,2.3,0.496,2026-07-03T14:21:30
D:\Download\素材下载\团建视频\莫干山智能镜头分类,D:\Download\素材下载\团建视频\莫干山智能镜头分类\04_餐饮美食\农家菜\036_莫干山_农家菜__S_V025_S010.mp4,04_餐饮美食\农家菜\036_莫干山_农家菜__S_V025_S010.mp4,1080,760,1.233,0.233,2026-07-03T14:21:32
D:\Download\素材下载\团建视频\莫干山智能镜头分类,D:\Download\素材下载\团建视频\莫干山智能镜头分类\04_餐饮美食\农家菜\037_莫干山_农家菜__S_V025_S011.mp4,04_餐饮美食\农家菜\037_莫干山_农家菜__S_V025_S011.mp4,1080,504,4.233,1.218,2026-07-03T14:21:36
D:\Download\素材下载\团建视频\莫干山智能镜头分类,D:\Download\素材下载\团建视频\莫干山智能镜头分类\04_餐饮美食\农家菜\038_莫干山_农家菜__S_V025_S026.mp4,04_餐饮美食\农家菜\038_莫干山_农家菜__S_V025_S026.mp4,1080,708,5.6,2.055,2026-07-03T14:21:41
D:\Download\素材下载\团建视频\莫干山智能镜头分类,D:\Download\素材下载\团建视频\莫干山智能镜头分类\04_餐饮美食\早餐\001_莫干山_早餐__S_V007_S018.mp4,04_餐饮美食\早餐\001_莫干山_早餐__S_V007_S018.mp4,720,594,1.533,0.28,2026-07-03T14:21:43
D:\Download\素材下载\团建视频\莫干山智能镜头分类,D:\Download\素材下载\团建视频\莫干山智能镜头分类\04_餐饮美食\早餐\003_莫干山_早餐__S_V021_S031.mp4,04_餐饮美食\早餐\003_莫干山_早餐__S_V021_S031.mp4,720,664,2.1,0.575,2026-07-03T14:21:47
D:\Download\素材下载\团建视频\莫干山智能镜头分类,D:\Download\素材下载\团建视频\莫干山智能镜头分类\04_餐饮美食\早餐\004_莫干山_早餐__S_V025_S023.mp4,04_餐饮美食\早餐\004_莫干山_早餐__S_V025_S023.mp4,1080,746,4.633,1.388,2026-07-03T14:21:51
D:\Download\素材下载\团建视频\莫干山智能镜头分类,D:\Download\素材下载\团建视频\莫干山智能镜头分类\04_餐饮美食\早餐\005_莫干山_早餐__S_V025_S037.mp4,04_餐饮美食\早餐\005_莫干山_早餐__S_V025_S037.mp4,1080,706,0.933,0.14,2026-07-03T14:21:52
D:\Download\素材下载\团建视频\莫干山智能镜头分类,D:\Download\素材下载\团建视频\莫干山智能镜头分类\04_餐饮美食\水果饮品\001_莫干山_水果饮品__A_V016_S016.mp4,04_餐饮美食\水果饮品\001_莫干山_水果饮品__A_V016_S016.mp4,1080,822,1.0,0.414,2026-07-03T14:21:54
D:\Download\素材下载\团建视频\莫干山智能镜头分类,D:\Download\素材下载\团建视频\莫干山智能镜头分类\04_餐饮美食\自助餐\001_莫干山_自助餐__S_V001_S027.mp4,04_餐饮美食\自助餐\001_莫干山_自助餐__S_V001_S027.mp4,1080,820,1.3,0.562,2026-07-03T14:21:57
D:\Download\素材下载\团建视频\莫干山智能镜头分类,D:\Download\素材下载\团建视频\莫干山智能镜头分类\04_餐饮美食\自助餐\002_莫干山_自助餐__S_V004_S015.mp4,04_餐饮美食\自助餐\002_莫干山_自助餐__S_V004_S015.mp4,480,406,1.367,0.13,2026-07-03T14:21:58
D:\Download\素材下载\团建视频\莫干山智能镜头分类,D:\Download\素材下载\团建视频\莫干山智能镜头分类\04_餐饮美食\自助餐\003_莫干山_自助餐__S_V016_S034.mp4,04_餐饮美食\自助餐\003_莫干山_自助餐__S_V016_S034.mp4,1080,954,1.3,0.975,2026-07-03T14:22:00
D:\Download\素材下载\团建视频\莫干山智能镜头分类,D:\Download\素材下载\团建视频\莫干山智能镜头分类\04_餐饮美食\自助餐\004_莫干山_自助餐__S_V016_S035.mp4,04_餐饮美食\自助餐\004_莫干山_自助餐__S_V016_S035.mp4,1080,698,1.9,1.203,2026-07-03T14:22:03
D:\Download\素材下载\团建视频\莫干山智能镜头分类,D:\Download\素材下载\团建视频\莫干山智能镜头分类\04_餐饮美食\自助餐\005_莫干山_自助餐__S_V024_S034.mp4,04_餐饮美食\自助餐\005_莫干山_自助餐__S_V024_S034.mp4,720,504,0.933,0.151,2026-07-03T14:22:05
D:\Download\素材下载\团建视频\莫干山智能镜头分类,D:\Download\素材下载\团建视频\莫干山智能镜头分类\04_餐饮美食\菜品特写\001_莫干山_菜品特写__S_V005_S015.mp4,04_餐饮美食\菜品特写\001_莫干山_菜品特写__S_V005_S015.mp4,720,608,1.1,0.289,2026-07-03T14:22:07
D:\Download\素材下载\团建视频\莫干山智能镜头分类,D:\Download\素材下载\团建视频\莫干山智能镜头分类\04_餐饮美食\菜品特写\003_莫干山_菜品特写__S_V005_S017.mp4,04_餐饮美食\菜品特写\003_莫干山_菜品特写__S_V005_S017.mp4,720,610,0.867,0.284,2026-07-03T14:22:10
D:\Download\素材下载\团建视频\莫干山智能镜头分类,D:\Download\素材下载\团建视频\莫干山智能镜头分类\04_餐饮美食\菜品特写\004_莫干山_菜品特写__S_V005_S018.mp4,04_餐饮美食\菜品特写\004_莫干山_菜品特写__S_V005_S018.mp4,720,608,1.067,0.116,2026-07-03T14:22:12
D:\Download\素材下载\团建视频\莫干山智能镜头分类,D:\Download\素材下载\团建视频\莫干山智能镜头分类\04_餐饮美食\菜品特写\005_莫干山_菜品特写__S_V005_S026.mp4,04_餐饮美食\菜品特写\005_莫干山_菜品特写__S_V005_S026.mp4,720,596,2.0,0.446,2026-07-03T14:22:15
D:\Download\素材下载\团建视频\莫干山智能镜头分类,D:\Download\素材下载\团建视频\莫干山智能镜头分类\04_餐饮美食\菜品特写\007_莫干山_菜品特写__S_V013_S028.mp4,04_餐饮美食\菜品特写\007_莫干山_菜品特写__S_V013_S028.mp4,720,630,0.967,0.195,2026-07-03T14:22:18
D:\Download\素材下载\团建视频\莫干山智能镜头分类,D:\Download\素材下载\团建视频\莫干山智能镜头分类\04_餐饮美食\菜品特写\008_莫干山_菜品特写__A_V016_S017.mp4,04_餐饮美食\菜品特写\008_莫干山_菜品特写__A_V016_S017.mp4,1080,794,1.1,0.501,2026-07-03T14:22:20
D:\Download\素材下载\团建视频\莫干山智能镜头分类,D:\Download\素材下载\团建视频\莫干山智能镜头分类\04_餐饮美食\菜品餐桌\001_莫干山_菜品餐桌__A_V001_S009.mp4,04_餐饮美食\菜品餐桌\001_莫干山_菜品餐桌__A_V001_S009.mp4,1080,1036,3.2,1.634,2026-07-03T14:22:27
D:\Download\素材下载\团建视频\莫干山智能镜头分类,D:\Download\素材下载\团建视频\莫干山智能镜头分类\04_餐饮美食\菜品餐桌\002_莫干山_菜品餐桌__A_V001_S011.mp4,04_餐饮美食\菜品餐桌\002_莫干山_菜品餐桌__A_V001_S011.mp4,1080,1076,2.7,1.379,2026-07-03T14:22:31
D:\Download\素材下载\团建视频\莫干山智能镜头分类,D:\Download\素材下载\团建视频\莫干山智能镜头分类\04_餐饮美食\菜品餐桌\003_莫干山_菜品餐桌__A_V001_S035.mp4,04_餐饮美食\菜品餐桌\003_莫干山_菜品餐桌__A_V001_S035.mp4,1080,820,1.1,0.518,2026-07-03T14:22:33
D:\Download\素材下载\团建视频\莫干山智能镜头分类,D:\Download\素材下载\团建视频\莫干山智能镜头分类\04_餐饮美食\菜品餐桌\004_莫干山_菜品餐桌__S_V005_S019.mp4,04_餐饮美食\菜品餐桌\004_莫干山_菜品餐桌__S_V005_S019.mp4,720,662,2.467,0.632,2026-07-03T14:22:36
D:\Download\素材下载\团建视频\莫干山智能镜头分类,D:\Download\素材下载\团建视频\莫干山智能镜头分类\04_餐饮美食\菜品餐桌\005_莫干山_菜品餐桌__S_V005_S045.mp4,04_餐饮美食\菜品餐桌\005_莫干山_菜品餐桌__S_V005_S045.mp4,720,596,2.233,0.888,2026-07-03T14:22:39
D:\Download\素材下载\团建视频\莫干山智能镜头分类,D:\Download\素材下载\团建视频\莫干山智能镜头分类\04_餐饮美食\菜品餐桌\006_莫干山_菜品餐桌__S_V013_S008.mp4,04_餐饮美食\菜品餐桌\006_莫干山_菜品餐桌__S_V013_S008.mp4,720,612,1.433,0.452,2026-07-03T14:22:41
D:\Download\素材下载\团建视频\莫干山智能镜头分类,D:\Download\素材下载\团建视频\莫干山智能镜头分类\04_餐饮美食\菜品餐桌\007_莫干山_菜品餐桌__S_V013_S026.mp4,04_餐饮美食\菜品餐桌\007_莫干山_菜品餐桌__S_V013_S026.mp4,720,646,1.0,0.301,2026-07-03T14:22:42
D:\Download\素材下载\团建视频\莫干山智能镜头分类,D:\Download\素材下载\团建视频\莫干山智能镜头分类\04_餐饮美食\菜品餐桌\010_莫干山_菜品餐桌__S_V024_S026.mp4,04_餐饮美食\菜品餐桌\010_莫干山_菜品餐桌__S_V024_S026.mp4,720,504,0.967,0.145,2026-07-03T14:22:48
D:\Download\素材下载\团建视频\莫干山智能镜头分类,D:\Download\素材下载\团建视频\莫干山智能镜头分类\05_项目活动\KTV唱歌\002_莫干山_KTV唱歌__B_V014_S012.mp4,05_项目活动\KTV唱歌\002_莫干山_KTV唱歌__B_V014_S012.mp4,2160,1382,0.833,0.466,2026-07-03T14:22:53
D:\Download\素材下载\团建视频\莫干山智能镜头分类,D:\Download\素材下载\团建视频\莫干山智能镜头分类\05_项目活动\KTV唱歌\003_莫干山_KTV唱歌__B_V014_S013_待人工确认.mp4,05_项目活动\KTV唱歌\003_莫干山_KTV唱歌__B_V014_S013_待人工确认.mp4,2160,1410,0.467,0.305,2026-07-03T14:22:57
D:\Download\素材下载\团建视频\莫干山智能镜头分类,D:\Download\素材下载\团建视频\莫干山智能镜头分类\05_项目活动\KTV唱歌\004_莫干山_KTV唱歌__A_V016_S043.mp4,05_项目活动\KTV唱歌\004_莫干山_KTV唱歌__A_V016_S043.mp4,1080,972,1.267,0.732,2026-07-03T14:22:59
D:\Download\素材下载\团建视频\莫干山智能镜头分类,D:\Download\素材下载\团建视频\莫干山智能镜头分类\05_项目活动\KTV唱歌\005_莫干山_KTV唱歌__A_V025_S040_待人工确认.mp4,05_项目活动\KTV唱歌\005_莫干山_KTV唱歌__A_V025_S040_待人工确认.mp4,1080,760,0.633,0.174,2026-07-03T14:23:01
D:\Download\素材下载\团建视频\莫干山智能镜头分类,D:\Download\素材下载\团建视频\莫干山智能镜头分类\05_项目活动\农事体验\002_莫干山_农事体验__S_V021_S020.mp4,05_项目活动\农事体验\002_莫干山_农事体验__S_V021_S020.mp4,720,704,1.1,0.36,2026-07-03T14:23:05
D:\Download\素材下载\团建视频\莫干山智能镜头分类,D:\Download\素材下载\团建视频\莫干山智能镜头分类\05_项目活动\剧本杀\001_莫干山_剧本杀__S_V007_S011.mp4,05_项目活动\剧本杀\001_莫干山_剧本杀__S_V007_S011.mp4,720,700,1.233,0.303,2026-07-03T14:23:07
D:\Download\素材下载\团建视频\莫干山智能镜头分类,D:\Download\素材下载\团建视频\莫干山智能镜头分类\05_项目活动\剧本杀\002_莫干山_剧本杀__A_V025_S021.mp4,05_项目活动\剧本杀\002_莫干山_剧本杀__A_V025_S021.mp4,1080,706,1.267,0.285,2026-07-03T14:23:09
D:\Download\素材下载\团建视频\莫干山智能镜头分类,D:\Download\素材下载\团建视频\莫干山智能镜头分类\05_项目活动\剧本杀\003_莫干山_剧本杀__A_V025_S022.mp4,05_项目活动\剧本杀\003_莫干山_剧本杀__A_V025_S022.mp4,1080,706,2.2,0.418,2026-07-03T14:23:12
D:\Download\素材下载\团建视频\莫干山智能镜头分类,D:\Download\素材下载\团建视频\莫干山智能镜头分类\05_项目活动\剧本杀\004_莫干山_剧本杀__A_V025_S042.mp4,05_项目活动\剧本杀\004_莫干山_剧本杀__A_V025_S042.mp4,1080,706,1.733,0.329,2026-07-03T14:23:14
D:\Download\素材下载\团建视频\莫干山智能镜头分类,D:\Download\素材下载\团建视频\莫干山智能镜头分类\05_项目活动\台球\002_莫干山_台球__S_V022_S023.mp4,05_项目活动\台球\002_莫干山_台球__S_V022_S023.mp4,720,498,1.3,0.079,2026-07-03T14:23:17
D:\Download\素材下载\团建视频\莫干山智能镜头分类,D:\Download\素材下载\团建视频\莫干山智能镜头分类\05_项目活动\射箭\001_莫干山_射箭__S_V001_S014.mp4,05_项目活动\射箭\001_莫干山_射箭__S_V001_S014.mp4,1080,910,0.7,0.278,2026-07-03T14:23:19
D:\Download\素材下载\团建视频\莫干山智能镜头分类,D:\Download\素材下载\团建视频\莫干山智能镜头分类\05_项目活动\射箭\003_莫干山_射箭__S_V016_S026.mp4,05_项目活动\射箭\003_莫干山_射箭__S_V016_S026.mp4,1080,1068,1.0,0.533,2026-07-03T14:23:24
D:\Download\素材下载\团建视频\莫干山智能镜头分类,D:\Download\素材下载\团建视频\莫干山智能镜头分类\05_项目活动\射箭\004_莫干山_射箭__S_V021_S019.mp4,05_项目活动\射箭\004_莫干山_射箭__S_V021_S019.mp4,720,622,0.9,0.339,2026-07-03T14:23:26
D:\Download\素材下载\团建视频\莫干山智能镜头分类,D:\Download\素材下载\团建视频\莫干山智能镜头分类\05_项目活动\射箭\006_莫干山_射箭__S_V023_S024.mp4,05_项目活动\射箭\006_莫干山_射箭__S_V023_S024.mp4,720,608,1.267,0.342,2026-07-03T14:23:31
D:\Download\素材下载\团建视频\莫干山智能镜头分类,D:\Download\素材下载\团建视频\莫干山智能镜头分类\05_项目活动\山地越野车\002_莫干山_山地越野车__S_V006_S003.mp4,05_项目活动\山地越野车\002_莫干山_山地越野车__S_V006_S003.mp4,720,608,0.7,0.075,2026-07-03T14:23:34
D:\Download\素材下载\团建视频\莫干山智能镜头分类,D:\Download\素材下载\团建视频\莫干山智能镜头分类\05_项目活动\山地越野车\003_莫干山_山地越野车__S_V006_S010.mp4,05_项目活动\山地越野车\003_莫干山_山地越野车__S_V006_S010.mp4,720,608,2.2,0.209,2026-07-03T14:23:37
D:\Download\素材下载\团建视频\莫干山智能镜头分类,D:\Download\素材下载\团建视频\莫干山智能镜头分类\05_项目活动\山地越野车\004_莫干山_山地越野车__S_V010_S022.mp4,05_项目活动\山地越野车\004_莫干山_山地越野车__S_V010_S022.mp4,720,496,3.1,1.007,2026-07-03T14:23:39
D:\Download\素材下载\团建视频\莫干山智能镜头分类,D:\Download\素材下载\团建视频\莫干山智能镜头分类\05_项目活动\山地越野车\005_莫干山_山地越野车__S_V011_S007.mp4,05_项目活动\山地越野车\005_莫干山_山地越野车__S_V011_S007.mp4,720,362,0.5,0.103,2026-07-03T14:23:41
D:\Download\素材下载\团建视频\莫干山智能镜头分类,D:\Download\素材下载\团建视频\莫干山智能镜头分类\05_项目活动\山地越野车\006_莫干山_山地越野车__S_V011_S008.mp4,05_项目活动\山地越野车\006_莫干山_山地越野车__S_V011_S008.mp4,720,396,3.8,0.63,2026-07-03T14:35:18
D:\Download\素材下载\团建视频\莫干山智能镜头分类,D:\Download\素材下载\团建视频\莫干山智能镜头分类\05_项目活动\山地越野车\007_莫干山_山地越野车__S_V011_S009.mp4,05_项目活动\山地越野车\007_莫干山_山地越野车__S_V011_S009.mp4,720,460,9.1,2.026,2026-07-03T14:35:23
D:\Download\素材下载\团建视频\莫干山智能镜头分类,D:\Download\素材下载\团建视频\莫干山智能镜头分类\05_项目活动\山地越野车\008_莫干山_山地越野车__A_V014_S006.mp4,05_项目活动\山地越野车\008_莫干山_山地越野车__A_V014_S006.mp4,2160,1814,3.9,3.739,2026-07-03T14:35:33
D:\Download\素材下载\团建视频\莫干山智能镜头分类,D:\Download\素材下载\团建视频\莫干山智能镜头分类\05_项目活动\山地越野车\009_莫干山_山地越野车__S_V018_S019.mp4,05_项目活动\山地越野车\009_莫干山_山地越野车__S_V018_S019.mp4,720,600,1.333,0.605,2026-07-03T14:35:35
D:\Download\素材下载\团建视频\莫干山智能镜头分类,D:\Download\素材下载\团建视频\莫干山智能镜头分类\05_项目活动\山地越野车\010_莫干山_山地越野车__S_V018_S020.mp4,05_项目活动\山地越野车\010_莫干山_山地越野车__S_V018_S020.mp4,720,552,0.9,0.396,2026-07-03T14:35:37
D:\Download\素材下载\团建视频\莫干山智能镜头分类,D:\Download\素材下载\团建视频\莫干山智能镜头分类\05_项目活动\山地越野车\011_莫干山_山地越野车__S_V018_S021.mp4,05_项目活动\山地越野车\011_莫干山_山地越野车__S_V018_S021.mp4,720,552,1.3,0.235,2026-07-03T14:35:46
D:\Download\素材下载\团建视频\莫干山智能镜头分类,D:\Download\素材下载\团建视频\莫干山智能镜头分类\05_项目活动\山地越野车\012_莫干山_山地越野车__S_V019_S002.mp4,05_项目活动\山地越野车\012_莫干山_山地越野车__S_V019_S002.mp4,720,566,1.4,0.262,2026-07-03T14:35:56
D:\Download\素材下载\团建视频\莫干山智能镜头分类,D:\Download\素材下载\团建视频\莫干山智能镜头分类\05_项目活动\山地越野车\013_莫干山_山地越野车__S_V019_S003.mp4,05_项目活动\山地越野车\013_莫干山_山地越野车__S_V019_S003.mp4,720,612,1.3,0.495,2026-07-03T14:36:01
D:\Download\素材下载\团建视频\莫干山智能镜头分类,D:\Download\素材下载\团建视频\莫干山智能镜头分类\05_项目活动\山地越野车\014_莫干山_山地越野车__S_V021_S001.mp4,05_项目活动\山地越野车\014_莫干山_山地越野车__S_V021_S001.mp4,720,656,2.4,1.785,2026-07-03T14:36:04
D:\Download\素材下载\团建视频\莫干山智能镜头分类,D:\Download\素材下载\团建视频\莫干山智能镜头分类\05_项目活动\山地越野车\017_莫干山_山地越野车__S_V022_S005.mp4,05_项目活动\山地越野车\017_莫干山_山地越野车__S_V022_S005.mp4,720,552,1.0,0.412,2026-07-03T14:36:14
D:\Download\素材下载\团建视频\莫干山智能镜头分类,D:\Download\素材下载\团建视频\莫干山智能镜头分类\05_项目活动\山地越野车\018_莫干山_山地越野车__S_V022_S014.mp4,05_项目活动\山地越野车\018_莫干山_山地越野车__S_V022_S014.mp4,720,596,3.833,1.28,2026-07-03T14:36:21
D:\Download\素材下载\团建视频\莫干山智能镜头分类,D:\Download\素材下载\团建视频\莫干山智能镜头分类\05_项目活动\山地越野车\019_莫干山_山地越野车__S_V022_S015.mp4,05_项目活动\山地越野车\019_莫干山_山地越野车__S_V022_S015.mp4,720,552,1.767,0.513,2026-07-03T14:36:23
D:\Download\素材下载\团建视频\莫干山智能镜头分类,D:\Download\素材下载\团建视频\莫干山智能镜头分类\05_项目活动\山地越野车\020_莫干山_山地越野车__S_V024_S030.mp4,05_项目活动\山地越野车\020_莫干山_山地越野车__S_V024_S030.mp4,720,596,1.233,0.301,2026-07-03T14:36:25
D:\Download\素材下载\团建视频\莫干山智能镜头分类,D:\Download\素材下载\团建视频\莫干山智能镜头分类\05_项目活动\山地越野车\021_莫干山_山地越野车__S_V025_S025_待人工确认.mp4,05_项目活动\山地越野车\021_莫干山_山地越野车__S_V025_S025_待人工确认.mp4,1080,940,0.7,0.731,2026-07-03T14:36:28
D:\Download\素材下载\团建视频\莫干山智能镜头分类,D:\Download\素材下载\团建视频\莫干山智能镜头分类\05_项目活动\山地越野车\022_莫干山_山地越野车__S_V025_S034.mp4,05_项目活动\山地越野车\022_莫干山_山地越野车__S_V025_S034.mp4,1080,854,0.8,0.5,2026-07-03T14:36:31
D:\Download\素材下载\团建视频\莫干山智能镜头分类,D:\Download\素材下载\团建视频\莫干山智能镜头分类\05_项目活动\彩虹滑道\002_莫干山_彩虹滑道__S_V010_S024.mp4,05_项目活动\彩虹滑道\002_莫干山_彩虹滑道__S_V010_S024.mp4,720,540,1.8,0.313,2026-07-03T14:36:36
D:\Download\素材下载\团建视频\莫干山智能镜头分类,D:\Download\素材下载\团建视频\莫干山智能镜头分类\05_项目活动\彩虹滑道\003_莫干山_彩虹滑道__S_V019_S011.mp4,05_项目活动\彩虹滑道\003_莫干山_彩虹滑道__S_V019_S011.mp4,720,552,1.267,0.191,2026-07-03T14:36:39
D:\Download\素材下载\团建视频\莫干山智能镜头分类,D:\Download\素材下载\团建视频\莫干山智能镜头分类\05_项目活动\彩虹滑道\005_莫干山_彩虹滑道__S_V021_S017.mp4,05_项目活动\彩虹滑道\005_莫干山_彩虹滑道__S_V021_S017.mp4,720,676,0.967,0.398,2026-07-03T14:36:44
D:\Download\素材下载\团建视频\莫干山智能镜头分类,D:\Download\素材下载\团建视频\莫干山智能镜头分类\05_项目活动\彩虹滑道\006_莫干山_彩虹滑道__S_V024_S019.mp4,05_项目活动\彩虹滑道\006_莫干山_彩虹滑道__S_V024_S019.mp4,720,554,1.6,0.196,2026-07-03T14:36:46
D:\Download\素材下载\团建视频\莫干山智能镜头分类,D:\Download\素材下载\团建视频\莫干山智能镜头分类\05_项目活动\桌游\003_莫干山_桌游__A_V016_S045.mp4,05_项目活动\桌游\003_莫干山_桌游__A_V016_S045.mp4,1080,992,1.7,0.978,2026-07-03T14:36:54
D:\Download\素材下载\团建视频\莫干山智能镜头分类,D:\Download\素材下载\团建视频\莫干山智能镜头分类\05_项目活动\水上乐园\004_莫干山_水上乐园__S_V019_S006.mp4,05_项目活动\水上乐园\004_莫干山_水上乐园__S_V019_S006.mp4,720,552,1.2,0.268,2026-07-03T14:37:09
D:\Download\素材下载\团建视频\莫干山智能镜头分类,D:\Download\素材下载\团建视频\莫干山智能镜头分类\05_项目活动\水上乐园\007_莫干山_水上乐园__S_V024_S004.mp4,05_项目活动\水上乐园\007_莫干山_水上乐园__S_V024_S004.mp4,720,598,0.867,0.211,2026-07-03T14:37:16
D:\Download\素材下载\团建视频\莫干山智能镜头分类,D:\Download\素材下载\团建视频\莫干山智能镜头分类\05_项目活动\水上乐园\008_莫干山_水上乐园__S_V024_S014.mp4,05_项目活动\水上乐园\008_莫干山_水上乐园__S_V024_S014.mp4,720,600,2.533,0.578,2026-07-03T14:37:19
D:\Download\素材下载\团建视频\莫干山智能镜头分类,D:\Download\素材下载\团建视频\莫干山智能镜头分类\05_项目活动\水上乐园\009_莫干山_水上乐园__S_V025_S012.mp4,05_项目活动\水上乐园\009_莫干山_水上乐园__S_V025_S012.mp4,1080,852,1.2,0.635,2026-07-03T14:37:22
D:\Download\素材下载\团建视频\莫干山智能镜头分类,D:\Download\素材下载\团建视频\莫干山智能镜头分类\05_项目活动\水上乐园\010_莫干山_水上乐园__S_V025_S013.mp4,05_项目活动\水上乐园\010_莫干山_水上乐园__S_V025_S013.mp4,1080,782,1.4,0.738,2026-07-03T14:37:24
D:\Download\素材下载\团建视频\莫干山智能镜头分类,D:\Download\素材下载\团建视频\莫干山智能镜头分类\05_项目活动\水上乐园\011_莫干山_水上乐园__S_V025_S014.mp4,05_项目活动\水上乐园\011_莫干山_水上乐园__S_V025_S014.mp4,1080,782,1.267,0.69,2026-07-03T14:37:27
D:\Download\素材下载\团建视频\莫干山智能镜头分类,D:\Download\素材下载\团建视频\莫干山智能镜头分类\05_项目活动\水上乐园\012_莫干山_水上乐园__S_V025_S032.mp4,05_项目活动\水上乐园\012_莫干山_水上乐园__S_V025_S032.mp4,1080,848,1.167,0.593,2026-07-03T14:37:29
D:\Download\素材下载\团建视频\莫干山智能镜头分类,D:\Download\素材下载\团建视频\莫干山智能镜头分类\05_项目活动\水上乐园\013_莫干山_水上乐园__S_V025_S039.mp4,05_项目活动\水上乐园\013_莫干山_水上乐园__S_V025_S039.mp4,1080,846,1.1,0.665,2026-07-03T14:37:32
D:\Download\素材下载\团建视频\莫干山智能镜头分类,D:\Download\素材下载\团建视频\莫干山智能镜头分类\05_项目活动\温泉泡池\001_莫干山_温泉泡池__B_V014_S010.mp4,05_项目活动\温泉泡池\001_莫干山_温泉泡池__B_V014_S010.mp4,2160,1718,3.867,2.761,2026-07-03T14:37:59
D:\Download\素材下载\团建视频\莫干山智能镜头分类,D:\Download\素材下载\团建视频\莫干山智能镜头分类\05_项目活动\温泉泡池\002_莫干山_温泉泡池__B_V014_S011_待人工确认.mp4,05_项目活动\温泉泡池\002_莫干山_温泉泡池__B_V014_S011_待人工确认.mp4,2160,1846,1.7,1.231,2026-07-03T14:38:04
D:\Download\素材下载\团建视频\莫干山智能镜头分类,D:\Download\素材下载\团建视频\莫干山智能镜头分类\05_项目活动\温泉泡池\003_莫干山_温泉泡池__B_V014_S017.mp4,05_项目活动\温泉泡池\003_莫干山_温泉泡池__B_V014_S017.mp4,2160,1734,2.033,1.493,2026-07-03T14:38:11
D:\Download\素材下载\团建视频\莫干山智能镜头分类,D:\Download\素材下载\团建视频\莫干山智能镜头分类\05_项目活动\溯溪玩水\001_莫干山_溯溪玩水__S_V005_S046.mp4,05_项目活动\溯溪玩水\001_莫干山_溯溪玩水__S_V005_S046.mp4,720,602,0.867,0.423,2026-07-03T14:38:13
D:\Download\素材下载\团建视频\莫干山智能镜头分类,D:\Download\素材下载\团建视频\莫干山智能镜头分类\05_项目活动\溯溪玩水\007_莫干山_溯溪玩水__A_V010_S013.mp4,05_项目活动\溯溪玩水\007_莫干山_溯溪玩水__A_V010_S013.mp4,720,592,1.1,0.397,2026-07-03T14:38:29
D:\Download\素材下载\团建视频\莫干山智能镜头分类,D:\Download\素材下载\团建视频\莫干山智能镜头分类\05_项目活动\漂流\009_莫干山_漂流__S_V005_S002.mp4,05_项目活动\漂流\009_莫干山_漂流__S_V005_S002.mp4,720,694,1.033,0.526,2026-07-03T14:42:51
D:\Download\素材下载\团建视频\莫干山智能镜头分类,D:\Download\素材下载\团建视频\莫干山智能镜头分类\05_项目活动\漂流\011_莫干山_漂流__S_V005_S038.mp4,05_项目活动\漂流\011_莫干山_漂流__S_V005_S038.mp4,720,694,1.7,1.272,2026-07-03T14:42:56
D:\Download\素材下载\团建视频\莫干山智能镜头分类,D:\Download\素材下载\团建视频\莫干山智能镜头分类\05_项目活动\漂流\016_莫干山_漂流__S_V005_S043.mp4,05_项目活动\漂流\016_莫干山_漂流__S_V005_S043.mp4,720,694,1.167,0.788,2026-07-03T14:43:07
D:\Download\素材下载\团建视频\莫干山智能镜头分类,D:\Download\素材下载\团建视频\莫干山智能镜头分类\05_项目活动\漂流\017_莫干山_漂流__S_V010_S014.mp4,05_项目活动\漂流\017_莫干山_漂流__S_V010_S014.mp4,720,558,1.567,0.768,2026-07-03T14:43:09
D:\Download\素材下载\团建视频\莫干山智能镜头分类,D:\Download\素材下载\团建视频\莫干山智能镜头分类\05_项目活动\漂流\018_莫干山_漂流__S_V010_S016.mp4,05_项目活动\漂流\018_莫干山_漂流__S_V010_S016.mp4,720,566,1.567,0.68,2026-07-03T14:43:11
D:\Download\素材下载\团建视频\莫干山智能镜头分类,D:\Download\素材下载\团建视频\莫干山智能镜头分类\05_项目活动\漂流\019_莫干山_漂流__S_V011_S034.mp4,05_项目活动\漂流\019_莫干山_漂流__S_V011_S034.mp4,720,520,1.1,0.27,2026-07-03T14:43:12
D:\Download\素材下载\团建视频\莫干山智能镜头分类,D:\Download\素材下载\团建视频\莫干山智能镜头分类\05_项目活动\漂流\022_莫干山_漂流__S_V016_S008.mp4,05_项目活动\漂流\022_莫干山_漂流__S_V016_S008.mp4,1080,990,1.333,2.375,2026-07-03T14:43:20
D:\Download\素材下载\团建视频\莫干山智能镜头分类,D:\Download\素材下载\团建视频\莫干山智能镜头分类\05_项目活动\漂流\025_莫干山_漂流__S_V016_S051.mp4,05_项目活动\漂流\025_莫干山_漂流__S_V016_S051.mp4,1080,996,2.1,1.719,2026-07-03T14:43:39
D:\Download\素材下载\团建视频\莫干山智能镜头分类,D:\Download\素材下载\团建视频\莫干山智能镜头分类\05_项目活动\漂流\026_莫干山_漂流__S_V018_S016.mp4,05_项目活动\漂流\026_莫干山_漂流__S_V018_S016.mp4,720,600,1.367,0.551,2026-07-03T14:43:41
D:\Download\素材下载\团建视频\莫干山智能镜头分类,D:\Download\素材下载\团建视频\莫干山智能镜头分类\05_项目活动\漂流\027_莫干山_漂流__S_V018_S017.mp4,05_项目活动\漂流\027_莫干山_漂流__S_V018_S017.mp4,720,600,0.867,0.357,2026-07-03T14:43:44
D:\Download\素材下载\团建视频\莫干山智能镜头分类,D:\Download\素材下载\团建视频\莫干山智能镜头分类\05_项目活动\漂流\028_莫干山_漂流__S_V018_S018.mp4,05_项目活动\漂流\028_莫干山_漂流__S_V018_S018.mp4,720,552,1.8,0.483,2026-07-03T14:43:46
D:\Download\素材下载\团建视频\莫干山智能镜头分类,D:\Download\素材下载\团建视频\莫干山智能镜头分类\05_项目活动\漂流\030_莫干山_漂流__S_V021_S036.mp4,05_项目活动\漂流\030_莫干山_漂流__S_V021_S036.mp4,720,564,1.067,0.493,2026-07-03T14:43:50
D:\Download\素材下载\团建视频\莫干山智能镜头分类,D:\Download\素材下载\团建视频\莫干山智能镜头分类\05_项目活动\漂流\031_莫干山_漂流__S_V021_S037.mp4,05_项目活动\漂流\031_莫干山_漂流__S_V021_S037.mp4,720,658,1.2,0.888,2026-07-03T14:43:52
D:\Download\素材下载\团建视频\莫干山智能镜头分类,D:\Download\素材下载\团建视频\莫干山智能镜头分类\05_项目活动\田园小火车\002_莫干山_田园小火车__S_V019_S004.mp4,05_项目活动\田园小火车\002_莫干山_田园小火车__S_V019_S004.mp4,720,580,1.167,0.516,2026-07-03T14:43:57
D:\Download\素材下载\团建视频\莫干山智能镜头分类,D:\Download\素材下载\团建视频\莫干山智能镜头分类\05_项目活动\田园小火车\003_莫干山_田园小火车__S_V019_S005.mp4,05_项目活动\田园小火车\003_莫干山_田园小火车__S_V019_S005.mp4,720,602,1.1,0.561,2026-07-03T14:43:58
D:\Download\素材下载\团建视频\莫干山智能镜头分类,D:\Download\素材下载\团建视频\莫干山智能镜头分类\05_项目活动\田园小火车\004_莫干山_田园小火车__S_V024_S018.mp4,05_项目活动\田园小火车\004_莫干山_田园小火车__S_V024_S018.mp4,720,552,0.933,0.22,2026-07-03T14:44:00
D:\Download\素材下载\团建视频\莫干山智能镜头分类,D:\Download\素材下载\团建视频\莫干山智能镜头分类\05_项目活动\皮划艇\001_莫干山_皮划艇__S_V019_S012.mp4,05_项目活动\皮划艇\001_莫干山_皮划艇__S_V019_S012.mp4,720,572,1.2,0.24,2026-07-03T14:44:04
D:\Download\素材下载\团建视频\莫干山智能镜头分类,D:\Download\素材下载\团建视频\莫干山智能镜头分类\05_项目活动\真人CS\001_莫干山_真人CS__S_V001_S015.mp4,05_项目活动\真人CS\001_莫干山_真人CS__S_V001_S015.mp4,1080,1028,1.0,0.638,2026-07-03T14:44:07
D:\Download\素材下载\团建视频\莫干山智能镜头分类,D:\Download\素材下载\团建视频\莫干山智能镜头分类\05_项目活动\真人CS\002_莫干山_真人CS__S_V019_S015.mp4,05_项目活动\真人CS\002_莫干山_真人CS__S_V019_S015.mp4,720,600,1.667,1.157,2026-07-03T14:44:09
D:\Download\素材下载\团建视频\莫干山智能镜头分类,D:\Download\素材下载\团建视频\莫干山智能镜头分类\05_项目活动\真人CS\005_莫干山_真人CS__S_V023_S021.mp4,05_项目活动\真人CS\005_莫干山_真人CS__S_V023_S021.mp4,720,640,2.733,1.644,2026-07-03T14:44:17
D:\Download\素材下载\团建视频\莫干山智能镜头分类,D:\Download\素材下载\团建视频\莫干山智能镜头分类\05_项目活动\真人CS\006_莫干山_真人CS__S_V024_S031.mp4,05_项目活动\真人CS\006_莫干山_真人CS__S_V024_S031.mp4,720,602,1.633,0.648,2026-07-03T14:44:19
D:\Download\素材下载\团建视频\莫干山智能镜头分类,D:\Download\素材下载\团建视频\莫干山智能镜头分类\05_项目活动\真人CS\007_莫干山_真人CS__S_V024_S032.mp4,05_项目活动\真人CS\007_莫干山_真人CS__S_V024_S032.mp4,720,558,1.467,0.54,2026-07-03T14:44:22
D:\Download\素材下载\团建视频\莫干山智能镜头分类,D:\Download\素材下载\团建视频\莫干山智能镜头分类\05_项目活动\真人CS\008_莫干山_真人CS__S_V025_S033_待人工确认.mp4,05_项目活动\真人CS\008_莫干山_真人CS__S_V025_S033_待人工确认.mp4,1080,940,0.567,0.424,2026-07-03T14:44:24
D:\Download\素材下载\团建视频\莫干山智能镜头分类,D:\Download\素材下载\团建视频\莫干山智能镜头分类\05_项目活动\竹林徒步\001_莫干山_竹林徒步__B_V010_S023.mp4,05_项目活动\竹林徒步\001_莫干山_竹林徒步__B_V010_S023.mp4,720,592,1.167,0.296,2026-07-03T14:44:26
D:\Download\素材下载\团建视频\莫干山智能镜头分类,D:\Download\素材下载\团建视频\莫干山智能镜头分类\05_项目活动\竹林徒步\002_莫干山_竹林徒步__S_V018_S007.mp4,05_项目活动\竹林徒步\002_莫干山_竹林徒步__S_V018_S007.mp4,720,552,2.167,0.888,2026-07-03T14:44:29
D:\Download\素材下载\团建视频\莫干山智能镜头分类,D:\Download\素材下载\团建视频\莫干山智能镜头分类\05_项目活动\竹林徒步\003_莫干山_竹林徒步__S_V018_S008.mp4,05_项目活动\竹林徒步\003_莫干山_竹林徒步__S_V018_S008.mp4,720,600,1.9,0.571,2026-07-03T14:44:31
D:\Download\素材下载\团建视频\莫干山智能镜头分类,D:\Download\素材下载\团建视频\莫干山智能镜头分类\05_项目活动\茶山越野车\001_莫干山_茶山越野车__S_V001_S001.mp4,05_项目活动\茶山越野车\001_莫干山_茶山越野车__S_V001_S001.mp4,1080,1002,1.5,1.978,2026-07-03T14:44:39
D:\Download\素材下载\团建视频\莫干山智能镜头分类,D:\Download\素材下载\团建视频\莫干山智能镜头分类\05_项目活动\茶山越野车\002_莫干山_茶山越野车__S_V001_S016.mp4,05_项目活动\茶山越野车\002_莫干山_茶山越野车__S_V001_S016.mp4,1080,838,1.167,0.588,2026-07-03T14:44:42
D:\Download\素材下载\团建视频\莫干山智能镜头分类,D:\Download\素材下载\团建视频\莫干山智能镜头分类\05_项目活动\茶山越野车\006_莫干山_茶山越野车__S_V016_S023.mp4,05_项目活动\茶山越野车\006_莫干山_茶山越野车__S_V016_S023.mp4,1080,992,3.767,7.5,2026-07-03T14:45:02
D:\Download\素材下载\团建视频\莫干山智能镜头分类,D:\Download\素材下载\团建视频\莫干山智能镜头分类\05_项目活动\采摘体验\001_莫干山_采摘体验__S_V016_S025.mp4,05_项目活动\采摘体验\001_莫干山_采摘体验__S_V016_S025.mp4,1080,838,0.9,1.107,2026-07-03T14:45:10
D:\Download\素材下载\团建视频\莫干山智能镜头分类,D:\Download\素材下载\团建视频\莫干山智能镜头分类\05_项目活动\高山滑道\003_莫干山_高山滑道__S_V011_S017.mp4,05_项目活动\高山滑道\003_莫干山_高山滑道__S_V011_S017.mp4,720,508,1.867,0.457,2026-07-03T14:45:20
D:\Download\素材下载\团建视频\莫干山智能镜头分类,D:\Download\素材下载\团建视频\莫干山智能镜头分类\05_项目活动\高山滑道\004_莫干山_高山滑道__S_V011_S027.mp4,05_项目活动\高山滑道\004_莫干山_高山滑道__S_V011_S027.mp4,720,528,4.4,2.455,2026-07-03T14:45:25
D:\Download\素材下载\团建视频\莫干山智能镜头分类,D:\Download\素材下载\团建视频\莫干山智能镜头分类\05_项目活动\高山滑道\005_莫干山_高山滑道__S_V011_S030.mp4,05_项目活动\高山滑道\005_莫干山_高山滑道__S_V011_S030.mp4,720,460,0.733,0.327,2026-07-03T14:45:29
D:\Download\素材下载\团建视频\莫干山智能镜头分类,D:\Download\素材下载\团建视频\莫干山智能镜头分类\05_项目活动\高山滑道\006_莫干山_高山滑道__S_V011_S031.mp4,05_项目活动\高山滑道\006_莫干山_高山滑道__S_V011_S031.mp4,720,504,1.2,0.642,2026-07-03T14:45:32
D:\Download\素材下载\团建视频\莫干山智能镜头分类,D:\Download\素材下载\团建视频\莫干山智能镜头分类\05_项目活动\高山滑道\007_莫干山_高山滑道__S_V011_S032.mp4,05_项目活动\高山滑道\007_莫干山_高山滑道__S_V011_S032.mp4,720,494,1.0,0.277,2026-07-03T14:45:35
D:\Download\素材下载\团建视频\莫干山智能镜头分类,D:\Download\素材下载\团建视频\莫干山智能镜头分类\05_项目活动\高山滑道\008_莫干山_高山滑道__S_V011_S033.mp4,05_项目活动\高山滑道\008_莫干山_高山滑道__S_V011_S033.mp4,720,508,1.2,0.471,2026-07-03T14:45:38
D:\Download\素材下载\团建视频\莫干山智能镜头分类,D:\Download\素材下载\团建视频\莫干山智能镜头分类\05_项目活动\高山滑道\013_莫干山_高山滑道__S_V022_S013.mp4,05_项目活动\高山滑道\013_莫干山_高山滑道__S_V022_S013.mp4,720,596,2.1,0.222,2026-07-03T14:45:50
D:\Download\素材下载\团建视频\莫干山智能镜头分类,D:\Download\素材下载\团建视频\莫干山智能镜头分类\05_项目活动\高山滑道\014_莫干山_高山滑道__S_V022_S016.mp4,05_项目活动\高山滑道\014_莫干山_高山滑道__S_V022_S016.mp4,720,592,1.8,0.313,2026-07-03T14:45:53
D:\Download\素材下载\团建视频\莫干山智能镜头分类,D:\Download\素材下载\团建视频\莫干山智能镜头分类\05_项目活动\高山滑道\016_莫干山_高山滑道__S_V024_S007.mp4,05_项目活动\高山滑道\016_莫干山_高山滑道__S_V024_S007.mp4,720,600,1.967,0.187,2026-07-03T14:45:59
D:\Download\素材下载\团建视频\莫干山智能镜头分类,D:\Download\素材下载\团建视频\莫干山智能镜头分类\05_项目活动\高山滑道\017_莫干山_高山滑道__S_V024_S015.mp4,05_项目活动\高山滑道\017_莫干山_高山滑道__S_V024_S015.mp4,720,600,1.167,0.107,2026-07-03T14:46:01
D:\Download\素材下载\团建视频\莫干山智能镜头分类,D:\Download\素材下载\团建视频\莫干山智能镜头分类\05_项目活动\高山滑道\018_莫干山_高山滑道__S_V024_S017.mp4,05_项目活动\高山滑道\018_莫干山_高山滑道__S_V024_S017.mp4,720,602,1.1,0.262,2026-07-03T14:46:03
D:\Download\素材下载\团建视频\莫干山智能镜头分类,D:\Download\素材下载\团建视频\莫干山智能镜头分类\05_项目活动\高山滑道\019_莫干山_高山滑道__S_V024_S038.mp4,05_项目活动\高山滑道\019_莫干山_高山滑道__S_V024_S038.mp4,720,602,1.5,0.832,2026-07-03T14:46:06
D:\Download\素材下载\团建视频\莫干山智能镜头分类,D:\Download\素材下载\团建视频\莫干山智能镜头分类\05_项目活动\高山滑道\020_莫干山_高山滑道__S_V024_S041.mp4,05_项目活动\高山滑道\020_莫干山_高山滑道__S_V024_S041.mp4,720,598,1.533,0.456,2026-07-03T14:46:09
D:\Download\素材下载\团建视频\莫干山智能镜头分类,D:\Download\素材下载\团建视频\莫干山智能镜头分类\05_项目活动\高空拓展\001_莫干山_高空拓展__S_V005_S023.mp4,05_项目活动\高空拓展\001_莫干山_高空拓展__S_V005_S023.mp4,720,694,0.8,0.536,2026-07-03T14:46:13
D:\Download\素材下载\团建视频\莫干山智能镜头分类,D:\Download\素材下载\团建视频\莫干山智能镜头分类\05_项目活动\高空滑索\002_莫干山_高空滑索__S_V005_S020.mp4,05_项目活动\高空滑索\002_莫干山_高空滑索__S_V005_S020.mp4,720,716,2.8,2.794,2026-07-03T14:46:24
D:\Download\素材下载\团建视频\莫干山智能镜头分类,D:\Download\素材下载\团建视频\莫干山智能镜头分类\05_项目活动\高空滑索\004_莫干山_高空滑索__S_V016_S022.mp4,05_项目活动\高空滑索\004_莫干山_高空滑索__S_V016_S022.mp4,1080,996,1.567,3.391,2026-07-03T14:46:33
D:\Download\素材下载\团建视频\莫干山智能镜头分类,D:\Download\素材下载\团建视频\莫干山智能镜头分类\05_项目活动\高空滑索\005_莫干山_高空滑索__S_V016_S027.mp4,05_项目活动\高空滑索\005_莫干山_高空滑索__S_V016_S027.mp4,1080,1048,1.067,2.416,2026-07-03T14:46:38
D:\Download\素材下载\团建视频\莫干山智能镜头分类,D:\Download\素材下载\团建视频\莫干山智能镜头分类\05_项目活动\高空滑索\006_莫干山_高空滑索__S_V023_S001.mp4,05_项目活动\高空滑索\006_莫干山_高空滑索__S_V023_S001.mp4,720,622,1.3,0.321,2026-07-03T14:46:41
D:\Download\素材下载\团建视频\莫干山智能镜头分类,D:\Download\素材下载\团建视频\莫干山智能镜头分类\05_项目活动\麻将\002_莫干山_麻将__B_V014_S014.mp4,05_项目活动\麻将\002_莫干山_麻将__B_V014_S014.mp4,2160,1386,0.7,0.838,2026-07-03T14:46:51
D:\Download\素材下载\团建视频\莫干山智能镜头分类,D:\Download\素材下载\团建视频\莫干山智能镜头分类\05_项目活动\麻将\003_莫干山_麻将__A_V014_S015.mp4,05_项目活动\麻将\003_莫干山_麻将__A_V014_S015.mp4,2160,1730,6.0,4.719,2026-07-03T14:47:07
D:\Download\素材下载\团建视频\莫干山智能镜头分类,D:\Download\素材下载\团建视频\莫干山智能镜头分类\05_项目活动\麻将\005_莫干山_麻将__S_V022_S022.mp4,05_项目活动\麻将\005_莫干山_麻将__S_V022_S022.mp4,720,608,1.367,0.212,2026-07-03T14:47:13
D:\Download\素材下载\团建视频\莫干山智能镜头分类,D:\Download\素材下载\团建视频\莫干山智能镜头分类\05_项目活动\麻将\006_莫干山_麻将__A_V025_S017_待人工确认.mp4,05_项目活动\麻将\006_莫干山_麻将__A_V025_S017_待人工确认.mp4,1080,940,1.0,0.367,2026-07-03T14:47:15
D:\Download\素材下载\团建视频\莫干山智能镜头分类,D:\Download\素材下载\团建视频\莫干山智能镜头分类\05_项目活动\麻将\008_莫干山_麻将__A_V025_S019_待人工确认.mp4,05_项目活动\麻将\008_莫干山_麻将__A_V025_S019_待人工确认.mp4,1080,940,1.0,0.233,2026-07-03T14:47:18
D:\Download\素材下载\团建视频\莫干山智能镜头分类,D:\Download\素材下载\团建视频\莫干山智能镜头分类\05_项目活动\麻将\009_莫干山_麻将__A_V025_S020.mp4,05_项目活动\麻将\009_莫干山_麻将__A_V025_S020.mp4,1080,856,0.867,0.196,2026-07-03T14:47:20
D:\Download\素材下载\团建视频\莫干山智能镜头分类,D:\Download\素材下载\团建视频\莫干山智能镜头分类\05_项目活动\麻将\010_莫干山_麻将__B_V025_S035.mp4,05_项目活动\麻将\010_莫干山_麻将__B_V025_S035.mp4,1080,854,0.8,0.178,2026-07-03T14:47:22
D:\Download\素材下载\团建视频\莫干山智能镜头分类,D:\Download\素材下载\团建视频\莫干山智能镜头分类\05_项目活动\麻将\011_莫干山_麻将__B_V025_S036.mp4,05_项目活动\麻将\011_莫干山_麻将__B_V025_S036.mp4,1080,854,0.5,0.104,2026-07-03T14:47:24
D:\Download\素材下载\团建视频\莫干山智能镜头分类,D:\Download\素材下载\团建视频\莫干山智能镜头分类\06_团队互动\加油欢呼互动\001_莫干山_加油欢呼互动__S_V018_S009.mp4,06_团队互动\加油欢呼互动\001_莫干山_加油欢呼互动__S_V018_S009.mp4,720,600,2.3,0.493,2026-07-03T14:47:26
D:\Download\素材下载\团建视频\莫干山智能镜头分类,D:\Download\素材下载\团建视频\莫干山智能镜头分类\06_团队互动\加油欢呼互动\003_莫干山_加油欢呼互动__S_V022_S006.mp4,06_团队互动\加油欢呼互动\003_莫干山_加油欢呼互动__S_V022_S006.mp4,720,604,1.133,0.238,2026-07-03T14:47:30
D:\Download\素材下载\团建视频\莫干山智能镜头分类,D:\Download\素材下载\团建视频\莫干山智能镜头分类\06_团队互动\加油欢呼互动\004_莫干山_加油欢呼互动__S_V024_S009.mp4,06_团队互动\加油欢呼互动\004_莫干山_加油欢呼互动__S_V024_S009.mp4,720,602,1.667,0.423,2026-07-03T14:47:32
D:\Download\素材下载\团建视频\莫干山智能镜头分类,D:\Download\素材下载\团建视频\莫干山智能镜头分类\06_团队互动\团队游戏挑战\001_莫干山_团队游戏挑战__S_V001_S007.mp4,06_团队互动\团队游戏挑战\001_莫干山_团队游戏挑战__S_V001_S007.mp4,1080,838,1.6,1.183,2026-07-03T14:47:44
D:\Download\素材下载\团建视频\莫干山智能镜头分类,D:\Download\素材下载\团建视频\莫干山智能镜头分类\06_团队互动\团队游戏挑战\007_莫干山_团队游戏挑战__S_V013_S012.mp4,06_团队互动\团队游戏挑战\007_莫干山_团队游戏挑战__S_V013_S012.mp4,720,706,1.4,0.996,2026-07-03T14:47:59
D:\Download\素材下载\团建视频\莫干山智能镜头分类,D:\Download\素材下载\团建视频\莫干山智能镜头分类\06_团队互动\团队游戏挑战\008_莫干山_团队游戏挑战__S_V013_S013.mp4,06_团队互动\团队游戏挑战\008_莫干山_团队游戏挑战__S_V013_S013.mp4,720,558,1.7,0.537,2026-07-03T14:48:01
D:\Download\素材下载\团建视频\莫干山智能镜头分类,D:\Download\素材下载\团建视频\莫干山智能镜头分类\06_团队互动\团队游戏挑战\009_莫干山_团队游戏挑战__A_V014_S007.mp4,06_团队互动\团队游戏挑战\009_莫干山_团队游戏挑战__A_V014_S007.mp4,2160,1710,1.3,1.261,2026-07-03T14:48:04
D:\Download\素材下载\团建视频\莫干山智能镜头分类,D:\Download\素材下载\团建视频\莫干山智能镜头分类\06_团队互动\团队游戏挑战\010_莫干山_团队游戏挑战__A_V014_S008.mp4,06_团队互动\团队游戏挑战\010_莫干山_团队游戏挑战__A_V014_S008.mp4,2160,1694,2.6,2.059,2026-07-03T14:48:11
D:\Download\素材下载\团建视频\莫干山智能镜头分类,D:\Download\素材下载\团建视频\莫干山智能镜头分类\06_团队互动\团队游戏挑战\011_莫干山_团队游戏挑战__S_V016_S039.mp4,06_团队互动\团队游戏挑战\011_莫干山_团队游戏挑战__S_V016_S039.mp4,1080,1050,2.967,1.263,2026-07-03T14:48:17
D:\Download\素材下载\团建视频\莫干山智能镜头分类,D:\Download\素材下载\团建视频\莫干山智能镜头分类\06_团队互动\团队游戏挑战\012_莫干山_团队游戏挑战__S_V018_S024.mp4,06_团队互动\团队游戏挑战\012_莫干山_团队游戏挑战__S_V018_S024.mp4,720,600,2.2,0.583,2026-07-03T14:48:20
D:\Download\素材下载\团建视频\莫干山智能镜头分类,D:\Download\素材下载\团建视频\莫干山智能镜头分类\06_团队互动\团队游戏挑战\015_莫干山_团队游戏挑战__S_V019_S010.mp4,06_团队互动\团队游戏挑战\015_莫干山_团队游戏挑战__S_V019_S010.mp4,720,600,1.9,0.408,2026-07-03T14:48:25
D:\Download\素材下载\团建视频\莫干山智能镜头分类,D:\Download\素材下载\团建视频\莫干山智能镜头分类\06_团队互动\团队游戏挑战\017_莫干山_团队游戏挑战__S_V021_S023.mp4,06_团队互动\团队游戏挑战\017_莫干山_团队游戏挑战__S_V021_S023.mp4,720,658,1.733,0.947,2026-07-03T14:48:29
D:\Download\素材下载\团建视频\莫干山智能镜头分类,D:\Download\素材下载\团建视频\莫干山智能镜头分类\06_团队互动\团队游戏挑战\018_莫干山_团队游戏挑战__S_V022_S031.mp4,06_团队互动\团队游戏挑战\018_莫干山_团队游戏挑战__S_V022_S031.mp4,720,594,2.167,0.604,2026-07-03T14:48:32
D:\Download\素材下载\团建视频\莫干山智能镜头分类,D:\Download\素材下载\团建视频\莫干山智能镜头分类\06_团队互动\团队游戏挑战\023_莫干山_团队游戏挑战__S_V025_S024_待人工确认.mp4,06_团队互动\团队游戏挑战\023_莫干山_团队游戏挑战__S_V025_S024_待人工确认.mp4,1080,940,2.3,1.102,2026-07-03T14:48:44
D:\Download\素材下载\团建视频\莫干山智能镜头分类,D:\Download\素材下载\团建视频\莫干山智能镜头分类\06_团队互动\草坪团建游戏\001_莫干山_草坪团建游戏__S_V016_S021.mp4,06_团队互动\草坪团建游戏\001_莫干山_草坪团建游戏__S_V016_S021.mp4,1080,1004,3.2,2.636,2026-07-03T14:48:50
D:\Download\素材下载\团建视频\莫干山智能镜头分类,D:\Download\素材下载\团建视频\莫干山智能镜头分类\07_烧烤露营夜场\夜间团队互动\005_莫干山_夜间团队互动__S_V016_S009.mp4,07_烧烤露营夜场\夜间团队互动\005_莫干山_夜间团队互动__S_V016_S009.mp4,1080,992,2.067,1.505,2026-07-03T14:49:10
D:\Download\素材下载\团建视频\莫干山智能镜头分类,D:\Download\素材下载\团建视频\莫干山智能镜头分类\07_烧烤露营夜场\夜间团队互动\006_莫干山_夜间团队互动__A_V018_S013.mp4,07_烧烤露营夜场\夜间团队互动\006_莫干山_夜间团队互动__A_V018_S013.mp4,720,600,2.1,0.197,2026-07-03T14:49:13
D:\Download\素材下载\团建视频\莫干山智能镜头分类,D:\Download\素材下载\团建视频\莫干山智能镜头分类\07_烧烤露营夜场\夜间团队互动\007_莫干山_夜间团队互动__S_V018_S014.mp4,07_烧烤露营夜场\夜间团队互动\007_莫干山_夜间团队互动__S_V018_S014.mp4,720,600,2.2,0.535,2026-07-03T14:49:16
D:\Download\素材下载\团建视频\莫干山智能镜头分类,D:\Download\素材下载\团建视频\莫干山智能镜头分类\07_烧烤露营夜场\夜间团队互动\008_莫干山_夜间团队互动__S_V018_S025.mp4,07_烧烤露营夜场\夜间团队互动\008_莫干山_夜间团队互动__S_V018_S025.mp4,720,600,2.1,0.534,2026-07-03T14:49:20
D:\Download\素材下载\团建视频\莫干山智能镜头分类,D:\Download\素材下载\团建视频\莫干山智能镜头分类\07_烧烤露营夜场\夜间团队互动\009_莫干山_夜间团队互动__S_V022_S007.mp4,07_烧烤露营夜场\夜间团队互动\009_莫干山_夜间团队互动__S_V022_S007.mp4,720,596,1.567,0.394,2026-07-03T14:49:22
D:\Download\素材下载\团建视频\莫干山智能镜头分类,D:\Download\素材下载\团建视频\莫干山智能镜头分类\07_烧烤露营夜场\夜间团队互动\010_莫干山_夜间团队互动__B_V022_S018.mp4,07_烧烤露营夜场\夜间团队互动\010_莫干山_夜间团队互动__B_V022_S018.mp4,720,596,2.8,0.558,2026-07-03T14:49:25
D:\Download\素材下载\团建视频\莫干山智能镜头分类,D:\Download\素材下载\团建视频\莫干山智能镜头分类\07_烧烤露营夜场\夜间团队互动\011_莫干山_夜间团队互动__S_V022_S019.mp4,07_烧烤露营夜场\夜间团队互动\011_莫干山_夜间团队互动__S_V022_S019.mp4,720,596,3.033,0.739,2026-07-03T14:49:28
D:\Download\素材下载\团建视频\莫干山智能镜头分类,D:\Download\素材下载\团建视频\莫干山智能镜头分类\07_烧烤露营夜场\夜间团队互动\012_莫干山_夜间团队互动__S_V022_S024.mp4,07_烧烤露营夜场\夜间团队互动\012_莫干山_夜间团队互动__S_V022_S024.mp4,720,596,1.9,0.477,2026-07-03T14:49:31
D:\Download\素材下载\团建视频\莫干山智能镜头分类,D:\Download\素材下载\团建视频\莫干山智能镜头分类\07_烧烤露营夜场\夜间团队互动\013_莫干山_夜间团队互动__B_V024_S023.mp4,07_烧烤露营夜场\夜间团队互动\013_莫干山_夜间团队互动__B_V024_S023.mp4,720,604,1.633,0.253,2026-07-03T14:49:33
D:\Download\素材下载\团建视频\莫干山智能镜头分类,D:\Download\素材下载\团建视频\莫干山智能镜头分类\07_烧烤露营夜场\夜间团队互动\014_莫干山_夜间团队互动__S_V024_S039.mp4,07_烧烤露营夜场\夜间团队互动\014_莫干山_夜间团队互动__S_V024_S039.mp4,720,602,1.8,0.377,2026-07-03T14:49:36
D:\Download\素材下载\团建视频\莫干山智能镜头分类,D:\Download\素材下载\团建视频\莫干山智能镜头分类\07_烧烤露营夜场\夜间团队互动\015_莫干山_夜间团队互动__B_V024_S040.mp4,07_烧烤露营夜场\夜间团队互动\015_莫干山_夜间团队互动__B_V024_S040.mp4,720,600,1.533,0.244,2026-07-03T14:49:38
D:\Download\素材下载\团建视频\莫干山智能镜头分类,D:\Download\素材下载\团建视频\莫干山智能镜头分类\07_烧烤露营夜场\夜间娱乐\003_莫干山_夜间娱乐__S_V005_S052.mp4,07_烧烤露营夜场\夜间娱乐\003_莫干山_夜间娱乐__S_V005_S052.mp4,720,694,1.7,0.353,2026-07-03T14:49:48
D:\Download\素材下载\团建视频\莫干山智能镜头分类,D:\Download\素材下载\团建视频\莫干山智能镜头分类\07_烧烤露营夜场\夜间娱乐\006_莫干山_夜间娱乐__A_V011_S013.mp4,07_烧烤露营夜场\夜间娱乐\006_莫干山_夜间娱乐__A_V011_S013.mp4,720,472,1.467,0.208,2026-07-03T14:49:55
D:\Download\素材下载\团建视频\莫干山智能镜头分类,D:\Download\素材下载\团建视频\莫干山智能镜头分类\07_烧烤露营夜场\夜间娱乐\007_莫干山_夜间娱乐__S_V011_S028.mp4,07_烧烤露营夜场\夜间娱乐\007_莫干山_夜间娱乐__S_V011_S028.mp4,720,596,1.0,0.158,2026-07-03T14:49:57
D:\Download\素材下载\团建视频\莫干山智能镜头分类,D:\Download\素材下载\团建视频\莫干山智能镜头分类\07_烧烤露营夜场\夜间娱乐\008_莫干山_夜间娱乐__A_V011_S029.mp4,07_烧烤露营夜场\夜间娱乐\008_莫干山_夜间娱乐__A_V011_S029.mp4,720,598,1.333,0.125,2026-07-03T14:49:59
D:\Download\素材下载\团建视频\莫干山智能镜头分类,D:\Download\素材下载\团建视频\莫干山智能镜头分类\07_烧烤露营夜场\夜间娱乐\012_莫干山_夜间娱乐__S_V019_S017.mp4,07_烧烤露营夜场\夜间娱乐\012_莫干山_夜间娱乐__S_V019_S017.mp4,720,552,1.167,0.221,2026-07-03T14:50:07
D:\Download\素材下载\团建视频\莫干山智能镜头分类,D:\Download\素材下载\团建视频\莫干山智能镜头分类\07_烧烤露营夜场\夜间娱乐\014_莫干山_夜间娱乐__S_V021_S030.mp4,07_烧烤露营夜场\夜间娱乐\014_莫干山_夜间娱乐__S_V021_S030.mp4,720,658,1.5,0.335,2026-07-03T14:50:11
D:\Download\素材下载\团建视频\莫干山智能镜头分类,D:\Download\素材下载\团建视频\莫干山智能镜头分类\07_烧烤露营夜场\夜间娱乐\017_莫干山_夜间娱乐__A_V023_S041.mp4,07_烧烤露营夜场\夜间娱乐\017_莫干山_夜间娱乐__A_V023_S041.mp4,720,694,1.2,0.152,2026-07-03T14:50:16
D:\Download\素材下载\团建视频\莫干山智能镜头分类,D:\Download\素材下载\团建视频\莫干山智能镜头分类\07_烧烤露营夜场\夜间娱乐\018_莫干山_夜间娱乐__A_V025_S041.mp4,07_烧烤露营夜场\夜间娱乐\018_莫干山_夜间娱乐__A_V025_S041.mp4,1080,940,0.6,0.277,2026-07-03T14:50:18
D:\Download\素材下载\团建视频\莫干山智能镜头分类,D:\Download\素材下载\团建视频\莫干山智能镜头分类\07_烧烤露营夜场\烟花\005_莫干山_烟花__S_V024_S024.mp4,07_烧烤露营夜场\烟花\005_莫干山_烟花__S_V024_S024.mp4,720,600,1.4,0.61,2026-07-03T14:50:32
D:\Download\素材下载\团建视频\莫干山智能镜头分类,D:\Download\素材下载\团建视频\莫干山智能镜头分类\07_烧烤露营夜场\烟花\006_莫干山_烟花__A_V025_S038.mp4,07_烧烤露营夜场\烟花\006_莫干山_烟花__A_V025_S038.mp4,1080,860,1.5,0.82,2026-07-03T14:50:34
D:\Download\素材下载\团建视频\莫干山智能镜头分类,D:\Download\素材下载\团建视频\莫干山智能镜头分类\07_烧烤露营夜场\烟花\007_莫干山_烟花__S_V025_S045.mp4,07_烧烤露营夜场\烟花\007_莫干山_烟花__S_V025_S045.mp4,1080,854,4.133,3.21,2026-07-03T14:50:38
D:\Download\素材下载\团建视频\莫干山智能镜头分类,D:\Download\素材下载\团建视频\莫干山智能镜头分类\07_烧烤露营夜场\烤全羊\001_莫干山_烤全羊__S_V010_S017.mp4,07_烧烤露营夜场\烤全羊\001_莫干山_烤全羊__S_V010_S017.mp4,720,500,1.2,0.401,2026-07-03T14:50:40
D:\Download\素材下载\团建视频\莫干山智能镜头分类,D:\Download\素材下载\团建视频\莫干山智能镜头分类\07_烧烤露营夜场\烤全羊\002_莫干山_烤全羊__S_V010_S018.mp4,07_烧烤露营夜场\烤全羊\002_莫干山_烤全羊__S_V010_S018.mp4,720,460,0.5,0.128,2026-07-03T14:50:42
D:\Download\素材下载\团建视频\莫干山智能镜头分类,D:\Download\素材下载\团建视频\莫干山智能镜头分类\07_烧烤露营夜场\烤全羊\003_莫干山_烤全羊__B_V014_S009.mp4,07_烧烤露营夜场\烤全羊\003_莫干山_烤全羊__B_V014_S009.mp4,2160,1726,1.0,1.516,2026-07-03T14:50:45
D:\Download\素材下载\团建视频\莫干山智能镜头分类,D:\Download\素材下载\团建视频\莫干山智能镜头分类\07_烧烤露营夜场\烤全羊\005_莫干山_烤全羊__S_V019_S013.mp4,07_烧烤露营夜场\烤全羊\005_莫干山_烤全羊__S_V019_S013.mp4,720,630,1.733,0.45,2026-07-03T14:50:50
D:\Download\素材下载\团建视频\莫干山智能镜头分类,D:\Download\素材下载\团建视频\莫干山智能镜头分类\07_烧烤露营夜场\烤全羊\006_莫干山_烤全羊__S_V024_S012.mp4,07_烧烤露营夜场\烤全羊\006_莫干山_烤全羊__S_V024_S012.mp4,720,600,1.533,0.416,2026-07-03T14:50:51
D:\Download\素材下载\团建视频\莫干山智能镜头分类,D:\Download\素材下载\团建视频\莫干山智能镜头分类\07_烧烤露营夜场\烧烤\002_莫干山_烧烤__S_V001_S020.mp4,07_烧烤露营夜场\烧烤\002_莫干山_烧烤__S_V001_S020.mp4,1080,884,1.2,1.063,2026-07-03T14:50:56
D:\Download\素材下载\团建视频\莫干山智能镜头分类,D:\Download\素材下载\团建视频\莫干山智能镜头分类\07_烧烤露营夜场\烧烤\004_莫干山_烧烤__S_V004_S016.mp4,07_烧烤露营夜场\烧烤\004_莫干山_烧烤__S_V004_S016.mp4,480,444,1.567,0.378,2026-07-03T14:51:02
D:\Download\素材下载\团建视频\莫干山智能镜头分类,D:\Download\素材下载\团建视频\莫干山智能镜头分类\07_烧烤露营夜场\烧烤\009_莫干山_烧烤__S_V007_S009.mp4,07_烧烤露营夜场\烧烤\009_莫干山_烧烤__S_V007_S009.mp4,720,668,1.867,0.636,2026-07-03T14:51:12
D:\Download\素材下载\团建视频\莫干山智能镜头分类,D:\Download\素材下载\团建视频\莫干山智能镜头分类\07_烧烤露营夜场\烧烤\010_莫干山_烧烤__S_V011_S010.mp4,07_烧烤露营夜场\烧烤\010_莫干山_烧烤__S_V011_S010.mp4,720,594,1.967,0.278,2026-07-03T14:51:14
D:\Download\素材下载\团建视频\莫干山智能镜头分类,D:\Download\素材下载\团建视频\莫干山智能镜头分类\07_烧烤露营夜场\烧烤\013_莫干山_烧烤__A_V016_S032.mp4,07_烧烤露营夜场\烧烤\013_莫干山_烧烤__A_V016_S032.mp4,1080,992,0.867,1.006,2026-07-03T14:51:20
D:\Download\素材下载\团建视频\莫干山智能镜头分类,D:\Download\素材下载\团建视频\莫干山智能镜头分类\07_烧烤露营夜场\烧烤\016_莫干山_烧烤__S_V021_S025.mp4,07_烧烤露营夜场\烧烤\016_莫干山_烧烤__S_V021_S025.mp4,720,668,1.633,1.156,2026-07-03T14:51:27
D:\Download\素材下载\团建视频\莫干山智能镜头分类,D:\Download\素材下载\团建视频\莫干山智能镜头分类\07_烧烤露营夜场\烧烤\018_莫干山_烧烤__S_V022_S017.mp4,07_烧烤露营夜场\烧烤\018_莫干山_烧烤__S_V022_S017.mp4,720,596,3.133,0.448,2026-07-03T14:51:32
D:\Download\素材下载\团建视频\莫干山智能镜头分类,D:\Download\素材下载\团建视频\莫干山智能镜头分类\07_烧烤露营夜场\烧烤\021_莫干山_烧烤__S_V024_S021.mp4,07_烧烤露营夜场\烧烤\021_莫干山_烧烤__S_V024_S021.mp4,720,618,1.167,0.325,2026-07-03T14:51:37
D:\Download\素材下载\团建视频\莫干山智能镜头分类,D:\Download\素材下载\团建视频\莫干山智能镜头分类\07_烧烤露营夜场\烧烤\022_莫干山_烧烤__S_V025_S015.mp4,07_烧烤露营夜场\烧烤\022_莫干山_烧烤__S_V025_S015.mp4,1080,900,2.367,1.629,2026-07-03T14:51:40
D:\Download\素材下载\团建视频\莫干山智能镜头分类,D:\Download\素材下载\团建视频\莫干山智能镜头分类\07_烧烤露营夜场\篝火\006_莫干山_篝火__S_V005_S036.mp4,07_烧烤露营夜场\篝火\006_莫干山_篝火__S_V005_S036.mp4,720,694,1.833,0.896,2026-07-03T14:51:52
D:\Download\素材下载\团建视频\莫干山智能镜头分类,D:\Download\素材下载\团建视频\莫干山智能镜头分类\07_烧烤露营夜场\篝火\007_莫干山_篝火__B_V011_S011.mp4,07_烧烤露营夜场\篝火\007_莫干山_篝火__B_V011_S011.mp4,720,460,1.333,0.075,2026-07-03T14:51:54
D:\Download\素材下载\团建视频\莫干山智能镜头分类,D:\Download\素材下载\团建视频\莫干山智能镜头分类\07_烧烤露营夜场\篝火\008_莫干山_篝火__B_V011_S014.mp4,07_烧烤露营夜场\篝火\008_莫干山_篝火__B_V011_S014.mp4,720,500,2.233,0.225,2026-07-03T14:51:56
D:\Download\素材下载\团建视频\莫干山智能镜头分类,D:\Download\素材下载\团建视频\莫干山智能镜头分类\07_烧烤露营夜场\篝火\009_莫干山_篝火__B_V019_S018.mp4,07_烧烤露营夜场\篝火\009_莫干山_篝火__B_V019_S018.mp4,720,604,1.5,0.265,2026-07-03T14:51:58
D:\Download\素材下载\团建视频\莫干山智能镜头分类,D:\Download\素材下载\团建视频\莫干山智能镜头分类\07_烧烤露营夜场\篝火\010_莫干山_篝火__A_V021_S005.mp4,07_烧烤露营夜场\篝火\010_莫干山_篝火__A_V021_S005.mp4,720,658,0.9,0.405,2026-07-03T14:51:59
D:\Download\素材下载\团建视频\莫干山智能镜头分类,D:\Download\素材下载\团建视频\莫干山智能镜头分类\07_烧烤露营夜场\篝火\011_莫干山_篝火__A_V021_S027.mp4,07_烧烤露营夜场\篝火\011_莫干山_篝火__A_V021_S027.mp4,720,706,1.8,0.641,2026-07-03T14:52:01
D:\Download\素材下载\团建视频\莫干山智能镜头分类,D:\Download\素材下载\团建视频\莫干山智能镜头分类\07_烧烤露营夜场\篝火\012_莫干山_篝火__S_V021_S028.mp4,07_烧烤露营夜场\篝火\012_莫干山_篝火__S_V021_S028.mp4,720,658,2.0,0.931,2026-07-03T14:52:04
D:\Download\素材下载\团建视频\莫干山智能镜头分类,D:\Download\素材下载\团建视频\莫干山智能镜头分类\07_烧烤露营夜场\篝火\015_莫干山_篝火__S_V023_S029.mp4,07_烧烤露营夜场\篝火\015_莫干山_篝火__S_V023_S029.mp4,720,594,2.933,1.174,2026-07-03T14:52:11
D:\Download\素材下载\团建视频\莫干山智能镜头分类,D:\Download\素材下载\团建视频\莫干山智能镜头分类\07_烧烤露营夜场\篝火\016_莫干山_篝火__S_V024_S020.mp4,07_烧烤露营夜场\篝火\016_莫干山_篝火__S_V024_S020.mp4,720,602,1.833,0.337,2026-07-03T14:52:13
D:\Download\素材下载\团建视频\莫干山智能镜头分类,D:\Download\素材下载\团建视频\莫干山智能镜头分类\07_烧烤露营夜场\篝火\017_莫干山_篝火__A_V025_S043.mp4,07_烧烤露营夜场\篝火\017_莫干山_篝火__A_V025_S043.mp4,1080,852,0.867,0.264,2026-07-03T14:52:15
D:\Download\素材下载\团建视频\莫干山智能镜头分类,D:\Download\素材下载\团建视频\莫干山智能镜头分类\07_烧烤露营夜场\篝火\018_莫干山_篝火__A_V025_S044.mp4,07_烧烤露营夜场\篝火\018_莫干山_篝火__A_V025_S044.mp4,1080,852,1.167,0.303,2026-07-03T14:52:17
D:\Download\素材下载\团建视频\莫干山智能镜头分类,D:\Download\素材下载\团建视频\莫干山智能镜头分类\07_烧烤露营夜场\露营\002_莫干山_露营__S_V010_S005.mp4,07_烧烤露营夜场\露营\002_莫干山_露营__S_V010_S005.mp4,720,590,1.5,0.143,2026-07-03T14:52:20
D:\Download\素材下载\团建视频\莫干山智能镜头分类,D:\Download\素材下载\团建视频\莫干山智能镜头分类\07_烧烤露营夜场\露营\003_莫干山_露营__S_V010_S006.mp4,07_烧烤露营夜场\露营\003_莫干山_露营__S_V010_S006.mp4,720,594,0.933,0.117,2026-07-03T14:52:22
D:\Download\素材下载\团建视频\莫干山智能镜头分类,D:\Download\素材下载\团建视频\莫干山智能镜头分类\07_烧烤露营夜场\露营\004_莫干山_露营__S_V011_S012.mp4,07_烧烤露营夜场\露营\004_莫干山_露营__S_V011_S012.mp4,720,496,1.767,0.174,2026-07-03T14:52:23
D:\Download\素材下载\团建视频\莫干山智能镜头分类,D:\Download\素材下载\团建视频\莫干山智能镜头分类\07_烧烤露营夜场\露营\006_莫干山_露营__S_V018_S011.mp4,07_烧烤露营夜场\露营\006_莫干山_露营__S_V018_S011.mp4,720,590,2.167,0.156,2026-07-03T14:52:30
D:\Download\素材下载\团建视频\莫干山智能镜头分类,D:\Download\素材下载\团建视频\莫干山智能镜头分类\07_烧烤露营夜场\露营\007_莫干山_露营__S_V019_S014.mp4,07_烧烤露营夜场\露营\007_莫干山_露营__S_V019_S014.mp4,720,564,1.267,0.107,2026-07-03T14:52:32
D:\Download\素材下载\团建视频\莫干山智能镜头分类,D:\Download\素材下载\团建视频\莫干山智能镜头分类\07_烧烤露营夜场\露营\012_莫干山_露营__S_V024_S029.mp4,07_烧烤露营夜场\露营\012_莫干山_露营__S_V024_S029.mp4,720,572,1.4,0.137,2026-07-03T14:52:40
D:\Download\素材下载\团建视频\莫干山智能镜头分类,D:\Download\素材下载\团建视频\莫干山智能镜头分类\07_烧烤露营夜场\露营\013_莫干山_露营__B_V025_S016.mp4,07_烧烤露营夜场\露营\013_莫干山_露营__B_V025_S016.mp4,1080,802,3.267,1.255,2026-07-03T14:52:44
D:\Download\素材下载\团建视频\莫干山智能镜头分类,D:\Download\素材下载\团建视频\莫干山智能镜头分类\07_烧烤露营夜场\露营吃东西\006_莫干山_露营吃东西__A_V010_S019.mp4,07_烧烤露营夜场\露营吃东西\006_莫干山_露营吃东西__A_V010_S019.mp4,720,592,2.0,0.198,2026-07-03T14:52:56
D:\Download\素材下载\团建视频\莫干山智能镜头分类,D:\Download\素材下载\团建视频\莫干山智能镜头分类\07_烧烤露营夜场\露营吃东西\007_莫干山_露营吃东西__A_V010_S020.mp4,07_烧烤露营夜场\露营吃东西\007_莫干山_露营吃东西__A_V010_S020.mp4,720,564,0.567,0.082,2026-07-03T14:52:57
D:\Download\素材下载\团建视频\莫干山智能镜头分类,D:\Download\素材下载\团建视频\莫干山智能镜头分类\07_烧烤露营夜场\露营吃东西\008_莫干山_露营吃东西__B_V010_S021.mp4,07_烧烤露营夜场\露营吃东西\008_莫干山_露营吃东西__B_V010_S021.mp4,720,596,0.6,0.078,2026-07-03T14:52:59
D:\Download\素材下载\团建视频\莫干山智能镜头分类,D:\Download\素材下载\团建视频\莫干山智能镜头分类\07_烧烤露营夜场\露营吃东西\010_莫干山_露营吃东西__S_V018_S010.mp4,07_烧烤露营夜场\露营吃东西\010_莫干山_露营吃东西__S_V018_S010.mp4,720,596,2.2,0.305,2026-07-03T14:53:07
D:\Download\素材下载\团建视频\莫干山智能镜头分类,D:\Download\素材下载\团建视频\莫干山智能镜头分类\07_烧烤露营夜场\露营吃东西\012_莫干山_露营吃东西__S_V021_S009.mp4,07_烧烤露营夜场\露营吃东西\012_莫干山_露营吃东西__S_V021_S009.mp4,720,692,1.367,0.295,2026-07-03T14:53:14
D:\Download\素材下载\团建视频\莫干山智能镜头分类,D:\Download\素材下载\团建视频\莫干山智能镜头分类\07_烧烤露营夜场\露营吃东西\013_莫干山_露营吃东西__S_V021_S042.mp4,07_烧烤露营夜场\露营吃东西\013_莫干山_露营吃东西__S_V021_S042.mp4,720,634,2.5,0.606,2026-07-03T14:53:19
D:\Download\素材下载\团建视频\莫干山智能镜头分类,D:\Download\素材下载\团建视频\莫干山智能镜头分类\07_烧烤露营夜场\露营吃东西\014_莫干山_露营吃东西__B_V022_S020.mp4,07_烧烤露营夜场\露营吃东西\014_莫干山_露营吃东西__B_V022_S020.mp4,720,596,2.233,0.277,2026-07-03T14:53:23
D:\Download\素材下载\团建视频\莫干山智能镜头分类,D:\Download\素材下载\团建视频\莫干山智能镜头分类\07_烧烤露营夜场\露营吃东西\015_莫干山_露营吃东西__S_V023_S026.mp4,07_烧烤露营夜场\露营吃东西\015_莫干山_露营吃东西__S_V023_S026.mp4,720,678,1.167,0.328,2026-07-03T14:53:26
D:\Download\素材下载\团建视频\莫干山智能镜头分类,D:\Download\素材下载\团建视频\莫干山智能镜头分类\07_烧烤露营夜场\露营吃东西\016_莫干山_露营吃东西__S_V023_S042.mp4,07_烧烤露营夜场\露营吃东西\016_莫干山_露营吃东西__S_V023_S042.mp4,720,678,2.1,0.459,2026-07-03T14:53:29
D:\Download\素材下载\团建视频\莫干山智能镜头分类,D:\Download\素材下载\团建视频\莫干山智能镜头分类\07_烧烤露营夜场\露营吃东西\017_莫干山_露营吃东西__B_V024_S022.mp4,07_烧烤露营夜场\露营吃东西\017_莫干山_露营吃东西__B_V024_S022.mp4,720,600,1.267,0.165,2026-07-03T14:53:31
D:\Download\素材下载\团建视频\莫干山智能镜头分类,D:\Download\素材下载\团建视频\莫干山智能镜头分类\08_人物反应\开心反应\001_莫干山_开心反应__S_V016_S048.mp4,08_人物反应\开心反应\001_莫干山_开心反应__S_V016_S048.mp4,1080,994,2.6,1.411,2026-07-03T14:53:36
D:\Download\素材下载\团建视频\莫干山智能镜头分类,D:\Download\素材下载\团建视频\莫干山智能镜头分类\08_人物反应\开心反应\002_莫干山_开心反应__A_V024_S002.mp4,08_人物反应\开心反应\002_莫干山_开心反应__A_V024_S002.mp4,720,602,1.1,0.122,2026-07-03T14:53:39
D:\Download\素材下载\团建视频\莫干山智能镜头分类,D:\Download\素材下载\团建视频\莫干山智能镜头分类\90_待人工分类\口播讲解\001_莫干山_口播讲解__S_V011_S001.mp4,90_待人工分类\口播讲解\001_莫干山_口播讲解__S_V011_S001.mp4,720,680,1.533,0.256,2026-07-03T14:53:41
D:\Download\素材下载\团建视频\莫干山智能镜头分类,D:\Download\素材下载\团建视频\莫干山智能镜头分类\90_待人工分类\口播讲解\002_莫干山_口播讲解__S_V011_S002.mp4,90_待人工分类\口播讲解\002_莫干山_口播讲解__S_V011_S002.mp4,720,640,0.633,0.105,2026-07-03T14:53:42
D:\Download\素材下载\团建视频\莫干山智能镜头分类,D:\Download\素材下载\团建视频\莫干山智能镜头分类\90_待人工分类\口播讲解\003_莫干山_口播讲解__S_V011_S003.mp4,90_待人工分类\口播讲解\003_莫干山_口播讲解__S_V011_S003.mp4,720,640,2.1,0.332,2026-07-03T14:53:45
D:\Download\素材下载\团建视频\莫干山智能镜头分类,D:\Download\素材下载\团建视频\莫干山智能镜头分类\90_待人工分类\口播讲解\004_莫干山_口播讲解__S_V011_S004.mp4,90_待人工分类\口播讲解\004_莫干山_口播讲解__S_V011_S004.mp4,720,680,1.7,0.304,2026-07-03T14:53:47
D:\Download\素材下载\团建视频\莫干山智能镜头分类,D:\Download\素材下载\团建视频\莫干山智能镜头分类\90_待人工分类\图文海报\010_莫干山_图文海报__S_V009_S010.mp4,90_待人工分类\图文海报\010_莫干山_图文海报__S_V009_S010.mp4,720,560,1.433,0.626,2026-07-03T14:54:27
D:\Download\素材下载\团建视频\莫干山智能镜头分类,D:\Download\素材下载\团建视频\莫干山智能镜头分类\90_待人工分类\图文海报\015_莫干山_图文海报__S_V009_S015.mp4,90_待人工分类\图文海报\015_莫干山_图文海报__S_V009_S015.mp4,720,706,3.0,1.435,2026-07-03T14:54:41
D:\Download\素材下载\团建视频\莫干山智能镜头分类,D:\Download\素材下载\团建视频\莫干山智能镜头分类\90_待人工分类\方案讲解\001_莫干山_方案讲解__S_V004_S001.mp4,90_待人工分类\方案讲解\001_莫干山_方案讲解__S_V004_S001.mp4,480,394,18.0,0.843,2026-07-03T14:54:53
D:\Download\素材下载\团建视频\莫干山智能镜头分类,D:\Download\素材下载\团建视频\莫干山智能镜头分类\90_待人工分类\方案讲解\002_莫干山_方案讲解__S_V004_S002.mp4,90_待人工分类\方案讲解\002_莫干山_方案讲解__S_V004_S002.mp4,480,402,2.533,0.146,2026-07-03T14:54:56
D:\Download\素材下载\团建视频\莫干山智能镜头分类,D:\Download\素材下载\团建视频\莫干山智能镜头分类\90_待人工分类\方案讲解\003_莫干山_方案讲解__S_V004_S003.mp4,90_待人工分类\方案讲解\003_莫干山_方案讲解__S_V004_S003.mp4,480,460,1.333,0.055,2026-07-03T14:54:58
D:\Download\素材下载\团建视频\莫干山智能镜头分类,D:\Download\素材下载\团建视频\莫干山智能镜头分类\90_待人工分类\方案讲解\004_莫干山_方案讲解__S_V004_S004.mp4,90_待人工分类\方案讲解\004_莫干山_方案讲解__S_V004_S004.mp4,480,470,1.467,0.048,2026-07-03T14:55:00
D:\Download\素材下载\团建视频\莫干山智能镜头分类,D:\Download\素材下载\团建视频\莫干山智能镜头分类\90_待人工分类\方案讲解\005_莫干山_方案讲解__S_V004_S005.mp4,90_待人工分类\方案讲解\005_莫干山_方案讲解__S_V004_S005.mp4,480,472,2.0,0.066,2026-07-03T14:55:02
D:\Download\素材下载\团建视频\莫干山智能镜头分类,D:\Download\素材下载\团建视频\莫干山智能镜头分类\90_待人工分类\方案讲解\006_莫干山_方案讲解__S_V004_S006.mp4,90_待人工分类\方案讲解\006_莫干山_方案讲解__S_V004_S006.mp4,480,472,2.3,0.065,2026-07-03T14:55:05
D:\Download\素材下载\团建视频\莫干山智能镜头分类,D:\Download\素材下载\团建视频\莫干山智能镜头分类\90_待人工分类\方案讲解\007_莫干山_方案讲解__S_V004_S007.mp4,90_待人工分类\方案讲解\007_莫干山_方案讲解__S_V004_S007.mp4,480,478,0.6,0.036,2026-07-03T14:55:07
D:\Download\素材下载\团建视频\莫干山智能镜头分类,D:\Download\素材下载\团建视频\莫干山智能镜头分类\90_待人工分类\方案讲解\009_莫干山_方案讲解__S_V004_S009_待人工确认.mp4,90_待人工分类\方案讲解\009_莫干山_方案讲解__S_V004_S009_待人工确认.mp4,480,472,2.2,0.043,2026-07-03T14:55:10
D:\Download\素材下载\团建视频\莫干山智能镜头分类,D:\Download\素材下载\团建视频\莫干山智能镜头分类\90_待人工分类\方案讲解\011_莫干山_方案讲解__S_V004_S011.mp4,90_待人工分类\方案讲解\011_莫干山_方案讲解__S_V004_S011.mp4,480,442,3.233,0.17,2026-07-03T14:55:16
D:\Download\素材下载\团建视频\莫干山智能镜头分类,D:\Download\素材下载\团建视频\莫干山智能镜头分类\90_待人工分类\方案讲解\017_莫干山_方案讲解__S_V004_S021.mp4,90_待人工分类\方案讲解\017_莫干山_方案讲解__S_V004_S021.mp4,480,446,2.733,0.401,2026-07-03T14:55:27
D:\Download\素材下载\团建视频\莫干山智能镜头分类,D:\Download\素材下载\团建视频\莫干山智能镜头分类\90_待人工分类\方案讲解\018_莫干山_方案讲解__S_V004_S022.mp4,90_待人工分类\方案讲解\018_莫干山_方案讲解__S_V004_S022.mp4,480,452,0.833,0.37,2026-07-03T14:55:29
D:\Download\素材下载\团建视频\莫干山智能镜头分类,D:\Download\素材下载\团建视频\莫干山智能镜头分类\90_待人工分类\方案讲解\019_莫干山_方案讲解__S_V004_S023.mp4,90_待人工分类\方案讲解\019_莫干山_方案讲解__S_V004_S023.mp4,480,448,2.067,0.766,2026-07-03T14:55:32
D:\Download\素材下载\团建视频\莫干山智能镜头分类,D:\Download\素材下载\团建视频\莫干山智能镜头分类\90_待人工分类\行程表截图\001_莫干山_行程表截图__S_V010_S007.mp4,90_待人工分类\行程表截图\001_莫干山_行程表截图__S_V010_S007.mp4,720,552,1.7,0.415,2026-07-03T14:56:04
