"path","source_video","method","status","time"
"D:\Download\素材下载\团建视频\千岛湖智能镜头分类\01_环境空镜\千岛湖风景俯拍\003_千岛湖_千岛湖风景俯拍__S_V005_S003.mp4","D:\Download\素材下载\团建视频\千岛湖智能镜头分类\01_环境空镜\千岛湖风景俯拍\003_千岛湖_千岛湖风景俯拍__S_V005_S003.mp4","recycle","deleted_to_recycle","2026-07-03T21:40:54"
"D:\Download\素材下载\团建视频\千岛湖智能镜头分类\01_环境空镜\千岛湖风景俯拍\004_千岛湖_千岛湖风景俯拍__S_V005_S004.mp4","D:\Download\素材下载\团建视频\千岛湖智能镜头分类\01_环境空镜\千岛湖风景俯拍\004_千岛湖_千岛湖风景俯拍__S_V005_S004.mp4","recycle","deleted_to_recycle","2026-07-03T21:40:54"
"D:\Download\素材下载\团建视频\千岛湖智能镜头分类\01_环境空镜\千岛湖风景俯拍\005_千岛湖_千岛湖风景俯拍__A_V011_S002.mp4","D:\Download\素材下载\团建视频\千岛湖智能镜头分类\01_环境空镜\千岛湖风景俯拍\005_千岛湖_千岛湖风景俯拍__A_V011_S002.mp4","recycle","deleted_to_recycle","2026-07-03T21:40:55"
"D:\Download\素材下载\团建视频\千岛湖智能镜头分类\02_出发抵达\大巴集合出发\002_千岛湖_大巴集合出发__S_V003_S007.mp4","D:\Download\素材下载\团建视频\千岛湖智能镜头分类\02_出发抵达\大巴集合出发\002_千岛湖_大巴集合出发__S_V003_S007.mp4","recycle","deleted_to_recycle","2026-07-03T21:40:55"
"D:\Download\素材下载\团建视频\千岛湖智能镜头分类\02_出发抵达\大巴集合出发\003_千岛湖_大巴集合出发__S_V005_S007.mp4","D:\Download\素材下载\团建视频\千岛湖智能镜头分类\02_出发抵达\大巴集合出发\003_千岛湖_大巴集合出发__S_V005_S007.mp4","recycle","deleted_to_recycle","2026-07-03T21:40:55"
"D:\Download\素材下载\团建视频\千岛湖智能镜头分类\02_出发抵达\大巴集合出发\004_千岛湖_大巴集合出发__A_V011_S004.mp4","D:\Download\素材下载\团建视频\千岛湖智能镜头分类\02_出发抵达\大巴集合出发\004_千岛湖_大巴集合出发__A_V011_S004.mp4","recycle","deleted_to_recycle","2026-07-03T21:40:55"
"D:\Download\素材下载\团建视频\千岛湖智能镜头分类\02_出发抵达\大巴集合出发\005_千岛湖_大巴集合出发__S_V011_S005.mp4","D:\Download\素材下载\团建视频\千岛湖智能镜头分类\02_出发抵达\大巴集合出发\005_千岛湖_大巴集合出发__S_V011_S005.mp4","recycle","deleted_to_recycle","2026-07-03T21:40:55"
"D:\Download\素材下载\团建视频\千岛湖智能镜头分类\03_住宿空间\别墅KTV棋牌室\001_千岛湖_别墅KTV棋牌室__S_V003_S018.mp4","D:\Download\素材下载\团建视频\千岛湖智能镜头分类\03_住宿空间\别墅KTV棋牌室\001_千岛湖_别墅KTV棋牌室__S_V003_S018.mp4","recycle","deleted_to_recycle","2026-07-03T21:40:55"
"D:\Download\素材下载\团建视频\千岛湖智能镜头分类\04_餐饮美食\千岛湖鱼宴\002_千岛湖_千岛湖鱼宴__S_V005_S008.mp4","D:\Download\素材下载\团建视频\千岛湖智能镜头分类\04_餐饮美食\千岛湖鱼宴\002_千岛湖_千岛湖鱼宴__S_V005_S008.mp4","recycle","deleted_to_recycle","2026-07-03T21:40:55"
"D:\Download\素材下载\团建视频\千岛湖智能镜头分类\04_餐饮美食\千岛湖鱼宴\003_千岛湖_千岛湖鱼宴__S_V005_S009.mp4","D:\Download\素材下载\团建视频\千岛湖智能镜头分类\04_餐饮美食\千岛湖鱼宴\003_千岛湖_千岛湖鱼宴__S_V005_S009.mp4","recycle","deleted_to_recycle","2026-07-03T21:40:55"
"D:\Download\素材下载\团建视频\千岛湖智能镜头分类\04_餐饮美食\菜品餐桌\001_千岛湖_菜品餐桌__S_V003_S002.mp4","D:\Download\素材下载\团建视频\千岛湖智能镜头分类\04_餐饮美食\菜品餐桌\001_千岛湖_菜品餐桌__S_V003_S002.mp4","recycle","deleted_to_recycle","2026-07-03T21:40:55"
"D:\Download\素材下载\团建视频\千岛湖智能镜头分类\04_餐饮美食\菜品餐桌\002_千岛湖_菜品餐桌__S_V003_S008.mp4","D:\Download\素材下载\团建视频\千岛湖智能镜头分类\04_餐饮美食\菜品餐桌\002_千岛湖_菜品餐桌__S_V003_S008.mp4","recycle","deleted_to_recycle","2026-07-03T21:40:55"
"D:\Download\素材下载\团建视频\千岛湖智能镜头分类\05_项目活动\摩托艇\001_千岛湖_摩托艇__S_V005_S015.mp4","D:\Download\素材下载\团建视频\千岛湖智能镜头分类\05_项目活动\摩托艇\001_千岛湖_摩托艇__S_V005_S015.mp4","recycle","deleted_to_recycle","2026-07-03T21:40:55"
"D:\Download\素材下载\团建视频\千岛湖智能镜头分类\05_项目活动\摩托艇\002_千岛湖_摩托艇__S_V005_S016.mp4","D:\Download\素材下载\团建视频\千岛湖智能镜头分类\05_项目活动\摩托艇\002_千岛湖_摩托艇__S_V005_S016.mp4","recycle","deleted_to_recycle","2026-07-03T21:40:55"
"D:\Download\素材下载\团建视频\千岛湖智能镜头分类\05_项目活动\水上乐园\003_千岛湖_水上乐园__S_V003_S011.mp4","D:\Download\素材下载\团建视频\千岛湖智能镜头分类\05_项目活动\水上乐园\003_千岛湖_水上乐园__S_V003_S011.mp4","recycle","deleted_to_recycle","2026-07-03T21:40:55"
"D:\Download\素材下载\团建视频\千岛湖智能镜头分类\05_项目活动\水上乐园\004_千岛湖_水上乐园__S_V005_S012.mp4","D:\Download\素材下载\团建视频\千岛湖智能镜头分类\05_项目活动\水上乐园\004_千岛湖_水上乐园__S_V005_S012.mp4","recycle","deleted_to_recycle","2026-07-03T21:40:55"
"D:\Download\素材下载\团建视频\千岛湖智能镜头分类\05_项目活动\水上乐园\005_千岛湖_水上乐园__S_V005_S013.mp4","D:\Download\素材下载\团建视频\千岛湖智能镜头分类\05_项目活动\水上乐园\005_千岛湖_水上乐园__S_V005_S013.mp4","recycle","deleted_to_recycle","2026-07-03T21:40:55"
"D:\Download\素材下载\团建视频\千岛湖智能镜头分类\05_项目活动\游艇游湖\001_千岛湖_游艇游湖__S_V003_S003.mp4","D:\Download\素材下载\团建视频\千岛湖智能镜头分类\05_项目活动\游艇游湖\001_千岛湖_游艇游湖__S_V003_S003.mp4","recycle","deleted_to_recycle","2026-07-03T21:40:55"
"D:\Download\素材下载\团建视频\千岛湖智能镜头分类\05_项目活动\游艇游湖\003_千岛湖_游艇游湖__A_V005_S017.mp4","D:\Download\素材下载\团建视频\千岛湖智能镜头分类\05_项目活动\游艇游湖\003_千岛湖_游艇游湖__A_V005_S017.mp4","recycle","deleted_to_recycle","2026-07-03T21:40:55"
"D:\Download\素材下载\团建视频\千岛湖智能镜头分类\05_项目活动\游艇游湖\004_千岛湖_游艇游湖__A_V005_S018.mp4","D:\Download\素材下载\团建视频\千岛湖智能镜头分类\05_项目活动\游艇游湖\004_千岛湖_游艇游湖__A_V005_S018.mp4","recycle","deleted_to_recycle","2026-07-03T21:40:56"
"D:\Download\素材下载\团建视频\千岛湖智能镜头分类\05_项目活动\游艇游湖\005_千岛湖_游艇游湖__B_V005_S019.mp4","D:\Download\素材下载\团建视频\千岛湖智能镜头分类\05_项目活动\游艇游湖\005_千岛湖_游艇游湖__B_V005_S019.mp4","recycle","deleted_to_recycle","2026-07-03T21:40:56"
"D:\Download\素材下载\团建视频\千岛湖智能镜头分类\05_项目活动\游艇游湖\006_千岛湖_游艇游湖__A_V005_S020.mp4","D:\Download\素材下载\团建视频\千岛湖智能镜头分类\05_项目活动\游艇游湖\006_千岛湖_游艇游湖__A_V005_S020.mp4","recycle","deleted_to_recycle","2026-07-03T21:40:56"
"D:\Download\素材下载\团建视频\千岛湖智能镜头分类\05_项目活动\游艇游湖\007_千岛湖_游艇游湖__B_V005_S021.mp4","D:\Download\素材下载\团建视频\千岛湖智能镜头分类\05_项目活动\游艇游湖\007_千岛湖_游艇游湖__B_V005_S021.mp4","recycle","deleted_to_recycle","2026-07-03T21:40:56"
"D:\Download\素材下载\团建视频\千岛湖智能镜头分类\05_项目活动\湖边骑行\002_千岛湖_湖边骑行__S_V005_S028.mp4","D:\Download\素材下载\团建视频\千岛湖智能镜头分类\05_项目活动\湖边骑行\002_千岛湖_湖边骑行__S_V005_S028.mp4","recycle","deleted_to_recycle","2026-07-03T21:40:56"
"D:\Download\素材下载\团建视频\千岛湖智能镜头分类\05_项目活动\湖边骑行\003_千岛湖_湖边骑行__S_V005_S029.mp4","D:\Download\素材下载\团建视频\千岛湖智能镜头分类\05_项目活动\湖边骑行\003_千岛湖_湖边骑行__S_V005_S029.mp4","recycle","deleted_to_recycle","2026-07-03T21:40:56"
"D:\Download\素材下载\团建视频\千岛湖智能镜头分类\06_团队互动\团队合照\001_千岛湖_团队合照__S_V005_S030.mp4","D:\Download\素材下载\团建视频\千岛湖智能镜头分类\06_团队互动\团队合照\001_千岛湖_团队合照__S_V005_S030.mp4","recycle","deleted_to_recycle","2026-07-03T21:40:56"
"D:\Download\素材下载\团建视频\千岛湖智能镜头分类\06_团队互动\团队合照\002_千岛湖_团队合照__S_V005_S031.mp4","D:\Download\素材下载\团建视频\千岛湖智能镜头分类\06_团队互动\团队合照\002_千岛湖_团队合照__S_V005_S031.mp4","recycle","deleted_to_recycle","2026-07-03T21:40:56"
"D:\Download\素材下载\团建视频\千岛湖智能镜头分类\07_烧烤露营夜场\烧烤\003_千岛湖_烧烤__S_V003_S024.mp4","D:\Download\素材下载\团建视频\千岛湖智能镜头分类\07_烧烤露营夜场\烧烤\003_千岛湖_烧烤__S_V003_S024.mp4","recycle","deleted_to_recycle","2026-07-03T21:40:56"
"D:\Download\素材下载\团建视频\千岛湖智能镜头分类\07_烧烤露营夜场\烧烤\006_千岛湖_烧烤__S_V005_S024.mp4","D:\Download\素材下载\团建视频\千岛湖智能镜头分类\07_烧烤露营夜场\烧烤\006_千岛湖_烧烤__S_V005_S024.mp4","recycle","deleted_to_recycle","2026-07-03T21:40:56"
"D:\Download\素材下载\团建视频\千岛湖智能镜头分类\07_烧烤露营夜场\烧烤\007_千岛湖_烧烤__S_V005_S025.mp4","D:\Download\素材下载\团建视频\千岛湖智能镜头分类\07_烧烤露营夜场\烧烤\007_千岛湖_烧烤__S_V005_S025.mp4","recycle","deleted_to_recycle","2026-07-03T21:40:56"
"D:\Download\素材下载\团建视频\千岛湖智能镜头分类\07_烧烤露营夜场\篝火\001_千岛湖_篝火__B_V005_S026.mp4","D:\Download\素材下载\团建视频\千岛湖智能镜头分类\07_烧烤露营夜场\篝火\001_千岛湖_篝火__B_V005_S026.mp4","recycle","deleted_to_recycle","2026-07-03T21:40:56"
"D:\Download\素材下载\团建视频\千岛湖智能镜头分类\07_烧烤露营夜场\露营\001_千岛湖_露营__B_V005_S023.mp4","D:\Download\素材下载\团建视频\千岛湖智能镜头分类\07_烧烤露营夜场\露营\001_千岛湖_露营__B_V005_S023.mp4","recycle","deleted_to_recycle","2026-07-03T21:40:56"
"D:\Download\素材下载\团建视频\千岛湖智能镜头分类\07_烧烤露营夜场\露营吃东西\002_千岛湖_露营吃东西__A_V011_S001.mp4","D:\Download\素材下载\团建视频\千岛湖智能镜头分类\07_烧烤露营夜场\露营吃东西\002_千岛湖_露营吃东西__A_V011_S001.mp4","recycle","deleted_to_recycle","2026-07-03T21:40:56"
"D:\Download\素材下载\团建视频\千岛湖智能镜头分类\10_收尾返程\返程大巴\001_千岛湖_返程大巴__S_V005_S033.mp4","D:\Download\素材下载\团建视频\千岛湖智能镜头分类\10_收尾返程\返程大巴\001_千岛湖_返程大巴__S_V005_S033.mp4","recycle","deleted_to_recycle","2026-07-03T21:40:56"
"D:\Download\素材下载\团建视频\安吉智能镜头分类\01_环境空镜\安吉景区入口\001_安吉_安吉景区入口__S_V001_S010.mp4","D:\Download\素材下载\团建视频\安吉智能镜头分类\01_环境空镜\安吉景区入口\001_安吉_安吉景区入口__S_V001_S010.mp4","recycle","deleted_to_recycle","2026-07-03T21:40:56"
"D:\Download\素材下载\团建视频\安吉智能镜头分类\01_环境空镜\安吉景区入口\002_安吉_安吉景区入口__S_V003_S005.mp4","D:\Download\素材下载\团建视频\安吉智能镜头分类\01_环境空镜\安吉景区入口\002_安吉_安吉景区入口__S_V003_S005.mp4","recycle","deleted_to_recycle","2026-07-03T21:40:56"
"D:\Download\素材下载\团建视频\安吉智能镜头分类\01_环境空镜\安吉风景\001_安吉_安吉风景__S_V001_S007.mp4","D:\Download\素材下载\团建视频\安吉智能镜头分类\01_环境空镜\安吉风景\001_安吉_安吉风景__S_V001_S007.mp4","recycle","deleted_to_recycle","2026-07-03T21:40:56"
"D:\Download\素材下载\团建视频\安吉智能镜头分类\01_环境空镜\安吉风景\002_安吉_安吉风景__S_V001_S033.mp4","D:\Download\素材下载\团建视频\安吉智能镜头分类\01_环境空镜\安吉风景\002_安吉_安吉风景__S_V001_S033.mp4","recycle","deleted_to_recycle","2026-07-03T21:40:57"
"D:\Download\素材下载\团建视频\安吉智能镜头分类\01_环境空镜\安吉风景\003_安吉_安吉风景__S_V001_S034.mp4","D:\Download\素材下载\团建视频\安吉智能镜头分类\01_环境空镜\安吉风景\003_安吉_安吉风景__S_V001_S034.mp4","recycle","deleted_to_recycle","2026-07-03T21:40:57"
"D:\Download\素材下载\团建视频\安吉智能镜头分类\01_环境空镜\安吉风景\004_安吉_安吉风景__S_V001_S035.mp4","D:\Download\素材下载\团建视频\安吉智能镜头分类\01_环境空镜\安吉风景\004_安吉_安吉风景__S_V001_S035.mp4","recycle","deleted_to_recycle","2026-07-03T21:40:57"
"D:\Download\素材下载\团建视频\安吉智能镜头分类\01_环境空镜\安吉风景\005_安吉_安吉风景__S_V003_S001.mp4","D:\Download\素材下载\团建视频\安吉智能镜头分类\01_环境空镜\安吉风景\005_安吉_安吉风景__S_V003_S001.mp4","recycle","deleted_to_recycle","2026-07-03T21:40:57"
"D:\Download\素材下载\团建视频\安吉智能镜头分类\01_环境空镜\安吉风景\006_安吉_安吉风景__S_V003_S027.mp4","D:\Download\素材下载\团建视频\安吉智能镜头分类\01_环境空镜\安吉风景\006_安吉_安吉风景__S_V003_S027.mp4","recycle","deleted_to_recycle","2026-07-03T21:40:57"
"D:\Download\素材下载\团建视频\安吉智能镜头分类\01_环境空镜\安吉风景\007_安吉_安吉风景__S_V003_S028.mp4","D:\Download\素材下载\团建视频\安吉智能镜头分类\01_环境空镜\安吉风景\007_安吉_安吉风景__S_V003_S028.mp4","recycle","deleted_to_recycle","2026-07-03T21:40:57"
"D:\Download\素材下载\团建视频\安吉智能镜头分类\01_环境空镜\安吉风景\008_安吉_安吉风景__S_V004_S001.mp4","D:\Download\素材下载\团建视频\安吉智能镜头分类\01_环境空镜\安吉风景\008_安吉_安吉风景__S_V004_S001.mp4","recycle","deleted_to_recycle","2026-07-03T21:40:57"
"D:\Download\素材下载\团建视频\安吉智能镜头分类\01_环境空镜\安吉风景\009_安吉_安吉风景__A_V006_S004.mp4","D:\Download\素材下载\团建视频\安吉智能镜头分类\01_环境空镜\安吉风景\009_安吉_安吉风景__A_V006_S004.mp4","recycle","deleted_to_recycle","2026-07-03T21:40:57"
"D:\Download\素材下载\团建视频\安吉智能镜头分类\01_环境空镜\安吉风景\010_安吉_安吉风景__S_V006_S007.mp4","D:\Download\素材下载\团建视频\安吉智能镜头分类\01_环境空镜\安吉风景\010_安吉_安吉风景__S_V006_S007.mp4","recycle","deleted_to_recycle","2026-07-03T21:40:57"
"D:\Download\素材下载\团建视频\安吉智能镜头分类\01_环境空镜\安吉风景\011_安吉_安吉风景__S_V006_S008.mp4","D:\Download\素材下载\团建视频\安吉智能镜头分类\01_环境空镜\安吉风景\011_安吉_安吉风景__S_V006_S008.mp4","recycle","deleted_to_recycle","2026-07-03T21:40:57"
"D:\Download\素材下载\团建视频\安吉智能镜头分类\01_环境空镜\安吉风景\012_安吉_安吉风景__A_V009_S018.mp4","D:\Download\素材下载\团建视频\安吉智能镜头分类\01_环境空镜\安吉风景\012_安吉_安吉风景__A_V009_S018.mp4","recycle","deleted_to_recycle","2026-07-03T21:40:57"
"D:\Download\素材下载\团建视频\安吉智能镜头分类\01_环境空镜\安吉风景\015_安吉_安吉风景__S_V010_S035.mp4","D:\Download\素材下载\团建视频\安吉智能镜头分类\01_环境空镜\安吉风景\015_安吉_安吉风景__S_V010_S035.mp4","recycle","deleted_to_recycle","2026-07-03T21:40:57"
"D:\Download\素材下载\团建视频\安吉智能镜头分类\01_环境空镜\安吉风景俯拍\001_安吉_安吉风景俯拍__S_V001_S001.mp4","D:\Download\素材下载\团建视频\安吉智能镜头分类\01_环境空镜\安吉风景俯拍\001_安吉_安吉风景俯拍__S_V001_S001.mp4","recycle","deleted_to_recycle","2026-07-03T21:40:57"
"D:\Download\素材下载\团建视频\安吉智能镜头分类\01_环境空镜\安吉风景俯拍\002_安吉_安吉风景俯拍__A_V001_S002.mp4","D:\Download\素材下载\团建视频\安吉智能镜头分类\01_环境空镜\安吉风景俯拍\002_安吉_安吉风景俯拍__A_V001_S002.mp4","recycle","deleted_to_recycle","2026-07-03T21:40:58"
"D:\Download\素材下载\团建视频\安吉智能镜头分类\01_环境空镜\安吉风景俯拍\003_安吉_安吉风景俯拍__S_V001_S003.mp4","D:\Download\素材下载\团建视频\安吉智能镜头分类\01_环境空镜\安吉风景俯拍\003_安吉_安吉风景俯拍__S_V001_S003.mp4","recycle","deleted_to_recycle","2026-07-03T21:40:58"
"D:\Download\素材下载\团建视频\安吉智能镜头分类\01_环境空镜\安吉风景俯拍\004_安吉_安吉风景俯拍__S_V001_S004.mp4","D:\Download\素材下载\团建视频\安吉智能镜头分类\01_环境空镜\安吉风景俯拍\004_安吉_安吉风景俯拍__S_V001_S004.mp4","recycle","deleted_to_recycle","2026-07-03T21:40:58"
"D:\Download\素材下载\团建视频\安吉智能镜头分类\01_环境空镜\安吉风景俯拍\005_安吉_安吉风景俯拍__S_V001_S005.mp4","D:\Download\素材下载\团建视频\安吉智能镜头分类\01_环境空镜\安吉风景俯拍\005_安吉_安吉风景俯拍__S_V001_S005.mp4","recycle","deleted_to_recycle","2026-07-03T21:40:58"
"D:\Download\素材下载\团建视频\安吉智能镜头分类\01_环境空镜\安吉风景俯拍\006_安吉_安吉风景俯拍__S_V001_S006.mp4","D:\Download\素材下载\团建视频\安吉智能镜头分类\01_环境空镜\安吉风景俯拍\006_安吉_安吉风景俯拍__S_V001_S006.mp4","recycle","deleted_to_recycle","2026-07-03T21:40:58"
"D:\Download\素材下载\团建视频\安吉智能镜头分类\01_环境空镜\安吉风景俯拍\007_安吉_安吉风景俯拍__S_V002_S010.mp4","D:\Download\素材下载\团建视频\安吉智能镜头分类\01_环境空镜\安吉风景俯拍\007_安吉_安吉风景俯拍__S_V002_S010.mp4","recycle","deleted_to_recycle","2026-07-03T21:40:58"
"D:\Download\素材下载\团建视频\安吉智能镜头分类\01_环境空镜\安吉风景俯拍\008_安吉_安吉风景俯拍__S_V002_S011_待人工确认.mp4","D:\Download\素材下载\团建视频\安吉智能镜头分类\01_环境空镜\安吉风景俯拍\008_安吉_安吉风景俯拍__S_V002_S011_待人工确认.mp4","recycle","deleted_to_recycle","2026-07-03T21:40:58"
"D:\Download\素材下载\团建视频\安吉智能镜头分类\01_环境空镜\安吉风景俯拍\009_安吉_安吉风景俯拍__S_V003_S002.mp4","D:\Download\素材下载\团建视频\安吉智能镜头分类\01_环境空镜\安吉风景俯拍\009_安吉_安吉风景俯拍__S_V003_S002.mp4","recycle","deleted_to_recycle","2026-07-03T21:40:58"
"D:\Download\素材下载\团建视频\安吉智能镜头分类\01_环境空镜\安吉风景俯拍\010_安吉_安吉风景俯拍__S_V003_S003.mp4","D:\Download\素材下载\团建视频\安吉智能镜头分类\01_环境空镜\安吉风景俯拍\010_安吉_安吉风景俯拍__S_V003_S003.mp4","recycle","deleted_to_recycle","2026-07-03T21:40:58"
"D:\Download\素材下载\团建视频\安吉智能镜头分类\01_环境空镜\安吉风景俯拍\011_安吉_安吉风景俯拍__S_V010_S032.mp4","D:\Download\素材下载\团建视频\安吉智能镜头分类\01_环境空镜\安吉风景俯拍\011_安吉_安吉风景俯拍__S_V010_S032.mp4","recycle","deleted_to_recycle","2026-07-03T21:40:58"
"D:\Download\素材下载\团建视频\安吉智能镜头分类\01_环境空镜\峡谷瀑布空镜\001_安吉_峡谷瀑布空镜__S_V008_S016.mp4","D:\Download\素材下载\团建视频\安吉智能镜头分类\01_环境空镜\峡谷瀑布空镜\001_安吉_峡谷瀑布空镜__S_V008_S016.mp4","recycle","deleted_to_recycle","2026-07-03T21:40:58"
"D:\Download\素材下载\团建视频\安吉智能镜头分类\01_环境空镜\峡谷瀑布空镜\002_安吉_峡谷瀑布空镜__S_V008_S017.mp4","D:\Download\素材下载\团建视频\安吉智能镜头分类\01_环境空镜\峡谷瀑布空镜\002_安吉_峡谷瀑布空镜__S_V008_S017.mp4","recycle","deleted_to_recycle","2026-07-03T21:40:58"
"D:\Download\素材下载\团建视频\安吉智能镜头分类\01_环境空镜\竹林风景\001_安吉_竹林风景__A_V003_S007.mp4","D:\Download\素材下载\团建视频\安吉智能镜头分类\01_环境空镜\竹林风景\001_安吉_竹林风景__A_V003_S007.mp4","recycle","deleted_to_recycle","2026-07-03T21:40:58"
"D:\Download\素材下载\团建视频\安吉智能镜头分类\02_出发抵达\大巴集合出发\002_安吉_大巴集合出发__S_V008_S010.mp4","D:\Download\素材下载\团建视频\安吉智能镜头分类\02_出发抵达\大巴集合出发\002_安吉_大巴集合出发__S_V008_S010.mp4","recycle","deleted_to_recycle","2026-07-03T21:40:58"
"D:\Download\素材下载\团建视频\安吉智能镜头分类\02_出发抵达\大巴集合出发\004_安吉_大巴集合出发__S_V010_S001.mp4","D:\Download\素材下载\团建视频\安吉智能镜头分类\02_出发抵达\大巴集合出发\004_安吉_大巴集合出发__S_V010_S001.mp4","recycle","deleted_to_recycle","2026-07-03T21:40:58"
"D:\Download\素材下载\团建视频\安吉智能镜头分类\02_出发抵达\山路抵达\001_安吉_山路抵达__S_V011_S002.mp4","D:\Download\素材下载\团建视频\安吉智能镜头分类\02_出发抵达\山路抵达\001_安吉_山路抵达__S_V011_S002.mp4","recycle","deleted_to_recycle","2026-07-03T21:40:58"
"D:\Download\素材下载\团建视频\安吉智能镜头分类\03_住宿空间\民宿外观\001_安吉_民宿外观__S_V011_S010.mp4","D:\Download\素材下载\团建视频\安吉智能镜头分类\03_住宿空间\民宿外观\001_安吉_民宿外观__S_V011_S010.mp4","recycle","deleted_to_recycle","2026-07-03T21:40:58"
"D:\Download\素材下载\团建视频\安吉智能镜头分类\03_住宿空间\民宿庭院\005_安吉_民宿庭院__S_V004_S009.mp4","D:\Download\素材下载\团建视频\安吉智能镜头分类\03_住宿空间\民宿庭院\005_安吉_民宿庭院__S_V004_S009.mp4","recycle","deleted_to_recycle","2026-07-03T21:40:58"
"D:\Download\素材下载\团建视频\安吉智能镜头分类\03_住宿空间\民宿庭院\006_安吉_民宿庭院__S_V004_S010.mp4","D:\Download\素材下载\团建视频\安吉智能镜头分类\03_住宿空间\民宿庭院\006_安吉_民宿庭院__S_V004_S010.mp4","recycle","deleted_to_recycle","2026-07-03T21:40:58"
"D:\Download\素材下载\团建视频\安吉智能镜头分类\03_住宿空间\民宿庭院\007_安吉_民宿庭院__S_V004_S011.mp4","D:\Download\素材下载\团建视频\安吉智能镜头分类\03_住宿空间\民宿庭院\007_安吉_民宿庭院__S_V004_S011.mp4","recycle","deleted_to_recycle","2026-07-03T21:40:58"
"D:\Download\素材下载\团建视频\安吉智能镜头分类\03_住宿空间\民宿庭院\008_安吉_民宿庭院__S_V004_S012.mp4","D:\Download\素材下载\团建视频\安吉智能镜头分类\03_住宿空间\民宿庭院\008_安吉_民宿庭院__S_V004_S012.mp4","recycle","deleted_to_recycle","2026-07-03T21:40:59"
"D:\Download\素材下载\团建视频\安吉智能镜头分类\03_住宿空间\温泉别墅\001_安吉_温泉别墅__A_V003_S012.mp4","D:\Download\素材下载\团建视频\安吉智能镜头分类\03_住宿空间\温泉别墅\001_安吉_温泉别墅__A_V003_S012.mp4","recycle","deleted_to_recycle","2026-07-03T21:40:59"
"D:\Download\素材下载\团建视频\安吉智能镜头分类\03_住宿空间\酒店民宿房间\001_安吉_酒店民宿房间__S_V008_S029.mp4","D:\Download\素材下载\团建视频\安吉智能镜头分类\03_住宿空间\酒店民宿房间\001_安吉_酒店民宿房间__S_V008_S029.mp4","recycle","deleted_to_recycle","2026-07-03T21:40:59"
"D:\Download\素材下载\团建视频\安吉智能镜头分类\03_住宿空间\酒店民宿房间\002_安吉_酒店民宿房间__S_V008_S030.mp4","D:\Download\素材下载\团建视频\安吉智能镜头分类\03_住宿空间\酒店民宿房间\002_安吉_酒店民宿房间__S_V008_S030.mp4","recycle","deleted_to_recycle","2026-07-03T21:40:59"
"D:\Download\素材下载\团建视频\安吉智能镜头分类\03_住宿空间\酒店民宿房间\003_安吉_酒店民宿房间__S_V010_S029.mp4","D:\Download\素材下载\团建视频\安吉智能镜头分类\03_住宿空间\酒店民宿房间\003_安吉_酒店民宿房间__S_V010_S029.mp4","recycle","deleted_to_recycle","2026-07-03T21:40:59"
"D:\Download\素材下载\团建视频\安吉智能镜头分类\04_餐饮美食\下午茶点\001_安吉_下午茶点__A_V004_S013.mp4","D:\Download\素材下载\团建视频\安吉智能镜头分类\04_餐饮美食\下午茶点\001_安吉_下午茶点__A_V004_S013.mp4","recycle","deleted_to_recycle","2026-07-03T21:40:59"
"D:\Download\素材下载\团建视频\安吉智能镜头分类\04_餐饮美食\水果饮品\001_安吉_水果饮品__S_V010_S004.mp4","D:\Download\素材下载\团建视频\安吉智能镜头分类\04_餐饮美食\水果饮品\001_安吉_水果饮品__S_V010_S004.mp4","recycle","deleted_to_recycle","2026-07-03T21:40:59"
"D:\Download\素材下载\团建视频\安吉智能镜头分类\04_餐饮美食\水果饮品\002_安吉_水果饮品__S_V010_S005.mp4","D:\Download\素材下载\团建视频\安吉智能镜头分类\04_餐饮美食\水果饮品\002_安吉_水果饮品__S_V010_S005.mp4","recycle","deleted_to_recycle","2026-07-03T21:40:59"
"D:\Download\素材下载\团建视频\安吉智能镜头分类\04_餐饮美食\碰杯互动\001_安吉_碰杯互动__S_V008_S039.mp4","D:\Download\素材下载\团建视频\安吉智能镜头分类\04_餐饮美食\碰杯互动\001_安吉_碰杯互动__S_V008_S039.mp4","recycle","deleted_to_recycle","2026-07-03T21:40:59"
"D:\Download\素材下载\团建视频\安吉智能镜头分类\04_餐饮美食\碰杯互动\002_安吉_碰杯互动__S_V010_S008.mp4","D:\Download\素材下载\团建视频\安吉智能镜头分类\04_餐饮美食\碰杯互动\002_安吉_碰杯互动__S_V010_S008.mp4","recycle","deleted_to_recycle","2026-07-03T21:40:59"
"D:\Download\素材下载\团建视频\安吉智能镜头分类\04_餐饮美食\菜品餐桌\001_安吉_菜品餐桌__S_V003_S004.mp4","D:\Download\素材下载\团建视频\安吉智能镜头分类\04_餐饮美食\菜品餐桌\001_安吉_菜品餐桌__S_V003_S004.mp4","recycle","deleted_to_recycle","2026-07-03T21:40:59"
"D:\Download\素材下载\团建视频\安吉智能镜头分类\04_餐饮美食\菜品餐桌\002_安吉_菜品餐桌__S_V003_S022.mp4","D:\Download\素材下载\团建视频\安吉智能镜头分类\04_餐饮美食\菜品餐桌\002_安吉_菜品餐桌__S_V003_S022.mp4","recycle","deleted_to_recycle","2026-07-03T21:40:59"
"D:\Download\素材下载\团建视频\安吉智能镜头分类\04_餐饮美食\菜品餐桌\003_安吉_菜品餐桌__S_V004_S018.mp4","D:\Download\素材下载\团建视频\安吉智能镜头分类\04_餐饮美食\菜品餐桌\003_安吉_菜品餐桌__S_V004_S018.mp4","recycle","deleted_to_recycle","2026-07-03T21:40:59"
"D:\Download\素材下载\团建视频\安吉智能镜头分类\04_餐饮美食\菜品餐桌\004_安吉_菜品餐桌__S_V004_S019.mp4","D:\Download\素材下载\团建视频\安吉智能镜头分类\04_餐饮美食\菜品餐桌\004_安吉_菜品餐桌__S_V004_S019.mp4","recycle","deleted_to_recycle","2026-07-03T21:40:59"
"D:\Download\素材下载\团建视频\安吉智能镜头分类\04_餐饮美食\菜品餐桌\005_安吉_菜品餐桌__S_V008_S011.mp4","D:\Download\素材下载\团建视频\安吉智能镜头分类\04_餐饮美食\菜品餐桌\005_安吉_菜品餐桌__S_V008_S011.mp4","recycle","deleted_to_recycle","2026-07-03T21:40:59"
"D:\Download\素材下载\团建视频\安吉智能镜头分类\04_餐饮美食\菜品餐桌\006_安吉_菜品餐桌__S_V008_S012.mp4","D:\Download\素材下载\团建视频\安吉智能镜头分类\04_餐饮美食\菜品餐桌\006_安吉_菜品餐桌__S_V008_S012.mp4","recycle","deleted_to_recycle","2026-07-03T21:40:59"
"D:\Download\素材下载\团建视频\安吉智能镜头分类\04_餐饮美食\菜品餐桌\007_安吉_菜品餐桌__S_V008_S013.mp4","D:\Download\素材下载\团建视频\安吉智能镜头分类\04_餐饮美食\菜品餐桌\007_安吉_菜品餐桌__S_V008_S013.mp4","recycle","deleted_to_recycle","2026-07-03T21:40:59"
"D:\Download\素材下载\团建视频\安吉智能镜头分类\04_餐饮美食\菜品餐桌\008_安吉_菜品餐桌__S_V008_S014.mp4","D:\Download\素材下载\团建视频\安吉智能镜头分类\04_餐饮美食\菜品餐桌\008_安吉_菜品餐桌__S_V008_S014.mp4","recycle","deleted_to_recycle","2026-07-03T21:40:59"
"D:\Download\素材下载\团建视频\安吉智能镜头分类\04_餐饮美食\菜品餐桌\010_安吉_菜品餐桌__S_V008_S038.mp4","D:\Download\素材下载\团建视频\安吉智能镜头分类\04_餐饮美食\菜品餐桌\010_安吉_菜品餐桌__S_V008_S038.mp4","recycle","deleted_to_recycle","2026-07-03T21:40:59"
"D:\Download\素材下载\团建视频\安吉智能镜头分类\04_餐饮美食\菜品餐桌\011_安吉_菜品餐桌__S_V009_S006.mp4","D:\Download\素材下载\团建视频\安吉智能镜头分类\04_餐饮美食\菜品餐桌\011_安吉_菜品餐桌__S_V009_S006.mp4","recycle","deleted_to_recycle","2026-07-03T21:40:59"
"D:\Download\素材下载\团建视频\安吉智能镜头分类\04_餐饮美食\菜品餐桌\012_安吉_菜品餐桌__S_V009_S016.mp4","D:\Download\素材下载\团建视频\安吉智能镜头分类\04_餐饮美食\菜品餐桌\012_安吉_菜品餐桌__S_V009_S016.mp4","recycle","deleted_to_recycle","2026-07-03T21:40:59"
"D:\Download\素材下载\团建视频\安吉智能镜头分类\04_餐饮美食\菜品餐桌\013_安吉_菜品餐桌__S_V010_S007.mp4","D:\Download\素材下载\团建视频\安吉智能镜头分类\04_餐饮美食\菜品餐桌\013_安吉_菜品餐桌__S_V010_S007.mp4","recycle","deleted_to_recycle","2026-07-03T21:40:59"
"D:\Download\素材下载\团建视频\安吉智能镜头分类\04_餐饮美食\菜品餐桌\014_安吉_菜品餐桌__S_V011_S027.mp4","D:\Download\素材下载\团建视频\安吉智能镜头分类\04_餐饮美食\菜品餐桌\014_安吉_菜品餐桌__S_V011_S027.mp4","recycle","deleted_to_recycle","2026-07-03T21:41:00"
"D:\Download\素材下载\团建视频\安吉智能镜头分类\05_项目活动\山地越野车\001_安吉_山地越野车__S_V004_S021.mp4","D:\Download\素材下载\团建视频\安吉智能镜头分类\05_项目活动\山地越野车\001_安吉_山地越野车__S_V004_S021.mp4","recycle","deleted_to_recycle","2026-07-03T21:41:00"
"D:\Download\素材下载\团建视频\安吉智能镜头分类\05_项目活动\山地越野车\002_安吉_山地越野车__S_V004_S022.mp4","D:\Download\素材下载\团建视频\安吉智能镜头分类\05_项目活动\山地越野车\002_安吉_山地越野车__S_V004_S022.mp4","recycle","deleted_to_recycle","2026-07-03T21:41:00"
"D:\Download\素材下载\团建视频\安吉智能镜头分类\05_项目活动\山地越野车\003_安吉_山地越野车__S_V004_S023.mp4","D:\Download\素材下载\团建视频\安吉智能镜头分类\05_项目活动\山地越野车\003_安吉_山地越野车__S_V004_S023.mp4","recycle","deleted_to_recycle","2026-07-03T21:41:00"
"D:\Download\素材下载\团建视频\安吉智能镜头分类\05_项目活动\挖笋农事体验\001_安吉_挖笋农事体验__S_V003_S024.mp4","D:\Download\素材下载\团建视频\安吉智能镜头分类\05_项目活动\挖笋农事体验\001_安吉_挖笋农事体验__S_V003_S024.mp4","recycle","deleted_to_recycle","2026-07-03T21:41:00"
"D:\Download\素材下载\团建视频\安吉智能镜头分类\05_项目活动\挖笋农事体验\002_安吉_挖笋农事体验__S_V003_S025.mp4","D:\Download\素材下载\团建视频\安吉智能镜头分类\05_项目活动\挖笋农事体验\002_安吉_挖笋农事体验__S_V003_S025.mp4","recycle","deleted_to_recycle","2026-07-03T21:41:00"
"D:\Download\素材下载\团建视频\安吉智能镜头分类\05_项目活动\挖笋农事体验\003_安吉_挖笋农事体验__S_V003_S026.mp4","D:\Download\素材下载\团建视频\安吉智能镜头分类\05_项目活动\挖笋农事体验\003_安吉_挖笋农事体验__S_V003_S026.mp4","recycle","deleted_to_recycle","2026-07-03T21:41:00"
"D:\Download\素材下载\团建视频\安吉智能镜头分类\05_项目活动\文化参观\001_安吉_文化参观__S_V006_S017.mp4","D:\Download\素材下载\团建视频\安吉智能镜头分类\05_项目活动\文化参观\001_安吉_文化参观__S_V006_S017.mp4","recycle","deleted_to_recycle","2026-07-03T21:41:00"
"D:\Download\素材下载\团建视频\安吉智能镜头分类\05_项目活动\文化参观\002_安吉_文化参观__S_V006_S018.mp4","D:\Download\素材下载\团建视频\安吉智能镜头分类\05_项目活动\文化参观\002_安吉_文化参观__S_V006_S018.mp4","recycle","deleted_to_recycle","2026-07-03T21:41:00"
"D:\Download\素材下载\团建视频\安吉智能镜头分类\05_项目活动\文化参观\003_安吉_文化参观__S_V006_S019.mp4","D:\Download\素材下载\团建视频\安吉智能镜头分类\05_项目活动\文化参观\003_安吉_文化参观__S_V006_S019.mp4","recycle","deleted_to_recycle","2026-07-03T21:41:00"
"D:\Download\素材下载\团建视频\安吉智能镜头分类\05_项目活动\文化参观\004_安吉_文化参观__B_V006_S020.mp4","D:\Download\素材下载\团建视频\安吉智能镜头分类\05_项目活动\文化参观\004_安吉_文化参观__B_V006_S020.mp4","recycle","deleted_to_recycle","2026-07-03T21:41:00"
"D:\Download\素材下载\团建视频\安吉智能镜头分类\05_项目活动\水上乐园\001_安吉_水上乐园__S_V001_S014.mp4","D:\Download\素材下载\团建视频\安吉智能镜头分类\05_项目活动\水上乐园\001_安吉_水上乐园__S_V001_S014.mp4","recycle","deleted_to_recycle","2026-07-03T21:41:00"
"D:\Download\素材下载\团建视频\安吉智能镜头分类\05_项目活动\水上乐园\002_安吉_水上乐园__S_V001_S015.mp4","D:\Download\素材下载\团建视频\安吉智能镜头分类\05_项目活动\水上乐园\002_安吉_水上乐园__S_V001_S015.mp4","recycle","deleted_to_recycle","2026-07-03T21:41:00"
"D:\Download\素材下载\团建视频\安吉智能镜头分类\05_项目活动\水上乐园\003_安吉_水上乐园__S_V001_S016.mp4","D:\Download\素材下载\团建视频\安吉智能镜头分类\05_项目活动\水上乐园\003_安吉_水上乐园__S_V001_S016.mp4","recycle","deleted_to_recycle","2026-07-03T21:41:00"
"D:\Download\素材下载\团建视频\安吉智能镜头分类\05_项目活动\水上乐园\004_安吉_水上乐园__S_V002_S020.mp4","D:\Download\素材下载\团建视频\安吉智能镜头分类\05_项目活动\水上乐园\004_安吉_水上乐园__S_V002_S020.mp4","recycle","deleted_to_recycle","2026-07-03T21:41:00"
"D:\Download\素材下载\团建视频\安吉智能镜头分类\05_项目活动\水上乐园\005_安吉_水上乐园__S_V002_S022_待人工确认.mp4","D:\Download\素材下载\团建视频\安吉智能镜头分类\05_项目活动\水上乐园\005_安吉_水上乐园__S_V002_S022_待人工确认.mp4","recycle","deleted_to_recycle","2026-07-03T21:41:00"
"D:\Download\素材下载\团建视频\安吉智能镜头分类\05_项目活动\水上拓展\001_安吉_水上拓展__S_V008_S020.mp4","D:\Download\素材下载\团建视频\安吉智能镜头分类\05_项目活动\水上拓展\001_安吉_水上拓展__S_V008_S020.mp4","recycle","deleted_to_recycle","2026-07-03T21:41:00"
"D:\Download\素材下载\团建视频\安吉智能镜头分类\05_项目活动\水上拓展\002_安吉_水上拓展__S_V008_S021.mp4","D:\Download\素材下载\团建视频\安吉智能镜头分类\05_项目活动\水上拓展\002_安吉_水上拓展__S_V008_S021.mp4","recycle","deleted_to_recycle","2026-07-03T21:41:00"
"D:\Download\素材下载\团建视频\安吉智能镜头分类\05_项目活动\水上拓展\003_安吉_水上拓展__S_V008_S040.mp4","D:\Download\素材下载\团建视频\安吉智能镜头分类\05_项目活动\水上拓展\003_安吉_水上拓展__S_V008_S040.mp4","recycle","deleted_to_recycle","2026-07-03T21:41:01"
"D:\Download\素材下载\团建视频\安吉智能镜头分类\05_项目活动\水上拓展\004_安吉_水上拓展__S_V010_S002.mp4","D:\Download\素材下载\团建视频\安吉智能镜头分类\05_项目活动\水上拓展\004_安吉_水上拓展__S_V010_S002.mp4","recycle","deleted_to_recycle","2026-07-03T21:41:01"
"D:\Download\素材下载\团建视频\安吉智能镜头分类\05_项目活动\水上拓展\005_安吉_水上拓展__S_V010_S017.mp4","D:\Download\素材下载\团建视频\安吉智能镜头分类\05_项目活动\水上拓展\005_安吉_水上拓展__S_V010_S017.mp4","recycle","deleted_to_recycle","2026-07-03T21:41:01"
"D:\Download\素材下载\团建视频\安吉智能镜头分类\05_项目活动\水上拓展\006_安吉_水上拓展__S_V010_S018.mp4","D:\Download\素材下载\团建视频\安吉智能镜头分类\05_项目活动\水上拓展\006_安吉_水上拓展__S_V010_S018.mp4","recycle","deleted_to_recycle","2026-07-03T21:41:01"
"D:\Download\素材下载\团建视频\安吉智能镜头分类\05_项目活动\溯溪玩水\001_安吉_溯溪玩水__S_V001_S020.mp4","D:\Download\素材下载\团建视频\安吉智能镜头分类\05_项目活动\溯溪玩水\001_安吉_溯溪玩水__S_V001_S020.mp4","recycle","deleted_to_recycle","2026-07-03T21:41:01"
"D:\Download\素材下载\团建视频\安吉智能镜头分类\05_项目活动\溯溪玩水\002_安吉_溯溪玩水__S_V001_S021.mp4","D:\Download\素材下载\团建视频\安吉智能镜头分类\05_项目活动\溯溪玩水\002_安吉_溯溪玩水__S_V001_S021.mp4","recycle","deleted_to_recycle","2026-07-03T21:41:01"
"D:\Download\素材下载\团建视频\安吉智能镜头分类\05_项目活动\溯溪玩水\003_安吉_溯溪玩水__S_V001_S022.mp4","D:\Download\素材下载\团建视频\安吉智能镜头分类\05_项目活动\溯溪玩水\003_安吉_溯溪玩水__S_V001_S022.mp4","recycle","deleted_to_recycle","2026-07-03T21:41:01"
"D:\Download\素材下载\团建视频\安吉智能镜头分类\05_项目活动\溯溪玩水\004_安吉_溯溪玩水__S_V001_S025.mp4","D:\Download\素材下载\团建视频\安吉智能镜头分类\05_项目活动\溯溪玩水\004_安吉_溯溪玩水__S_V001_S025.mp4","recycle","deleted_to_recycle","2026-07-03T21:41:01"
"D:\Download\素材下载\团建视频\安吉智能镜头分类\05_项目活动\溯溪玩水\005_安吉_溯溪玩水__A_V001_S026.mp4","D:\Download\素材下载\团建视频\安吉智能镜头分类\05_项目活动\溯溪玩水\005_安吉_溯溪玩水__A_V001_S026.mp4","recycle","deleted_to_recycle","2026-07-03T21:41:01"
"D:\Download\素材下载\团建视频\安吉智能镜头分类\05_项目活动\溯溪玩水\006_安吉_溯溪玩水__A_V001_S027_待人工确认.mp4","D:\Download\素材下载\团建视频\安吉智能镜头分类\05_项目活动\溯溪玩水\006_安吉_溯溪玩水__A_V001_S027_待人工确认.mp4","recycle","deleted_to_recycle","2026-07-03T21:41:01"
"D:\Download\素材下载\团建视频\安吉智能镜头分类\05_项目活动\溯溪玩水\007_安吉_溯溪玩水__A_V001_S028.mp4","D:\Download\素材下载\团建视频\安吉智能镜头分类\05_项目活动\溯溪玩水\007_安吉_溯溪玩水__A_V001_S028.mp4","recycle","deleted_to_recycle","2026-07-03T21:41:01"
"D:\Download\素材下载\团建视频\安吉智能镜头分类\05_项目活动\溯溪玩水\008_安吉_溯溪玩水__S_V001_S029.mp4","D:\Download\素材下载\团建视频\安吉智能镜头分类\05_项目活动\溯溪玩水\008_安吉_溯溪玩水__S_V001_S029.mp4","recycle","deleted_to_recycle","2026-07-03T21:41:01"
"D:\Download\素材下载\团建视频\安吉智能镜头分类\05_项目活动\溯溪玩水\009_安吉_溯溪玩水__S_V008_S002.mp4","D:\Download\素材下载\团建视频\安吉智能镜头分类\05_项目活动\溯溪玩水\009_安吉_溯溪玩水__S_V008_S002.mp4","recycle","deleted_to_recycle","2026-07-03T21:41:01"
"D:\Download\素材下载\团建视频\安吉智能镜头分类\05_项目活动\溯溪玩水\010_安吉_溯溪玩水__S_V008_S003.mp4","D:\Download\素材下载\团建视频\安吉智能镜头分类\05_项目活动\溯溪玩水\010_安吉_溯溪玩水__S_V008_S003.mp4","recycle","deleted_to_recycle","2026-07-03T21:41:01"
"D:\Download\素材下载\团建视频\安吉智能镜头分类\05_项目活动\溯溪玩水\011_安吉_溯溪玩水__S_V008_S004.mp4","D:\Download\素材下载\团建视频\安吉智能镜头分类\05_项目活动\溯溪玩水\011_安吉_溯溪玩水__S_V008_S004.mp4","recycle","deleted_to_recycle","2026-07-03T21:41:02"
"D:\Download\素材下载\团建视频\安吉智能镜头分类\05_项目活动\溯溪玩水\012_安吉_溯溪玩水__S_V008_S018.mp4","D:\Download\素材下载\团建视频\安吉智能镜头分类\05_项目活动\溯溪玩水\012_安吉_溯溪玩水__S_V008_S018.mp4","recycle","deleted_to_recycle","2026-07-03T21:41:02"
"D:\Download\素材下载\团建视频\安吉智能镜头分类\05_项目活动\溯溪玩水\013_安吉_溯溪玩水__S_V010_S003.mp4","D:\Download\素材下载\团建视频\安吉智能镜头分类\05_项目活动\溯溪玩水\013_安吉_溯溪玩水__S_V010_S003.mp4","recycle","deleted_to_recycle","2026-07-03T21:41:02"
"D:\Download\素材下载\团建视频\安吉智能镜头分类\05_项目活动\漂流\001_安吉_漂流__S_V001_S030.mp4","D:\Download\素材下载\团建视频\安吉智能镜头分类\05_项目活动\漂流\001_安吉_漂流__S_V001_S030.mp4","recycle","deleted_to_recycle","2026-07-03T21:41:02"
"D:\Download\素材下载\团建视频\安吉智能镜头分类\05_项目活动\漂流\002_安吉_漂流__S_V001_S031.mp4","D:\Download\素材下载\团建视频\安吉智能镜头分类\05_项目活动\漂流\002_安吉_漂流__S_V001_S031.mp4","recycle","deleted_to_recycle","2026-07-03T21:41:02"
"D:\Download\素材下载\团建视频\安吉智能镜头分类\05_项目活动\漂流\003_安吉_漂流__S_V001_S032.mp4","D:\Download\素材下载\团建视频\安吉智能镜头分类\05_项目活动\漂流\003_安吉_漂流__S_V001_S032.mp4","recycle","deleted_to_recycle","2026-07-03T21:41:02"
"D:\Download\素材下载\团建视频\安吉智能镜头分类\05_项目活动\漂流\004_安吉_漂流__S_V002_S001.mp4","D:\Download\素材下载\团建视频\安吉智能镜头分类\05_项目活动\漂流\004_安吉_漂流__S_V002_S001.mp4","recycle","deleted_to_recycle","2026-07-03T21:41:02"
"D:\Download\素材下载\团建视频\安吉智能镜头分类\05_项目活动\漂流\005_安吉_漂流__S_V002_S002.mp4","D:\Download\素材下载\团建视频\安吉智能镜头分类\05_项目活动\漂流\005_安吉_漂流__S_V002_S002.mp4","recycle","deleted_to_recycle","2026-07-03T21:41:02"
"D:\Download\素材下载\团建视频\安吉智能镜头分类\05_项目活动\漂流\006_安吉_漂流__S_V002_S003.mp4","D:\Download\素材下载\团建视频\安吉智能镜头分类\05_项目活动\漂流\006_安吉_漂流__S_V002_S003.mp4","recycle","deleted_to_recycle","2026-07-03T21:41:02"
"D:\Download\素材下载\团建视频\安吉智能镜头分类\05_项目活动\漂流\007_安吉_漂流__S_V002_S004.mp4","D:\Download\素材下载\团建视频\安吉智能镜头分类\05_项目活动\漂流\007_安吉_漂流__S_V002_S004.mp4","recycle","deleted_to_recycle","2026-07-03T21:41:02"
"D:\Download\素材下载\团建视频\安吉智能镜头分类\05_项目活动\漂流\008_安吉_漂流__A_V002_S005.mp4","D:\Download\素材下载\团建视频\安吉智能镜头分类\05_项目活动\漂流\008_安吉_漂流__A_V002_S005.mp4","recycle","deleted_to_recycle","2026-07-03T21:41:02"
"D:\Download\素材下载\团建视频\安吉智能镜头分类\05_项目活动\漂流\009_安吉_漂流__S_V006_S028.mp4","D:\Download\素材下载\团建视频\安吉智能镜头分类\05_项目活动\漂流\009_安吉_漂流__S_V006_S028.mp4","recycle","deleted_to_recycle","2026-07-03T21:41:02"
"D:\Download\素材下载\团建视频\安吉智能镜头分类\05_项目活动\漂流\010_安吉_漂流__S_V006_S029.mp4","D:\Download\素材下载\团建视频\安吉智能镜头分类\05_项目活动\漂流\010_安吉_漂流__S_V006_S029.mp4","recycle","deleted_to_recycle","2026-07-03T21:41:02"
"D:\Download\素材下载\团建视频\安吉智能镜头分类\05_项目活动\漂流\011_安吉_漂流__S_V006_S030.mp4","D:\Download\素材下载\团建视频\安吉智能镜头分类\05_项目活动\漂流\011_安吉_漂流__S_V006_S030.mp4","recycle","deleted_to_recycle","2026-07-03T21:41:02"
"D:\Download\素材下载\团建视频\安吉智能镜头分类\05_项目活动\漂流\012_安吉_漂流__S_V006_S031.mp4","D:\Download\素材下载\团建视频\安吉智能镜头分类\05_项目活动\漂流\012_安吉_漂流__S_V006_S031.mp4","recycle","deleted_to_recycle","2026-07-03T21:41:02"
"D:\Download\素材下载\团建视频\安吉智能镜头分类\05_项目活动\漂流\014_安吉_漂流__S_V008_S001.mp4","D:\Download\素材下载\团建视频\安吉智能镜头分类\05_项目活动\漂流\014_安吉_漂流__S_V008_S001.mp4","recycle","deleted_to_recycle","2026-07-03T21:41:02"
"D:\Download\素材下载\团建视频\安吉智能镜头分类\05_项目活动\漂流\015_安吉_漂流__S_V008_S006.mp4","D:\Download\素材下载\团建视频\安吉智能镜头分类\05_项目活动\漂流\015_安吉_漂流__S_V008_S006.mp4","recycle","deleted_to_recycle","2026-07-03T21:41:03"
"D:\Download\素材下载\团建视频\安吉智能镜头分类\05_项目活动\漂流\016_安吉_漂流__S_V008_S022.mp4","D:\Download\素材下载\团建视频\安吉智能镜头分类\05_项目活动\漂流\016_安吉_漂流__S_V008_S022.mp4","recycle","deleted_to_recycle","2026-07-03T21:41:03"
"D:\Download\素材下载\团建视频\安吉智能镜头分类\05_项目活动\漂流\017_安吉_漂流__S_V008_S023.mp4","D:\Download\素材下载\团建视频\安吉智能镜头分类\05_项目活动\漂流\017_安吉_漂流__S_V008_S023.mp4","recycle","deleted_to_recycle","2026-07-03T21:41:03"
"D:\Download\素材下载\团建视频\安吉智能镜头分类\05_项目活动\漂流\018_安吉_漂流__S_V008_S032.mp4","D:\Download\素材下载\团建视频\安吉智能镜头分类\05_项目活动\漂流\018_安吉_漂流__S_V008_S032.mp4","recycle","deleted_to_recycle","2026-07-03T21:41:03"
"D:\Download\素材下载\团建视频\安吉智能镜头分类\05_项目活动\漂流\019_安吉_漂流__S_V008_S033.mp4","D:\Download\素材下载\团建视频\安吉智能镜头分类\05_项目活动\漂流\019_安吉_漂流__S_V008_S033.mp4","recycle","deleted_to_recycle","2026-07-03T21:41:03"
"D:\Download\素材下载\团建视频\安吉智能镜头分类\05_项目活动\漂流\020_安吉_漂流__S_V008_S034.mp4","D:\Download\素材下载\团建视频\安吉智能镜头分类\05_项目活动\漂流\020_安吉_漂流__S_V008_S034.mp4","recycle","deleted_to_recycle","2026-07-03T21:41:03"
"D:\Download\素材下载\团建视频\安吉智能镜头分类\05_项目活动\漂流\021_安吉_漂流__S_V008_S035.mp4","D:\Download\素材下载\团建视频\安吉智能镜头分类\05_项目活动\漂流\021_安吉_漂流__S_V008_S035.mp4","recycle","deleted_to_recycle","2026-07-03T21:41:03"
"D:\Download\素材下载\团建视频\安吉智能镜头分类\05_项目活动\漂流\022_安吉_漂流__S_V008_S036.mp4","D:\Download\素材下载\团建视频\安吉智能镜头分类\05_项目活动\漂流\022_安吉_漂流__S_V008_S036.mp4","recycle","deleted_to_recycle","2026-07-03T21:41:03"
"D:\Download\素材下载\团建视频\安吉智能镜头分类\05_项目活动\漂流\023_安吉_漂流__S_V008_S037.mp4","D:\Download\素材下载\团建视频\安吉智能镜头分类\05_项目活动\漂流\023_安吉_漂流__S_V008_S037.mp4","recycle","deleted_to_recycle","2026-07-03T21:41:03"
"D:\Download\素材下载\团建视频\安吉智能镜头分类\05_项目活动\漂流\024_安吉_漂流__S_V010_S012.mp4","D:\Download\素材下载\团建视频\安吉智能镜头分类\05_项目活动\漂流\024_安吉_漂流__S_V010_S012.mp4","recycle","deleted_to_recycle","2026-07-03T21:41:03"
"D:\Download\素材下载\团建视频\安吉智能镜头分类\05_项目活动\漂流\025_安吉_漂流__S_V010_S016.mp4","D:\Download\素材下载\团建视频\安吉智能镜头分类\05_项目活动\漂流\025_安吉_漂流__S_V010_S016.mp4","recycle","deleted_to_recycle","2026-07-03T21:41:03"
"D:\Download\素材下载\团建视频\安吉智能镜头分类\05_项目活动\漂流\027_安吉_漂流__S_V011_S019.mp4","D:\Download\素材下载\团建视频\安吉智能镜头分类\05_项目活动\漂流\027_安吉_漂流__S_V011_S019.mp4","recycle","deleted_to_recycle","2026-07-03T21:41:03"
"D:\Download\素材下载\团建视频\安吉智能镜头分类\05_项目活动\漂流\028_安吉_漂流__S_V011_S020.mp4","D:\Download\素材下载\团建视频\安吉智能镜头分类\05_项目活动\漂流\028_安吉_漂流__S_V011_S020.mp4","recycle","deleted_to_recycle","2026-07-03T21:41:03"
"D:\Download\素材下载\团建视频\安吉智能镜头分类\05_项目活动\漂流\030_安吉_漂流__S_V011_S024.mp4","D:\Download\素材下载\团建视频\安吉智能镜头分类\05_项目活动\漂流\030_安吉_漂流__S_V011_S024.mp4","recycle","deleted_to_recycle","2026-07-03T21:41:03"
"D:\Download\素材下载\团建视频\安吉智能镜头分类\05_项目活动\皮划艇\002_安吉_皮划艇__S_V009_S003.mp4","D:\Download\素材下载\团建视频\安吉智能镜头分类\05_项目活动\皮划艇\002_安吉_皮划艇__S_V009_S003.mp4","recycle","deleted_to_recycle","2026-07-03T21:41:03"
"D:\Download\素材下载\团建视频\安吉智能镜头分类\05_项目活动\皮划艇\003_安吉_皮划艇__S_V009_S007.mp4","D:\Download\素材下载\团建视频\安吉智能镜头分类\05_项目活动\皮划艇\003_安吉_皮划艇__S_V009_S007.mp4","recycle","deleted_to_recycle","2026-07-03T21:41:03"
"D:\Download\素材下载\团建视频\安吉智能镜头分类\05_项目活动\竹林徒步\001_安吉_竹林徒步__S_V001_S011.mp4","D:\Download\素材下载\团建视频\安吉智能镜头分类\05_项目活动\竹林徒步\001_安吉_竹林徒步__S_V001_S011.mp4","recycle","deleted_to_recycle","2026-07-03T21:41:03"
"D:\Download\素材下载\团建视频\安吉智能镜头分类\05_项目活动\竹林徒步\002_安吉_竹林徒步__S_V001_S012.mp4","D:\Download\素材下载\团建视频\安吉智能镜头分类\05_项目活动\竹林徒步\002_安吉_竹林徒步__S_V001_S012.mp4","recycle","deleted_to_recycle","2026-07-03T21:41:03"
"D:\Download\素材下载\团建视频\安吉智能镜头分类\05_项目活动\竹林徒步\003_安吉_竹林徒步__S_V003_S006.mp4","D:\Download\素材下载\团建视频\安吉智能镜头分类\05_项目活动\竹林徒步\003_安吉_竹林徒步__S_V003_S006.mp4","recycle","deleted_to_recycle","2026-07-03T21:41:03"
"D:\Download\素材下载\团建视频\安吉智能镜头分类\05_项目活动\采摘体验\001_安吉_采摘体验__S_V004_S016.mp4","D:\Download\素材下载\团建视频\安吉智能镜头分类\05_项目活动\采摘体验\001_安吉_采摘体验__S_V004_S016.mp4","recycle","deleted_to_recycle","2026-07-03T21:41:03"
"D:\Download\素材下载\团建视频\安吉智能镜头分类\05_项目活动\采摘体验\002_安吉_采摘体验__S_V004_S017.mp4","D:\Download\素材下载\团建视频\安吉智能镜头分类\05_项目活动\采摘体验\002_安吉_采摘体验__S_V004_S017.mp4","recycle","deleted_to_recycle","2026-07-03T21:41:03"
"D:\Download\素材下载\团建视频\安吉智能镜头分类\05_项目活动\采茶体验\001_安吉_采茶体验__S_V003_S023.mp4","D:\Download\素材下载\团建视频\安吉智能镜头分类\05_项目活动\采茶体验\001_安吉_采茶体验__S_V003_S023.mp4","recycle","deleted_to_recycle","2026-07-03T21:41:03"
"D:\Download\素材下载\团建视频\安吉智能镜头分类\05_项目活动\高山游乐\001_安吉_高山游乐__S_V001_S008.mp4","D:\Download\素材下载\团建视频\安吉智能镜头分类\05_项目活动\高山游乐\001_安吉_高山游乐__S_V001_S008.mp4","recycle","deleted_to_recycle","2026-07-03T21:41:03"
"D:\Download\素材下载\团建视频\安吉智能镜头分类\05_项目活动\高山游乐\002_安吉_高山游乐__S_V001_S009.mp4","D:\Download\素材下载\团建视频\安吉智能镜头分类\05_项目活动\高山游乐\002_安吉_高山游乐__S_V001_S009.mp4","recycle","deleted_to_recycle","2026-07-03T21:41:04"
"D:\Download\素材下载\团建视频\安吉智能镜头分类\05_项目活动\高山游乐\003_安吉_高山游乐__S_V002_S021.mp4","D:\Download\素材下载\团建视频\安吉智能镜头分类\05_项目活动\高山游乐\003_安吉_高山游乐__S_V002_S021.mp4","recycle","deleted_to_recycle","2026-07-03T21:41:04"
"D:\Download\素材下载\团建视频\安吉智能镜头分类\05_项目活动\高山游乐\004_安吉_高山游乐__S_V003_S014.mp4","D:\Download\素材下载\团建视频\安吉智能镜头分类\05_项目活动\高山游乐\004_安吉_高山游乐__S_V003_S014.mp4","recycle","deleted_to_recycle","2026-07-03T21:41:04"
"D:\Download\素材下载\团建视频\安吉智能镜头分类\05_项目活动\高山游乐\005_安吉_高山游乐__S_V003_S015.mp4","D:\Download\素材下载\团建视频\安吉智能镜头分类\05_项目活动\高山游乐\005_安吉_高山游乐__S_V003_S015.mp4","recycle","deleted_to_recycle","2026-07-03T21:41:04"
"D:\Download\素材下载\团建视频\安吉智能镜头分类\05_项目活动\高山游乐\006_安吉_高山游乐__S_V003_S016.mp4","D:\Download\素材下载\团建视频\安吉智能镜头分类\05_项目活动\高山游乐\006_安吉_高山游乐__S_V003_S016.mp4","recycle","deleted_to_recycle","2026-07-03T21:41:04"
"D:\Download\素材下载\团建视频\安吉智能镜头分类\05_项目活动\高山游乐\007_安吉_高山游乐__S_V003_S017.mp4","D:\Download\素材下载\团建视频\安吉智能镜头分类\05_项目活动\高山游乐\007_安吉_高山游乐__S_V003_S017.mp4","recycle","deleted_to_recycle","2026-07-03T21:41:04"
"D:\Download\素材下载\团建视频\安吉智能镜头分类\05_项目活动\高山游乐\008_安吉_高山游乐__S_V003_S018.mp4","D:\Download\素材下载\团建视频\安吉智能镜头分类\05_项目活动\高山游乐\008_安吉_高山游乐__S_V003_S018.mp4","recycle","deleted_to_recycle","2026-07-03T21:41:04"
"D:\Download\素材下载\团建视频\安吉智能镜头分类\05_项目活动\高山游乐\009_安吉_高山游乐__S_V003_S019.mp4","D:\Download\素材下载\团建视频\安吉智能镜头分类\05_项目活动\高山游乐\009_安吉_高山游乐__S_V003_S019.mp4","recycle","deleted_to_recycle","2026-07-03T21:41:04"
"D:\Download\素材下载\团建视频\安吉智能镜头分类\05_项目活动\高山游乐\010_安吉_高山游乐__S_V003_S020.mp4","D:\Download\素材下载\团建视频\安吉智能镜头分类\05_项目活动\高山游乐\010_安吉_高山游乐__S_V003_S020.mp4","recycle","deleted_to_recycle","2026-07-03T21:41:04"
"D:\Download\素材下载\团建视频\安吉智能镜头分类\05_项目活动\高山游乐\011_安吉_高山游乐__S_V003_S021.mp4","D:\Download\素材下载\团建视频\安吉智能镜头分类\05_项目活动\高山游乐\011_安吉_高山游乐__S_V003_S021.mp4","recycle","deleted_to_recycle","2026-07-03T21:41:04"
"D:\Download\素材下载\团建视频\安吉智能镜头分类\05_项目活动\高山游乐\012_安吉_高山游乐__S_V004_S002.mp4","D:\Download\素材下载\团建视频\安吉智能镜头分类\05_项目活动\高山游乐\012_安吉_高山游乐__S_V004_S002.mp4","recycle","deleted_to_recycle","2026-07-03T21:41:04"
"D:\Download\素材下载\团建视频\安吉智能镜头分类\05_项目活动\高山游乐\013_安吉_高山游乐__S_V004_S003.mp4","D:\Download\素材下载\团建视频\安吉智能镜头分类\05_项目活动\高山游乐\013_安吉_高山游乐__S_V004_S003.mp4","recycle","deleted_to_recycle","2026-07-03T21:41:04"
"D:\Download\素材下载\团建视频\安吉智能镜头分类\05_项目活动\高山游乐\014_安吉_高山游乐__S_V004_S004.mp4","D:\Download\素材下载\团建视频\安吉智能镜头分类\05_项目活动\高山游乐\014_安吉_高山游乐__S_V004_S004.mp4","recycle","deleted_to_recycle","2026-07-03T21:41:04"
"D:\Download\素材下载\团建视频\安吉智能镜头分类\05_项目活动\高山游乐\015_安吉_高山游乐__S_V009_S012.mp4","D:\Download\素材下载\团建视频\安吉智能镜头分类\05_项目活动\高山游乐\015_安吉_高山游乐__S_V009_S012.mp4","recycle","deleted_to_recycle","2026-07-03T21:41:04"
"D:\Download\素材下载\团建视频\安吉智能镜头分类\05_项目活动\高山游乐\016_安吉_高山游乐__S_V009_S013.mp4","D:\Download\素材下载\团建视频\安吉智能镜头分类\05_项目活动\高山游乐\016_安吉_高山游乐__S_V009_S013.mp4","recycle","deleted_to_recycle","2026-07-03T21:41:04"
"D:\Download\素材下载\团建视频\安吉智能镜头分类\05_项目活动\高山游乐\018_安吉_高山游乐__S_V009_S015.mp4","D:\Download\素材下载\团建视频\安吉智能镜头分类\05_项目活动\高山游乐\018_安吉_高山游乐__S_V009_S015.mp4","recycle","deleted_to_recycle","2026-07-03T21:41:05"
"D:\Download\素材下载\团建视频\安吉智能镜头分类\05_项目活动\高山游乐\019_安吉_高山游乐__S_V010_S019.mp4","D:\Download\素材下载\团建视频\安吉智能镜头分类\05_项目活动\高山游乐\019_安吉_高山游乐__S_V010_S019.mp4","recycle","deleted_to_recycle","2026-07-03T21:41:05"
"D:\Download\素材下载\团建视频\安吉智能镜头分类\05_项目活动\高山游乐\020_安吉_高山游乐__S_V010_S020.mp4","D:\Download\素材下载\团建视频\安吉智能镜头分类\05_项目活动\高山游乐\020_安吉_高山游乐__S_V010_S020.mp4","recycle","deleted_to_recycle","2026-07-03T21:41:05"
"D:\Download\素材下载\团建视频\安吉智能镜头分类\05_项目活动\高山游乐\021_安吉_高山游乐__S_V010_S030.mp4","D:\Download\素材下载\团建视频\安吉智能镜头分类\05_项目活动\高山游乐\021_安吉_高山游乐__S_V010_S030.mp4","recycle","deleted_to_recycle","2026-07-03T21:41:05"
"D:\Download\素材下载\团建视频\安吉智能镜头分类\05_项目活动\高山游乐\022_安吉_高山游乐__S_V010_S031.mp4","D:\Download\素材下载\团建视频\安吉智能镜头分类\05_项目活动\高山游乐\022_安吉_高山游乐__S_V010_S031.mp4","recycle","deleted_to_recycle","2026-07-03T21:41:05"
"D:\Download\素材下载\团建视频\安吉智能镜头分类\05_项目活动\高山游乐\023_安吉_高山游乐__S_V010_S034.mp4","D:\Download\素材下载\团建视频\安吉智能镜头分类\05_项目活动\高山游乐\023_安吉_高山游乐__S_V010_S034.mp4","recycle","deleted_to_recycle","2026-07-03T21:41:05"
"D:\Download\素材下载\团建视频\安吉智能镜头分类\06_团队互动\团队会议\001_安吉_团队会议__S_V009_S017.mp4","D:\Download\素材下载\团建视频\安吉智能镜头分类\06_团队互动\团队会议\001_安吉_团队会议__S_V009_S017.mp4","recycle","deleted_to_recycle","2026-07-03T21:41:05"
"D:\Download\素材下载\团建视频\安吉智能镜头分类\06_团队互动\团队合照\001_安吉_团队合照__S_V010_S037.mp4","D:\Download\素材下载\团建视频\安吉智能镜头分类\06_团队互动\团队合照\001_安吉_团队合照__S_V010_S037.mp4","recycle","deleted_to_recycle","2026-07-03T21:41:05"
"D:\Download\素材下载\团建视频\安吉智能镜头分类\06_团队互动\团队游戏挑战\001_安吉_团队游戏挑战__S_V006_S001.mp4","D:\Download\素材下载\团建视频\安吉智能镜头分类\06_团队互动\团队游戏挑战\001_安吉_团队游戏挑战__S_V006_S001.mp4","recycle","deleted_to_recycle","2026-07-03T21:41:05"
"D:\Download\素材下载\团建视频\安吉智能镜头分类\06_团队互动\团队游戏挑战\002_安吉_团队游戏挑战__S_V006_S003.mp4","D:\Download\素材下载\团建视频\安吉智能镜头分类\06_团队互动\团队游戏挑战\002_安吉_团队游戏挑战__S_V006_S003.mp4","recycle","deleted_to_recycle","2026-07-03T21:41:05"
"D:\Download\素材下载\团建视频\安吉智能镜头分类\06_团队互动\团队游戏挑战\003_安吉_团队游戏挑战__S_V006_S005.mp4","D:\Download\素材下载\团建视频\安吉智能镜头分类\06_团队互动\团队游戏挑战\003_安吉_团队游戏挑战__S_V006_S005.mp4","recycle","deleted_to_recycle","2026-07-03T21:41:05"
"D:\Download\素材下载\团建视频\安吉智能镜头分类\06_团队互动\团队游戏挑战\004_安吉_团队游戏挑战__S_V006_S009.mp4","D:\Download\素材下载\团建视频\安吉智能镜头分类\06_团队互动\团队游戏挑战\004_安吉_团队游戏挑战__S_V006_S009.mp4","recycle","deleted_to_recycle","2026-07-03T21:41:05"
"D:\Download\素材下载\团建视频\安吉智能镜头分类\06_团队互动\团队游戏挑战\005_安吉_团队游戏挑战__S_V006_S010.mp4","D:\Download\素材下载\团建视频\安吉智能镜头分类\06_团队互动\团队游戏挑战\005_安吉_团队游戏挑战__S_V006_S010.mp4","recycle","deleted_to_recycle","2026-07-03T21:41:05"
"D:\Download\素材下载\团建视频\安吉智能镜头分类\06_团队互动\团队游戏挑战\006_安吉_团队游戏挑战__S_V006_S012.mp4","D:\Download\素材下载\团建视频\安吉智能镜头分类\06_团队互动\团队游戏挑战\006_安吉_团队游戏挑战__S_V006_S012.mp4","recycle","deleted_to_recycle","2026-07-03T21:41:05"
"D:\Download\素材下载\团建视频\安吉智能镜头分类\06_团队互动\团队游戏挑战\008_安吉_团队游戏挑战__S_V006_S014.mp4","D:\Download\素材下载\团建视频\安吉智能镜头分类\06_团队互动\团队游戏挑战\008_安吉_团队游戏挑战__S_V006_S014.mp4","recycle","deleted_to_recycle","2026-07-03T21:41:05"
"D:\Download\素材下载\团建视频\安吉智能镜头分类\06_团队互动\团队游戏挑战\009_安吉_团队游戏挑战__S_V006_S015.mp4","D:\Download\素材下载\团建视频\安吉智能镜头分类\06_团队互动\团队游戏挑战\009_安吉_团队游戏挑战__S_V006_S015.mp4","recycle","deleted_to_recycle","2026-07-03T21:41:05"
"D:\Download\素材下载\团建视频\安吉智能镜头分类\06_团队互动\团队游戏挑战\011_安吉_团队游戏挑战__S_V008_S019.mp4","D:\Download\素材下载\团建视频\安吉智能镜头分类\06_团队互动\团队游戏挑战\011_安吉_团队游戏挑战__S_V008_S019.mp4","recycle","deleted_to_recycle","2026-07-03T21:41:05"
"D:\Download\素材下载\团建视频\安吉智能镜头分类\06_团队互动\团队游戏挑战\012_安吉_团队游戏挑战__S_V010_S036.mp4","D:\Download\素材下载\团建视频\安吉智能镜头分类\06_团队互动\团队游戏挑战\012_安吉_团队游戏挑战__S_V010_S036.mp4","recycle","deleted_to_recycle","2026-07-03T21:41:05"
"D:\Download\素材下载\团建视频\安吉智能镜头分类\06_团队互动\夜间团队互动\001_安吉_夜间团队互动__S_V008_S027.mp4","D:\Download\素材下载\团建视频\安吉智能镜头分类\06_团队互动\夜间团队互动\001_安吉_夜间团队互动__S_V008_S027.mp4","recycle","deleted_to_recycle","2026-07-03T21:41:06"
"D:\Download\素材下载\团建视频\安吉智能镜头分类\06_团队互动\夜间团队互动\002_安吉_夜间团队互动__S_V008_S028.mp4","D:\Download\素材下载\团建视频\安吉智能镜头分类\06_团队互动\夜间团队互动\002_安吉_夜间团队互动__S_V008_S028.mp4","recycle","deleted_to_recycle","2026-07-03T21:41:06"
"D:\Download\素材下载\团建视频\安吉智能镜头分类\06_团队互动\夜间团队互动\004_安吉_夜间团队互动__S_V008_S042.mp4","D:\Download\素材下载\团建视频\安吉智能镜头分类\06_团队互动\夜间团队互动\004_安吉_夜间团队互动__S_V008_S042.mp4","recycle","deleted_to_recycle","2026-07-03T21:41:06"
"D:\Download\素材下载\团建视频\安吉智能镜头分类\07_烧烤露营夜场\夜间娱乐\001_安吉_夜间娱乐__S_V003_S013.mp4","D:\Download\素材下载\团建视频\安吉智能镜头分类\07_烧烤露营夜场\夜间娱乐\001_安吉_夜间娱乐__S_V003_S013.mp4","recycle","deleted_to_recycle","2026-07-03T21:41:06"
"D:\Download\素材下载\团建视频\安吉智能镜头分类\07_烧烤露营夜场\夜间娱乐\002_安吉_夜间娱乐__A_V004_S025.mp4","D:\Download\素材下载\团建视频\安吉智能镜头分类\07_烧烤露营夜场\夜间娱乐\002_安吉_夜间娱乐__A_V004_S025.mp4","recycle","deleted_to_recycle","2026-07-03T21:41:06"
"D:\Download\素材下载\团建视频\安吉智能镜头分类\07_烧烤露营夜场\夜间娱乐\003_安吉_夜间娱乐__S_V004_S026.mp4","D:\Download\素材下载\团建视频\安吉智能镜头分类\07_烧烤露营夜场\夜间娱乐\003_安吉_夜间娱乐__S_V004_S026.mp4","recycle","deleted_to_recycle","2026-07-03T21:41:06"
"D:\Download\素材下载\团建视频\安吉智能镜头分类\07_烧烤露营夜场\夜间娱乐\004_安吉_夜间娱乐__S_V008_S025.mp4","D:\Download\素材下载\团建视频\安吉智能镜头分类\07_烧烤露营夜场\夜间娱乐\004_安吉_夜间娱乐__S_V008_S025.mp4","recycle","deleted_to_recycle","2026-07-03T21:41:06"
"D:\Download\素材下载\团建视频\安吉智能镜头分类\07_烧烤露营夜场\夜间娱乐\005_安吉_夜间娱乐__S_V008_S044.mp4","D:\Download\素材下载\团建视频\安吉智能镜头分类\07_烧烤露营夜场\夜间娱乐\005_安吉_夜间娱乐__S_V008_S044.mp4","recycle","deleted_to_recycle","2026-07-03T21:41:06"
"D:\Download\素材下载\团建视频\安吉智能镜头分类\07_烧烤露营夜场\夜间娱乐\006_安吉_夜间娱乐__S_V010_S025.mp4","D:\Download\素材下载\团建视频\安吉智能镜头分类\07_烧烤露营夜场\夜间娱乐\006_安吉_夜间娱乐__S_V010_S025.mp4","recycle","deleted_to_recycle","2026-07-03T21:41:06"
"D:\Download\素材下载\团建视频\安吉智能镜头分类\07_烧烤露营夜场\夜间娱乐\007_安吉_夜间娱乐__S_V011_S029.mp4","D:\Download\素材下载\团建视频\安吉智能镜头分类\07_烧烤露营夜场\夜间娱乐\007_安吉_夜间娱乐__S_V011_S029.mp4","recycle","deleted_to_recycle","2026-07-03T21:41:06"
"D:\Download\素材下载\团建视频\安吉智能镜头分类\07_烧烤露营夜场\烟花\001_安吉_烟花__A_V006_S025.mp4","D:\Download\素材下载\团建视频\安吉智能镜头分类\07_烧烤露营夜场\烟花\001_安吉_烟花__A_V006_S025.mp4","recycle","deleted_to_recycle","2026-07-03T21:41:06"
"D:\Download\素材下载\团建视频\安吉智能镜头分类\07_烧烤露营夜场\烟花\002_安吉_烟花__S_V006_S026.mp4","D:\Download\素材下载\团建视频\安吉智能镜头分类\07_烧烤露营夜场\烟花\002_安吉_烟花__S_V006_S026.mp4","recycle","deleted_to_recycle","2026-07-03T21:41:06"
"D:\Download\素材下载\团建视频\安吉智能镜头分类\07_烧烤露营夜场\烟花\003_安吉_烟花__A_V006_S027.mp4","D:\Download\素材下载\团建视频\安吉智能镜头分类\07_烧烤露营夜场\烟花\003_安吉_烟花__A_V006_S027.mp4","recycle","deleted_to_recycle","2026-07-03T21:41:06"
"D:\Download\素材下载\团建视频\安吉智能镜头分类\07_烧烤露营夜场\烧烤\001_安吉_烧烤__S_V003_S009.mp4","D:\Download\素材下载\团建视频\安吉智能镜头分类\07_烧烤露营夜场\烧烤\001_安吉_烧烤__S_V003_S009.mp4","recycle","deleted_to_recycle","2026-07-03T21:41:06"
"D:\Download\素材下载\团建视频\安吉智能镜头分类\07_烧烤露营夜场\烧烤\002_安吉_烧烤__S_V006_S023.mp4","D:\Download\素材下载\团建视频\安吉智能镜头分类\07_烧烤露营夜场\烧烤\002_安吉_烧烤__S_V006_S023.mp4","recycle","deleted_to_recycle","2026-07-03T21:41:06"
"D:\Download\素材下载\团建视频\安吉智能镜头分类\07_烧烤露营夜场\烧烤\004_安吉_烧烤__S_V009_S008.mp4","D:\Download\素材下载\团建视频\安吉智能镜头分类\07_烧烤露营夜场\烧烤\004_安吉_烧烤__S_V009_S008.mp4","recycle","deleted_to_recycle","2026-07-03T21:41:07"
"D:\Download\素材下载\团建视频\安吉智能镜头分类\07_烧烤露营夜场\烧烤\005_安吉_烧烤__S_V010_S021.mp4","D:\Download\素材下载\团建视频\安吉智能镜头分类\07_烧烤露营夜场\烧烤\005_安吉_烧烤__S_V010_S021.mp4","recycle","deleted_to_recycle","2026-07-03T21:41:07"
"D:\Download\素材下载\团建视频\安吉智能镜头分类\07_烧烤露营夜场\烧烤\006_安吉_烧烤__S_V010_S022.mp4","D:\Download\素材下载\团建视频\安吉智能镜头分类\07_烧烤露营夜场\烧烤\006_安吉_烧烤__S_V010_S022.mp4","recycle","deleted_to_recycle","2026-07-03T21:41:07"
"D:\Download\素材下载\团建视频\安吉智能镜头分类\07_烧烤露营夜场\烧烤\007_安吉_烧烤__S_V010_S023.mp4","D:\Download\素材下载\团建视频\安吉智能镜头分类\07_烧烤露营夜场\烧烤\007_安吉_烧烤__S_V010_S023.mp4","recycle","deleted_to_recycle","2026-07-03T21:41:07"
"D:\Download\素材下载\团建视频\安吉智能镜头分类\07_烧烤露营夜场\烧烤\008_安吉_烧烤__S_V010_S024.mp4","D:\Download\素材下载\团建视频\安吉智能镜头分类\07_烧烤露营夜场\烧烤\008_安吉_烧烤__S_V010_S024.mp4","recycle","deleted_to_recycle","2026-07-03T21:41:07"
"D:\Download\素材下载\团建视频\安吉智能镜头分类\07_烧烤露营夜场\篝火\001_安吉_篝火__B_V003_S010.mp4","D:\Download\素材下载\团建视频\安吉智能镜头分类\07_烧烤露营夜场\篝火\001_安吉_篝火__B_V003_S010.mp4","recycle","deleted_to_recycle","2026-07-03T21:41:07"
"D:\Download\素材下载\团建视频\安吉智能镜头分类\07_烧烤露营夜场\篝火\002_安吉_篝火__B_V003_S011.mp4","D:\Download\素材下载\团建视频\安吉智能镜头分类\07_烧烤露营夜场\篝火\002_安吉_篝火__B_V003_S011.mp4","recycle","deleted_to_recycle","2026-07-03T21:41:07"
"D:\Download\素材下载\团建视频\安吉智能镜头分类\07_烧烤露营夜场\篝火\003_安吉_篝火__S_V004_S024.mp4","D:\Download\素材下载\团建视频\安吉智能镜头分类\07_烧烤露营夜场\篝火\003_安吉_篝火__S_V004_S024.mp4","recycle","deleted_to_recycle","2026-07-03T21:41:07"
"D:\Download\素材下载\团建视频\安吉智能镜头分类\07_烧烤露营夜场\篝火\004_安吉_篝火__B_V006_S021.mp4","D:\Download\素材下载\团建视频\安吉智能镜头分类\07_烧烤露营夜场\篝火\004_安吉_篝火__B_V006_S021.mp4","recycle","deleted_to_recycle","2026-07-03T21:41:07"
"D:\Download\素材下载\团建视频\安吉智能镜头分类\07_烧烤露营夜场\篝火\005_安吉_篝火__B_V006_S022.mp4","D:\Download\素材下载\团建视频\安吉智能镜头分类\07_烧烤露营夜场\篝火\005_安吉_篝火__B_V006_S022.mp4","recycle","deleted_to_recycle","2026-07-03T21:41:07"
"D:\Download\素材下载\团建视频\安吉智能镜头分类\07_烧烤露营夜场\篝火\006_安吉_篝火__S_V009_S005.mp4","D:\Download\素材下载\团建视频\安吉智能镜头分类\07_烧烤露营夜场\篝火\006_安吉_篝火__S_V009_S005.mp4","recycle","deleted_to_recycle","2026-07-03T21:41:07"
"D:\Download\素材下载\团建视频\安吉智能镜头分类\07_烧烤露营夜场\篝火\007_安吉_篝火__S_V009_S009.mp4","D:\Download\素材下载\团建视频\安吉智能镜头分类\07_烧烤露营夜场\篝火\007_安吉_篝火__S_V009_S009.mp4","recycle","deleted_to_recycle","2026-07-03T21:41:08"
"D:\Download\素材下载\团建视频\安吉智能镜头分类\07_烧烤露营夜场\篝火\008_安吉_篝火__S_V010_S026.mp4","D:\Download\素材下载\团建视频\安吉智能镜头分类\07_烧烤露营夜场\篝火\008_安吉_篝火__S_V010_S026.mp4","recycle","deleted_to_recycle","2026-07-03T21:41:08"
"D:\Download\素材下载\团建视频\安吉智能镜头分类\07_烧烤露营夜场\露营\001_安吉_露营__S_V003_S008.mp4","D:\Download\素材下载\团建视频\安吉智能镜头分类\07_烧烤露营夜场\露营\001_安吉_露营__S_V003_S008.mp4","recycle","deleted_to_recycle","2026-07-03T21:41:08"
"D:\Download\素材下载\团建视频\安吉智能镜头分类\07_烧烤露营夜场\露营\002_安吉_露营__S_V006_S002.mp4","D:\Download\素材下载\团建视频\安吉智能镜头分类\07_烧烤露营夜场\露营\002_安吉_露营__S_V006_S002.mp4","recycle","deleted_to_recycle","2026-07-03T21:41:08"
"D:\Download\素材下载\团建视频\安吉智能镜头分类\07_烧烤露营夜场\露营\003_安吉_露营__S_V006_S011_待人工确认.mp4","D:\Download\素材下载\团建视频\安吉智能镜头分类\07_烧烤露营夜场\露营\003_安吉_露营__S_V006_S011_待人工确认.mp4","recycle","deleted_to_recycle","2026-07-03T21:41:08"
"D:\Download\素材下载\团建视频\安吉智能镜头分类\07_烧烤露营夜场\露营\004_安吉_露营__S_V006_S033.mp4","D:\Download\素材下载\团建视频\安吉智能镜头分类\07_烧烤露营夜场\露营\004_安吉_露营__S_V006_S033.mp4","recycle","deleted_to_recycle","2026-07-03T21:41:08"
"D:\Download\素材下载\团建视频\安吉智能镜头分类\07_烧烤露营夜场\露营\005_安吉_露营__S_V006_S034.mp4","D:\Download\素材下载\团建视频\安吉智能镜头分类\07_烧烤露营夜场\露营\005_安吉_露营__S_V006_S034.mp4","recycle","deleted_to_recycle","2026-07-03T21:41:08"
"D:\Download\素材下载\团建视频\安吉智能镜头分类\07_烧烤露营夜场\露营\006_安吉_露营__S_V008_S008.mp4","D:\Download\素材下载\团建视频\安吉智能镜头分类\07_烧烤露营夜场\露营\006_安吉_露营__S_V008_S008.mp4","recycle","deleted_to_recycle","2026-07-03T21:41:08"
"D:\Download\素材下载\团建视频\安吉智能镜头分类\07_烧烤露营夜场\露营\007_安吉_露营__S_V009_S019.mp4","D:\Download\素材下载\团建视频\安吉智能镜头分类\07_烧烤露营夜场\露营\007_安吉_露营__S_V009_S019.mp4","recycle","deleted_to_recycle","2026-07-03T21:41:08"
"D:\Download\素材下载\团建视频\安吉智能镜头分类\07_烧烤露营夜场\露营\008_安吉_露营__S_V009_S020.mp4","D:\Download\素材下载\团建视频\安吉智能镜头分类\07_烧烤露营夜场\露营\008_安吉_露营__S_V009_S020.mp4","recycle","deleted_to_recycle","2026-07-03T21:41:08"
"D:\Download\素材下载\团建视频\安吉智能镜头分类\07_烧烤露营夜场\露营吃东西\001_安吉_露营吃东西__S_V001_S023.mp4","D:\Download\素材下载\团建视频\安吉智能镜头分类\07_烧烤露营夜场\露营吃东西\001_安吉_露营吃东西__S_V001_S023.mp4","recycle","deleted_to_recycle","2026-07-03T21:41:08"
"D:\Download\素材下载\团建视频\安吉智能镜头分类\07_烧烤露营夜场\露营吃东西\002_安吉_露营吃东西__S_V008_S024.mp4","D:\Download\素材下载\团建视频\安吉智能镜头分类\07_烧烤露营夜场\露营吃东西\002_安吉_露营吃东西__S_V008_S024.mp4","recycle","deleted_to_recycle","2026-07-03T21:41:08"
"D:\Download\素材下载\团建视频\安吉智能镜头分类\07_烧烤露营夜场\露营吃东西\003_安吉_露营吃东西__S_V009_S011.mp4","D:\Download\素材下载\团建视频\安吉智能镜头分类\07_烧烤露营夜场\露营吃东西\003_安吉_露营吃东西__S_V009_S011.mp4","recycle","deleted_to_recycle","2026-07-03T21:41:08"
"D:\Download\素材下载\团建视频\安吉智能镜头分类\08_人物反应\开心反应\001_安吉_开心反应__S_V006_S006.mp4","D:\Download\素材下载\团建视频\安吉智能镜头分类\08_人物反应\开心反应\001_安吉_开心反应__S_V006_S006.mp4","recycle","deleted_to_recycle","2026-07-03T21:41:08"
"D:\Download\素材下载\团建视频\安吉智能镜头分类\08_人物反应\开心反应\002_安吉_开心反应__S_V009_S010.mp4","D:\Download\素材下载\团建视频\安吉智能镜头分类\08_人物反应\开心反应\002_安吉_开心反应__S_V009_S010.mp4","recycle","deleted_to_recycle","2026-07-03T21:41:08"
"D:\Download\素材下载\团建视频\安吉智能镜头分类\09_细节特写\菜品特写\001_安吉_菜品特写__S_V004_S020.mp4","D:\Download\素材下载\团建视频\安吉智能镜头分类\09_细节特写\菜品特写\001_安吉_菜品特写__S_V004_S020.mp4","recycle","deleted_to_recycle","2026-07-03T21:41:08"
"D:\Download\素材下载\团建视频\安吉智能镜头分类\09_细节特写\饮品特写\001_安吉_饮品特写__A_V001_S024.mp4","D:\Download\素材下载\团建视频\安吉智能镜头分类\09_细节特写\饮品特写\001_安吉_饮品特写__A_V001_S024.mp4","recycle","deleted_to_recycle","2026-07-03T21:41:08"
"D:\Download\素材下载\团建视频\安吉智能镜头分类\10_收尾返程\早餐返程收尾\001_安吉_早餐返程收尾__S_V008_S031.mp4","D:\Download\素材下载\团建视频\安吉智能镜头分类\10_收尾返程\早餐返程收尾\001_安吉_早餐返程收尾__S_V008_S031.mp4","recycle","deleted_to_recycle","2026-07-03T21:41:08"
"D:\Download\素材下载\团建视频\安吉智能镜头分类\90_待人工分类\口播讲解\001_安吉_口播讲解__S_V011_S001.mp4","D:\Download\素材下载\团建视频\安吉智能镜头分类\90_待人工分类\口播讲解\001_安吉_口播讲解__S_V011_S001.mp4","recycle","deleted_to_recycle","2026-07-03T21:41:08"
"D:\Download\素材下载\团建视频\安吉智能镜头分类\90_待人工分类\口播讲解\003_安吉_口播讲解__S_V011_S009.mp4","D:\Download\素材下载\团建视频\安吉智能镜头分类\90_待人工分类\口播讲解\003_安吉_口播讲解__S_V011_S009.mp4","recycle","deleted_to_recycle","2026-07-03T21:41:08"
"D:\Download\素材下载\团建视频\安吉智能镜头分类\90_待人工分类\口播讲解\006_安吉_口播讲解__S_V011_S014.mp4","D:\Download\素材下载\团建视频\安吉智能镜头分类\90_待人工分类\口播讲解\006_安吉_口播讲解__S_V011_S014.mp4","recycle","deleted_to_recycle","2026-07-03T21:41:08"
"D:\Download\素材下载\团建视频\安吉智能镜头分类\90_待人工分类\口播讲解\007_安吉_口播讲解__S_V011_S015.mp4","D:\Download\素材下载\团建视频\安吉智能镜头分类\90_待人工分类\口播讲解\007_安吉_口播讲解__S_V011_S015.mp4","recycle","deleted_to_recycle","2026-07-03T21:41:08"
"D:\Download\素材下载\团建视频\安吉智能镜头分类\90_待人工分类\口播讲解\009_安吉_口播讲解__S_V011_S018.mp4","D:\Download\素材下载\团建视频\安吉智能镜头分类\90_待人工分类\口播讲解\009_安吉_口播讲解__S_V011_S018.mp4","recycle","deleted_to_recycle","2026-07-03T21:41:09"
"D:\Download\素材下载\团建视频\安吉智能镜头分类\90_待人工分类\口播讲解\011_安吉_口播讲解__S_V011_S023.mp4","D:\Download\素材下载\团建视频\安吉智能镜头分类\90_待人工分类\口播讲解\011_安吉_口播讲解__S_V011_S023.mp4","recycle","deleted_to_recycle","2026-07-03T21:41:09"
"D:\Download\素材下载\团建视频\安吉智能镜头分类\90_待人工分类\口播讲解\012_安吉_口播讲解__S_V011_S025.mp4","D:\Download\素材下载\团建视频\安吉智能镜头分类\90_待人工分类\口播讲解\012_安吉_口播讲解__S_V011_S025.mp4","recycle","deleted_to_recycle","2026-07-03T21:41:09"
"D:\Download\素材下载\团建视频\安吉智能镜头分类\90_待人工分类\口播讲解\013_安吉_口播讲解__S_V011_S028.mp4","D:\Download\素材下载\团建视频\安吉智能镜头分类\90_待人工分类\口播讲解\013_安吉_口播讲解__S_V011_S028.mp4","recycle","deleted_to_recycle","2026-07-03T21:41:09"
"D:\Download\素材下载\团建视频\安吉智能镜头分类\90_待人工分类\待复核画面\001_安吉_待复核画面__S_V001_S013.mp4","D:\Download\素材下载\团建视频\安吉智能镜头分类\90_待人工分类\待复核画面\001_安吉_待复核画面__S_V001_S013.mp4","recycle","deleted_to_recycle","2026-07-03T21:41:09"
"D:\Download\素材下载\团建视频\安吉智能镜头分类\90_待人工分类\待复核画面\002_安吉_待复核画面__S_V001_S018.mp4","D:\Download\素材下载\团建视频\安吉智能镜头分类\90_待人工分类\待复核画面\002_安吉_待复核画面__S_V001_S018.mp4","recycle","deleted_to_recycle","2026-07-03T21:41:09"
"D:\Download\素材下载\团建视频\安吉智能镜头分类\90_待人工分类\待复核画面\003_安吉_待复核画面__S_V001_S019.mp4","D:\Download\素材下载\团建视频\安吉智能镜头分类\90_待人工分类\待复核画面\003_安吉_待复核画面__S_V001_S019.mp4","recycle","deleted_to_recycle","2026-07-03T21:41:09"
"D:\Download\素材下载\团建视频\安吉智能镜头分类\90_待人工分类\待复核画面\004_安吉_待复核画面__S_V002_S012_待人工确认.mp4","D:\Download\素材下载\团建视频\安吉智能镜头分类\90_待人工分类\待复核画面\004_安吉_待复核画面__S_V002_S012_待人工确认.mp4","recycle","deleted_to_recycle","2026-07-03T21:41:09"
"D:\Download\素材下载\团建视频\安吉智能镜头分类\90_待人工分类\待复核画面\005_安吉_待复核画面__A_V002_S013.mp4","D:\Download\素材下载\团建视频\安吉智能镜头分类\90_待人工分类\待复核画面\005_安吉_待复核画面__A_V002_S013.mp4","recycle","deleted_to_recycle","2026-07-03T21:41:09"
"D:\Download\素材下载\团建视频\安吉智能镜头分类\90_待人工分类\待复核画面\006_安吉_待复核画面__A_V002_S014.mp4","D:\Download\素材下载\团建视频\安吉智能镜头分类\90_待人工分类\待复核画面\006_安吉_待复核画面__A_V002_S014.mp4","recycle","deleted_to_recycle","2026-07-03T21:41:09"
"D:\Download\素材下载\团建视频\安吉智能镜头分类\90_待人工分类\待复核画面\007_安吉_待复核画面__A_V002_S015.mp4","D:\Download\素材下载\团建视频\安吉智能镜头分类\90_待人工分类\待复核画面\007_安吉_待复核画面__A_V002_S015.mp4","recycle","deleted_to_recycle","2026-07-03T21:41:09"
"D:\Download\素材下载\团建视频\安吉智能镜头分类\90_待人工分类\待复核画面\008_安吉_待复核画面__A_V002_S016.mp4","D:\Download\素材下载\团建视频\安吉智能镜头分类\90_待人工分类\待复核画面\008_安吉_待复核画面__A_V002_S016.mp4","recycle","deleted_to_recycle","2026-07-03T21:41:09"
"D:\Download\素材下载\团建视频\安吉智能镜头分类\90_待人工分类\待复核画面\009_安吉_待复核画面__A_V002_S017.mp4","D:\Download\素材下载\团建视频\安吉智能镜头分类\90_待人工分类\待复核画面\009_安吉_待复核画面__A_V002_S017.mp4","recycle","deleted_to_recycle","2026-07-03T21:41:09"
"D:\Download\素材下载\团建视频\安吉智能镜头分类\90_待人工分类\待复核画面\010_安吉_待复核画面__A_V002_S018.mp4","D:\Download\素材下载\团建视频\安吉智能镜头分类\90_待人工分类\待复核画面\010_安吉_待复核画面__A_V002_S018.mp4","recycle","deleted_to_recycle","2026-07-03T21:41:09"
"D:\Download\素材下载\团建视频\安吉智能镜头分类\90_待人工分类\待复核画面\011_安吉_待复核画面__A_V004_S014.mp4","D:\Download\素材下载\团建视频\安吉智能镜头分类\90_待人工分类\待复核画面\011_安吉_待复核画面__A_V004_S014.mp4","recycle","deleted_to_recycle","2026-07-03T21:41:09"
"D:\Download\素材下载\团建视频\安吉智能镜头分类\90_待人工分类\待复核画面\012_安吉_待复核画面__S_V004_S015.mp4","D:\Download\素材下载\团建视频\安吉智能镜头分类\90_待人工分类\待复核画面\012_安吉_待复核画面__S_V004_S015.mp4","recycle","deleted_to_recycle","2026-07-03T21:41:09"
"D:\Download\素材下载\团建视频\安吉智能镜头分类\90_待人工分类\待复核画面\013_安吉_待复核画面__S_V010_S009.mp4","D:\Download\素材下载\团建视频\安吉智能镜头分类\90_待人工分类\待复核画面\013_安吉_待复核画面__S_V010_S009.mp4","recycle","deleted_to_recycle","2026-07-03T21:41:09"
"D:\Download\素材下载\团建视频\安吉智能镜头分类\90_待人工分类\待复核画面\014_安吉_待复核画面__S_V010_S010.mp4","D:\Download\素材下载\团建视频\安吉智能镜头分类\90_待人工分类\待复核画面\014_安吉_待复核画面__S_V010_S010.mp4","recycle","deleted_to_recycle","2026-07-03T21:41:09"
"D:\Download\素材下载\团建视频\安吉智能镜头分类\90_待人工分类\待复核画面\015_安吉_待复核画面__S_V010_S011.mp4","D:\Download\素材下载\团建视频\安吉智能镜头分类\90_待人工分类\待复核画面\015_安吉_待复核画面__S_V010_S011.mp4","recycle","deleted_to_recycle","2026-07-03T21:41:09"
"D:\Download\素材下载\团建视频\安吉智能镜头分类\90_待人工分类\待复核画面\016_安吉_待复核画面__S_V010_S013.mp4","D:\Download\素材下载\团建视频\安吉智能镜头分类\90_待人工分类\待复核画面\016_安吉_待复核画面__S_V010_S013.mp4","recycle","deleted_to_recycle","2026-07-03T21:41:09"
"D:\Download\素材下载\团建视频\安吉智能镜头分类\90_待人工分类\待复核画面\017_安吉_待复核画面__S_V010_S014.mp4","D:\Download\素材下载\团建视频\安吉智能镜头分类\90_待人工分类\待复核画面\017_安吉_待复核画面__S_V010_S014.mp4","recycle","deleted_to_recycle","2026-07-03T21:41:09"
"D:\Download\素材下载\团建视频\安吉智能镜头分类\90_待人工分类\待复核画面\018_安吉_待复核画面__S_V010_S015.mp4","D:\Download\素材下载\团建视频\安吉智能镜头分类\90_待人工分类\待复核画面\018_安吉_待复核画面__S_V010_S015.mp4","recycle","deleted_to_recycle","2026-07-03T21:41:09"
"D:\Download\素材下载\团建视频\安吉智能镜头分类\90_待人工分类\行程表截图\001_安吉_行程表截图__A_V002_S019.mp4","D:\Download\素材下载\团建视频\安吉智能镜头分类\90_待人工分类\行程表截图\001_安吉_行程表截图__A_V002_S019.mp4","recycle","deleted_to_recycle","2026-07-03T21:41:09"
"D:\Download\素材下载\团建视频\莫干山智能镜头分类\01_环境空镜\云海山景\001_莫干山_云海山景__A_V006_S001.mp4","D:\Download\素材下载\团建视频\莫干山智能镜头分类\01_环境空镜\云海山景\001_莫干山_云海山景__A_V006_S001.mp4","recycle","deleted_to_recycle","2026-07-03T21:41:09"
"D:\Download\素材下载\团建视频\莫干山智能镜头分类\01_环境空镜\云海山景\002_莫干山_云海山景__A_V006_S002.mp4","D:\Download\素材下载\团建视频\莫干山智能镜头分类\01_环境空镜\云海山景\002_莫干山_云海山景__A_V006_S002.mp4","recycle","deleted_to_recycle","2026-07-03T21:41:10"
"D:\Download\素材下载\团建视频\莫干山智能镜头分类\01_环境空镜\云海山景\003_莫干山_云海山景__S_V006_S008.mp4","D:\Download\素材下载\团建视频\莫干山智能镜头分类\01_环境空镜\云海山景\003_莫干山_云海山景__S_V006_S008.mp4","recycle","deleted_to_recycle","2026-07-03T21:41:10"
"D:\Download\素材下载\团建视频\莫干山智能镜头分类\01_环境空镜\云海山景\004_莫干山_云海山景__S_V006_S009.mp4","D:\Download\素材下载\团建视频\莫干山智能镜头分类\01_环境空镜\云海山景\004_莫干山_云海山景__S_V006_S009.mp4","recycle","deleted_to_recycle","2026-07-03T21:41:10"
"D:\Download\素材下载\团建视频\莫干山智能镜头分类\01_环境空镜\云海山景\005_莫干山_云海山景__S_V006_S019.mp4","D:\Download\素材下载\团建视频\莫干山智能镜头分类\01_环境空镜\云海山景\005_莫干山_云海山景__S_V006_S019.mp4","recycle","deleted_to_recycle","2026-07-03T21:41:10"
"D:\Download\素材下载\团建视频\莫干山智能镜头分类\01_环境空镜\云海山景\006_莫干山_云海山景__A_V006_S022.mp4","D:\Download\素材下载\团建视频\莫干山智能镜头分类\01_环境空镜\云海山景\006_莫干山_云海山景__A_V006_S022.mp4","recycle","deleted_to_recycle","2026-07-03T21:41:10"
"D:\Download\素材下载\团建视频\莫干山智能镜头分类\01_环境空镜\云海山景\007_莫干山_云海山景__S_V006_S033.mp4","D:\Download\素材下载\团建视频\莫干山智能镜头分类\01_环境空镜\云海山景\007_莫干山_云海山景__S_V006_S033.mp4","recycle","deleted_to_recycle","2026-07-03T21:41:10"
"D:\Download\素材下载\团建视频\莫干山智能镜头分类\01_环境空镜\云海山景\009_莫干山_云海山景__S_V018_S002.mp4","D:\Download\素材下载\团建视频\莫干山智能镜头分类\01_环境空镜\云海山景\009_莫干山_云海山景__S_V018_S002.mp4","recycle","deleted_to_recycle","2026-07-03T21:41:10"
"D:\Download\素材下载\团建视频\莫干山智能镜头分类\01_环境空镜\云海山景\010_莫干山_云海山景__S_V018_S026.mp4","D:\Download\素材下载\团建视频\莫干山智能镜头分类\01_环境空镜\云海山景\010_莫干山_云海山景__S_V018_S026.mp4","recycle","deleted_to_recycle","2026-07-03T21:41:10"
"D:\Download\素材下载\团建视频\莫干山智能镜头分类\01_环境空镜\云海山景\011_莫干山_云海山景__S_V022_S001_待人工确认.mp4","D:\Download\素材下载\团建视频\莫干山智能镜头分类\01_环境空镜\云海山景\011_莫干山_云海山景__S_V022_S001_待人工确认.mp4","recycle","deleted_to_recycle","2026-07-03T21:41:10"
"D:\Download\素材下载\团建视频\莫干山智能镜头分类\01_环境空镜\云海山景\012_莫干山_云海山景__S_V022_S004.mp4","D:\Download\素材下载\团建视频\莫干山智能镜头分类\01_环境空镜\云海山景\012_莫干山_云海山景__S_V022_S004.mp4","recycle","deleted_to_recycle","2026-07-03T21:41:10"
"D:\Download\素材下载\团建视频\莫干山智能镜头分类\01_环境空镜\云海山景\013_莫干山_云海山景__S_V022_S010.mp4","D:\Download\素材下载\团建视频\莫干山智能镜头分类\01_环境空镜\云海山景\013_莫干山_云海山景__S_V022_S010.mp4","recycle","deleted_to_recycle","2026-07-03T21:41:10"
"D:\Download\素材下载\团建视频\莫干山智能镜头分类\01_环境空镜\云海山景\014_莫干山_云海山景__S_V024_S001.mp4","D:\Download\素材下载\团建视频\莫干山智能镜头分类\01_环境空镜\云海山景\014_莫干山_云海山景__S_V024_S001.mp4","recycle","deleted_to_recycle","2026-07-03T21:41:10"
"D:\Download\素材下载\团建视频\莫干山智能镜头分类\01_环境空镜\云海山景\015_莫干山_云海山景__S_V024_S008.mp4","D:\Download\素材下载\团建视频\莫干山智能镜头分类\01_环境空镜\云海山景\015_莫干山_云海山景__S_V024_S008.mp4","recycle","deleted_to_recycle","2026-07-03T21:41:10"
"D:\Download\素材下载\团建视频\莫干山智能镜头分类\01_环境空镜\云海山景\016_莫干山_云海山景__S_V024_S025.mp4","D:\Download\素材下载\团建视频\莫干山智能镜头分类\01_环境空镜\云海山景\016_莫干山_云海山景__S_V024_S025.mp4","recycle","deleted_to_recycle","2026-07-03T21:41:10"
"D:\Download\素材下载\团建视频\莫干山智能镜头分类\01_环境空镜\云海山景\017_莫干山_云海山景__S_V024_S043.mp4","D:\Download\素材下载\团建视频\莫干山智能镜头分类\01_环境空镜\云海山景\017_莫干山_云海山景__S_V024_S043.mp4","recycle","deleted_to_recycle","2026-07-03T21:41:10"
"D:\Download\素材下载\团建视频\莫干山智能镜头分类\01_环境空镜\云海山景\018_莫干山_云海山景__S_V025_S001.mp4","D:\Download\素材下载\团建视频\莫干山智能镜头分类\01_环境空镜\云海山景\018_莫干山_云海山景__S_V025_S001.mp4","recycle","deleted_to_recycle","2026-07-03T21:41:10"
"D:\Download\素材下载\团建视频\莫干山智能镜头分类\01_环境空镜\云海山景\019_莫干山_云海山景__A_V025_S004.mp4","D:\Download\素材下载\团建视频\莫干山智能镜头分类\01_环境空镜\云海山景\019_莫干山_云海山景__A_V025_S004.mp4","recycle","deleted_to_recycle","2026-07-03T21:41:10"
"D:\Download\素材下载\团建视频\莫干山智能镜头分类\01_环境空镜\云海山景\020_莫干山_云海山景__A_V025_S028.mp4","D:\Download\素材下载\团建视频\莫干山智能镜头分类\01_环境空镜\云海山景\020_莫干山_云海山景__A_V025_S028.mp4","recycle","deleted_to_recycle","2026-07-03T21:41:10"
"D:\Download\素材下载\团建视频\莫干山智能镜头分类\01_环境空镜\云海山景\021_莫干山_云海山景__B_V025_S029.mp4","D:\Download\素材下载\团建视频\莫干山智能镜头分类\01_环境空镜\云海山景\021_莫干山_云海山景__B_V025_S029.mp4","recycle","deleted_to_recycle","2026-07-03T21:41:10"
"D:\Download\素材下载\团建视频\莫干山智能镜头分类\01_环境空镜\云海山景\022_莫干山_云海山景__A_V025_S030.mp4","D:\Download\素材下载\团建视频\莫干山智能镜头分类\01_环境空镜\云海山景\022_莫干山_云海山景__A_V025_S030.mp4","recycle","deleted_to_recycle","2026-07-03T21:41:10"
"D:\Download\素材下载\团建视频\莫干山智能镜头分类\01_环境空镜\云海山景\023_莫干山_云海山景__A_V025_S031.mp4","D:\Download\素材下载\团建视频\莫干山智能镜头分类\01_环境空镜\云海山景\023_莫干山_云海山景__A_V025_S031.mp4","recycle","deleted_to_recycle","2026-07-03T21:41:10"
"D:\Download\素材下载\团建视频\莫干山智能镜头分类\01_环境空镜\峡谷瀑布空镜\001_莫干山_峡谷瀑布空镜__S_V005_S051.mp4","D:\Download\素材下载\团建视频\莫干山智能镜头分类\01_环境空镜\峡谷瀑布空镜\001_莫干山_峡谷瀑布空镜__S_V005_S051.mp4","recycle","deleted_to_recycle","2026-07-03T21:41:10"
"D:\Download\素材下载\团建视频\莫干山智能镜头分类\01_环境空镜\峡谷瀑布空镜\002_莫干山_峡谷瀑布空镜__A_V022_S003.mp4","D:\Download\素材下载\团建视频\莫干山智能镜头分类\01_环境空镜\峡谷瀑布空镜\002_莫干山_峡谷瀑布空镜__A_V022_S003.mp4","recycle","deleted_to_recycle","2026-07-03T21:41:10"
"D:\Download\素材下载\团建视频\莫干山智能镜头分类\01_环境空镜\峡谷瀑布空镜\003_莫干山_峡谷瀑布空镜__A_V022_S028.mp4","D:\Download\素材下载\团建视频\莫干山智能镜头分类\01_环境空镜\峡谷瀑布空镜\003_莫干山_峡谷瀑布空镜__A_V022_S028.mp4","recycle","deleted_to_recycle","2026-07-03T21:41:10"
"D:\Download\素材下载\团建视频\莫干山智能镜头分类\01_环境空镜\峡谷瀑布空镜\004_莫干山_峡谷瀑布空镜__S_V022_S029.mp4","D:\Download\素材下载\团建视频\莫干山智能镜头分类\01_环境空镜\峡谷瀑布空镜\004_莫干山_峡谷瀑布空镜__S_V022_S029.mp4","recycle","deleted_to_recycle","2026-07-03T21:41:11"
"D:\Download\素材下载\团建视频\莫干山智能镜头分类\01_环境空镜\峡谷瀑布空镜\005_莫干山_峡谷瀑布空镜__S_V022_S030.mp4","D:\Download\素材下载\团建视频\莫干山智能镜头分类\01_环境空镜\峡谷瀑布空镜\005_莫干山_峡谷瀑布空镜__S_V022_S030.mp4","recycle","deleted_to_recycle","2026-07-03T21:41:11"
"D:\Download\素材下载\团建视频\莫干山智能镜头分类\01_环境空镜\峡谷瀑布空镜\006_莫干山_峡谷瀑布空镜__S_V023_S006.mp4","D:\Download\素材下载\团建视频\莫干山智能镜头分类\01_环境空镜\峡谷瀑布空镜\006_莫干山_峡谷瀑布空镜__S_V023_S006.mp4","recycle","deleted_to_recycle","2026-07-03T21:41:11"
"D:\Download\素材下载\团建视频\莫干山智能镜头分类\01_环境空镜\峡谷瀑布空镜\007_莫干山_峡谷瀑布空镜__S_V023_S010.mp4","D:\Download\素材下载\团建视频\莫干山智能镜头分类\01_环境空镜\峡谷瀑布空镜\007_莫干山_峡谷瀑布空镜__S_V023_S010.mp4","recycle","deleted_to_recycle","2026-07-03T21:41:11"
"D:\Download\素材下载\团建视频\莫干山智能镜头分类\01_环境空镜\庾村小镇\001_莫干山_庾村小镇__S_V012_S001.mp4","D:\Download\素材下载\团建视频\莫干山智能镜头分类\01_环境空镜\庾村小镇\001_莫干山_庾村小镇__S_V012_S001.mp4","recycle","deleted_to_recycle","2026-07-03T21:41:11"
"D:\Download\素材下载\团建视频\莫干山智能镜头分类\01_环境空镜\庾村小镇\002_莫干山_庾村小镇__S_V013_S022.mp4","D:\Download\素材下载\团建视频\莫干山智能镜头分类\01_环境空镜\庾村小镇\002_莫干山_庾村小镇__S_V013_S022.mp4","recycle","deleted_to_recycle","2026-07-03T21:41:11"
"D:\Download\素材下载\团建视频\莫干山智能镜头分类\01_环境空镜\庾村小镇\003_莫干山_庾村小镇__S_V013_S023.mp4","D:\Download\素材下载\团建视频\莫干山智能镜头分类\01_环境空镜\庾村小镇\003_莫干山_庾村小镇__S_V013_S023.mp4","recycle","deleted_to_recycle","2026-07-03T21:41:11"
"D:\Download\素材下载\团建视频\莫干山智能镜头分类\01_环境空镜\庾村小镇\004_莫干山_庾村小镇__A_V014_S016.mp4","D:\Download\素材下载\团建视频\莫干山智能镜头分类\01_环境空镜\庾村小镇\004_莫干山_庾村小镇__A_V014_S016.mp4","recycle","deleted_to_recycle","2026-07-03T21:41:11"
"D:\Download\素材下载\团建视频\莫干山智能镜头分类\01_环境空镜\庾村小镇\005_莫干山_庾村小镇__S_V015_S005.mp4","D:\Download\素材下载\团建视频\莫干山智能镜头分类\01_环境空镜\庾村小镇\005_莫干山_庾村小镇__S_V015_S005.mp4","recycle","deleted_to_recycle","2026-07-03T21:41:11"
"D:\Download\素材下载\团建视频\莫干山智能镜头分类\01_环境空镜\庾村小镇\006_莫干山_庾村小镇__S_V015_S006.mp4","D:\Download\素材下载\团建视频\莫干山智能镜头分类\01_环境空镜\庾村小镇\006_莫干山_庾村小镇__S_V015_S006.mp4","recycle","deleted_to_recycle","2026-07-03T21:41:11"
"D:\Download\素材下载\团建视频\莫干山智能镜头分类\01_环境空镜\庾村小镇\007_莫干山_庾村小镇__S_V015_S013.mp4","D:\Download\素材下载\团建视频\莫干山智能镜头分类\01_环境空镜\庾村小镇\007_莫干山_庾村小镇__S_V015_S013.mp4","recycle","deleted_to_recycle","2026-07-03T21:41:11"
"D:\Download\素材下载\团建视频\莫干山智能镜头分类\01_环境空镜\庾村小镇\008_莫干山_庾村小镇__S_V015_S014.mp4","D:\Download\素材下载\团建视频\莫干山智能镜头分类\01_环境空镜\庾村小镇\008_莫干山_庾村小镇__S_V015_S014.mp4","recycle","deleted_to_recycle","2026-07-03T21:41:11"
"D:\Download\素材下载\团建视频\莫干山智能镜头分类\01_环境空镜\庾村小镇\009_莫干山_庾村小镇__S_V015_S015.mp4","D:\Download\素材下载\团建视频\莫干山智能镜头分类\01_环境空镜\庾村小镇\009_莫干山_庾村小镇__S_V015_S015.mp4","recycle","deleted_to_recycle","2026-07-03T21:41:11"
"D:\Download\素材下载\团建视频\莫干山智能镜头分类\01_环境空镜\庾村小镇\010_莫干山_庾村小镇__S_V018_S022.mp4","D:\Download\素材下载\团建视频\莫干山智能镜头分类\01_环境空镜\庾村小镇\010_莫干山_庾村小镇__S_V018_S022.mp4","recycle","deleted_to_recycle","2026-07-03T21:41:11"
"D:\Download\素材下载\团建视频\莫干山智能镜头分类\01_环境空镜\庾村小镇\011_莫干山_庾村小镇__S_V018_S023.mp4","D:\Download\素材下载\团建视频\莫干山智能镜头分类\01_环境空镜\庾村小镇\011_莫干山_庾村小镇__S_V018_S023.mp4","recycle","deleted_to_recycle","2026-07-03T21:41:11"
"D:\Download\素材下载\团建视频\莫干山智能镜头分类\01_环境空镜\湖景山水空镜\001_莫干山_湖景山水空镜__S_V006_S026.mp4","D:\Download\素材下载\团建视频\莫干山智能镜头分类\01_环境空镜\湖景山水空镜\001_莫干山_湖景山水空镜__S_V006_S026.mp4","recycle","deleted_to_recycle","2026-07-03T21:41:11"
"D:\Download\素材下载\团建视频\莫干山智能镜头分类\01_环境空镜\湖景山水空镜\002_莫干山_湖景山水空镜__S_V022_S012.mp4","D:\Download\素材下载\团建视频\莫干山智能镜头分类\01_环境空镜\湖景山水空镜\002_莫干山_湖景山水空镜__S_V022_S012.mp4","recycle","deleted_to_recycle","2026-07-03T21:41:11"
"D:\Download\素材下载\团建视频\莫干山智能镜头分类\01_环境空镜\湖景山水空镜\003_莫干山_湖景山水空镜__S_V024_S027.mp4","D:\Download\素材下载\团建视频\莫干山智能镜头分类\01_环境空镜\湖景山水空镜\003_莫干山_湖景山水空镜__S_V024_S027.mp4","recycle","deleted_to_recycle","2026-07-03T21:41:11"
"D:\Download\素材下载\团建视频\莫干山智能镜头分类\01_环境空镜\竹林山景\001_莫干山_竹林山景__S_V010_S010.mp4","D:\Download\素材下载\团建视频\莫干山智能镜头分类\01_环境空镜\竹林山景\001_莫干山_竹林山景__S_V010_S010.mp4","recycle","deleted_to_recycle","2026-07-03T21:41:11"
"D:\Download\素材下载\团建视频\莫干山智能镜头分类\01_环境空镜\竹林山景\003_莫干山_竹林山景__S_V015_S001.mp4","D:\Download\素材下载\团建视频\莫干山智能镜头分类\01_环境空镜\竹林山景\003_莫干山_竹林山景__S_V015_S001.mp4","recycle","deleted_to_recycle","2026-07-03T21:41:11"
"D:\Download\素材下载\团建视频\莫干山智能镜头分类\01_环境空镜\竹林山景\004_莫干山_竹林山景__S_V022_S002.mp4","D:\Download\素材下载\团建视频\莫干山智能镜头分类\01_环境空镜\竹林山景\004_莫干山_竹林山景__S_V022_S002.mp4","recycle","deleted_to_recycle","2026-07-03T21:41:11"
"D:\Download\素材下载\团建视频\莫干山智能镜头分类\01_环境空镜\竹林山景\005_莫干山_竹林山景__S_V022_S011.mp4","D:\Download\素材下载\团建视频\莫干山智能镜头分类\01_环境空镜\竹林山景\005_莫干山_竹林山景__S_V022_S011.mp4","recycle","deleted_to_recycle","2026-07-03T21:41:11"
"D:\Download\素材下载\团建视频\莫干山智能镜头分类\01_环境空镜\竹林山景\006_莫干山_竹林山景__S_V022_S027.mp4","D:\Download\素材下载\团建视频\莫干山智能镜头分类\01_环境空镜\竹林山景\006_莫干山_竹林山景__S_V022_S027.mp4","recycle","deleted_to_recycle","2026-07-03T21:41:11"
"D:\Download\素材下载\团建视频\莫干山智能镜头分类\01_环境空镜\竹林山景\008_莫干山_竹林山景__S_V024_S028.mp4","D:\Download\素材下载\团建视频\莫干山智能镜头分类\01_环境空镜\竹林山景\008_莫干山_竹林山景__S_V024_S028.mp4","recycle","deleted_to_recycle","2026-07-03T21:41:11"
"D:\Download\素材下载\团建视频\莫干山智能镜头分类\01_环境空镜\莫干山天际塔\001_莫干山_莫干山天际塔__S_V006_S034.mp4","D:\Download\素材下载\团建视频\莫干山智能镜头分类\01_环境空镜\莫干山天际塔\001_莫干山_莫干山天际塔__S_V006_S034.mp4","recycle","deleted_to_recycle","2026-07-03T21:41:12"
"D:\Download\素材下载\团建视频\莫干山智能镜头分类\01_环境空镜\莫干山天际塔\002_莫干山_莫干山天际塔__S_V011_S015.mp4","D:\Download\素材下载\团建视频\莫干山智能镜头分类\01_环境空镜\莫干山天际塔\002_莫干山_莫干山天际塔__S_V011_S015.mp4","recycle","deleted_to_recycle","2026-07-03T21:41:12"
"D:\Download\素材下载\团建视频\莫干山智能镜头分类\01_环境空镜\莫干山天际塔\003_莫干山_莫干山天际塔__S_V011_S020.mp4","D:\Download\素材下载\团建视频\莫干山智能镜头分类\01_环境空镜\莫干山天际塔\003_莫干山_莫干山天际塔__S_V011_S020.mp4","recycle","deleted_to_recycle","2026-07-03T21:41:12"
"D:\Download\素材下载\团建视频\莫干山智能镜头分类\01_环境空镜\莫干山天际塔\004_莫干山_莫干山天际塔__S_V011_S021.mp4","D:\Download\素材下载\团建视频\莫干山智能镜头分类\01_环境空镜\莫干山天际塔\004_莫干山_莫干山天际塔__S_V011_S021.mp4","recycle","deleted_to_recycle","2026-07-03T21:41:12"
"D:\Download\素材下载\团建视频\莫干山智能镜头分类\01_环境空镜\莫干山天际塔\005_莫干山_莫干山天际塔__S_V011_S022.mp4","D:\Download\素材下载\团建视频\莫干山智能镜头分类\01_环境空镜\莫干山天际塔\005_莫干山_莫干山天际塔__S_V011_S022.mp4","recycle","deleted_to_recycle","2026-07-03T21:41:12"
"D:\Download\素材下载\团建视频\莫干山智能镜头分类\01_环境空镜\莫干山天际塔\006_莫干山_莫干山天际塔__S_V011_S023.mp4","D:\Download\素材下载\团建视频\莫干山智能镜头分类\01_环境空镜\莫干山天际塔\006_莫干山_莫干山天际塔__S_V011_S023.mp4","recycle","deleted_to_recycle","2026-07-03T21:41:12"
"D:\Download\素材下载\团建视频\莫干山智能镜头分类\01_环境空镜\莫干山天际塔\007_莫干山_莫干山天际塔__A_V011_S024.mp4","D:\Download\素材下载\团建视频\莫干山智能镜头分类\01_环境空镜\莫干山天际塔\007_莫干山_莫干山天际塔__A_V011_S024.mp4","recycle","deleted_to_recycle","2026-07-03T21:41:12"
"D:\Download\素材下载\团建视频\莫干山智能镜头分类\01_环境空镜\莫干山天际塔\008_莫干山_莫干山天际塔__S_V011_S026.mp4","D:\Download\素材下载\团建视频\莫干山智能镜头分类\01_环境空镜\莫干山天际塔\008_莫干山_莫干山天际塔__S_V011_S026.mp4","recycle","deleted_to_recycle","2026-07-03T21:41:12"
"D:\Download\素材下载\团建视频\莫干山智能镜头分类\01_环境空镜\莫干山天际塔\009_莫干山_莫干山天际塔__S_V018_S004.mp4","D:\Download\素材下载\团建视频\莫干山智能镜头分类\01_环境空镜\莫干山天际塔\009_莫干山_莫干山天际塔__S_V018_S004.mp4","recycle","deleted_to_recycle","2026-07-03T21:41:12"
"D:\Download\素材下载\团建视频\莫干山智能镜头分类\01_环境空镜\莫干山天际塔\010_莫干山_莫干山天际塔__S_V018_S005.mp4","D:\Download\素材下载\团建视频\莫干山智能镜头分类\01_环境空镜\莫干山天际塔\010_莫干山_莫干山天际塔__S_V018_S005.mp4","recycle","deleted_to_recycle","2026-07-03T21:41:12"
"D:\Download\素材下载\团建视频\莫干山智能镜头分类\01_环境空镜\莫干山天际塔\011_莫干山_莫干山天际塔__S_V023_S013.mp4","D:\Download\素材下载\团建视频\莫干山智能镜头分类\01_环境空镜\莫干山天际塔\011_莫干山_莫干山天际塔__S_V023_S013.mp4","recycle","deleted_to_recycle","2026-07-03T21:41:12"
"D:\Download\素材下载\团建视频\莫干山智能镜头分类\01_环境空镜\莫干山天际塔\012_莫干山_莫干山天际塔__S_V024_S003.mp4","D:\Download\素材下载\团建视频\莫干山智能镜头分类\01_环境空镜\莫干山天际塔\012_莫干山_莫干山天际塔__S_V024_S003.mp4","recycle","deleted_to_recycle","2026-07-03T21:41:12"
"D:\Download\素材下载\团建视频\莫干山智能镜头分类\01_环境空镜\莫干山天际塔\013_莫干山_莫干山天际塔__S_V024_S005.mp4","D:\Download\素材下载\团建视频\莫干山智能镜头分类\01_环境空镜\莫干山天际塔\013_莫干山_莫干山天际塔__S_V024_S005.mp4","recycle","deleted_to_recycle","2026-07-03T21:41:12"
"D:\Download\素材下载\团建视频\莫干山智能镜头分类\01_环境空镜\莫干山天际塔\014_莫干山_莫干山天际塔__S_V024_S006.mp4","D:\Download\素材下载\团建视频\莫干山智能镜头分类\01_环境空镜\莫干山天际塔\014_莫干山_莫干山天际塔__S_V024_S006.mp4","recycle","deleted_to_recycle","2026-07-03T21:41:12"
"D:\Download\素材下载\团建视频\莫干山智能镜头分类\01_环境空镜\莫干山天际塔\015_莫干山_莫干山天际塔__S_V024_S016.mp4","D:\Download\素材下载\团建视频\莫干山智能镜头分类\01_环境空镜\莫干山天际塔\015_莫干山_莫干山天际塔__S_V024_S016.mp4","recycle","deleted_to_recycle","2026-07-03T21:41:12"
"D:\Download\素材下载\团建视频\莫干山智能镜头分类\01_环境空镜\莫干山天际塔\016_莫干山_莫干山天际塔__S_V024_S042.mp4","D:\Download\素材下载\团建视频\莫干山智能镜头分类\01_环境空镜\莫干山天际塔\016_莫干山_莫干山天际塔__S_V024_S042.mp4","recycle","deleted_to_recycle","2026-07-03T21:41:12"
"D:\Download\素材下载\团建视频\莫干山智能镜头分类\01_环境空镜\莫干山风景\001_莫干山_莫干山风景__S_V001_S026.mp4","D:\Download\素材下载\团建视频\莫干山智能镜头分类\01_环境空镜\莫干山风景\001_莫干山_莫干山风景__S_V001_S026.mp4","recycle","deleted_to_recycle","2026-07-03T21:41:12"
"D:\Download\素材下载\团建视频\莫干山智能镜头分类\01_环境空镜\莫干山风景\002_莫干山_莫干山风景__S_V005_S005.mp4","D:\Download\素材下载\团建视频\莫干山智能镜头分类\01_环境空镜\莫干山风景\002_莫干山_莫干山风景__S_V005_S005.mp4","recycle","deleted_to_recycle","2026-07-03T21:41:12"
"D:\Download\素材下载\团建视频\莫干山智能镜头分类\01_环境空镜\莫干山风景\003_莫干山_莫干山风景__S_V005_S006.mp4","D:\Download\素材下载\团建视频\莫干山智能镜头分类\01_环境空镜\莫干山风景\003_莫干山_莫干山风景__S_V005_S006.mp4","recycle","deleted_to_recycle","2026-07-03T21:41:12"
"D:\Download\素材下载\团建视频\莫干山智能镜头分类\01_环境空镜\莫干山风景\004_莫干山_莫干山风景__S_V006_S005.mp4","D:\Download\素材下载\团建视频\莫干山智能镜头分类\01_环境空镜\莫干山风景\004_莫干山_莫干山风景__S_V006_S005.mp4","recycle","deleted_to_recycle","2026-07-03T21:41:13"
"D:\Download\素材下载\团建视频\莫干山智能镜头分类\01_环境空镜\莫干山风景\005_莫干山_莫干山风景__S_V010_S002.mp4","D:\Download\素材下载\团建视频\莫干山智能镜头分类\01_环境空镜\莫干山风景\005_莫干山_莫干山风景__S_V010_S002.mp4","recycle","deleted_to_recycle","2026-07-03T21:41:13"
"D:\Download\素材下载\团建视频\莫干山智能镜头分类\01_环境空镜\莫干山风景\006_莫干山_莫干山风景__S_V010_S003.mp4","D:\Download\素材下载\团建视频\莫干山智能镜头分类\01_环境空镜\莫干山风景\006_莫干山_莫干山风景__S_V010_S003.mp4","recycle","deleted_to_recycle","2026-07-03T21:41:13"
"D:\Download\素材下载\团建视频\莫干山智能镜头分类\01_环境空镜\莫干山风景\007_莫干山_莫干山风景__S_V011_S006.mp4","D:\Download\素材下载\团建视频\莫干山智能镜头分类\01_环境空镜\莫干山风景\007_莫干山_莫干山风景__S_V011_S006.mp4","recycle","deleted_to_recycle","2026-07-03T21:41:13"
"D:\Download\素材下载\团建视频\莫干山智能镜头分类\01_环境空镜\莫干山风景\008_莫干山_莫干山风景__S_V011_S019.mp4","D:\Download\素材下载\团建视频\莫干山智能镜头分类\01_环境空镜\莫干山风景\008_莫干山_莫干山风景__S_V011_S019.mp4","recycle","deleted_to_recycle","2026-07-03T21:41:13"
"D:\Download\素材下载\团建视频\莫干山智能镜头分类\01_环境空镜\莫干山风景\009_莫干山_莫干山风景__S_V013_S019.mp4","D:\Download\素材下载\团建视频\莫干山智能镜头分类\01_环境空镜\莫干山风景\009_莫干山_莫干山风景__S_V013_S019.mp4","recycle","deleted_to_recycle","2026-07-03T21:41:13"
"D:\Download\素材下载\团建视频\莫干山智能镜头分类\01_环境空镜\莫干山风景\011_莫干山_莫干山风景__S_V014_S001.mp4","D:\Download\素材下载\团建视频\莫干山智能镜头分类\01_环境空镜\莫干山风景\011_莫干山_莫干山风景__S_V014_S001.mp4","recycle","deleted_to_recycle","2026-07-03T21:41:13"
"D:\Download\素材下载\团建视频\莫干山智能镜头分类\01_环境空镜\莫干山风景\012_莫干山_莫干山风景__S_V014_S002.mp4","D:\Download\素材下载\团建视频\莫干山智能镜头分类\01_环境空镜\莫干山风景\012_莫干山_莫干山风景__S_V014_S002.mp4","recycle","deleted_to_recycle","2026-07-03T21:41:13"
"D:\Download\素材下载\团建视频\莫干山智能镜头分类\01_环境空镜\莫干山风景\013_莫干山_莫干山风景__A_V014_S003.mp4","D:\Download\素材下载\团建视频\莫干山智能镜头分类\01_环境空镜\莫干山风景\013_莫干山_莫干山风景__A_V014_S003.mp4","recycle","deleted_to_recycle","2026-07-03T21:41:13"
"D:\Download\素材下载\团建视频\莫干山智能镜头分类\01_环境空镜\莫干山风景\014_莫干山_莫干山风景__A_V014_S004.mp4","D:\Download\素材下载\团建视频\莫干山智能镜头分类\01_环境空镜\莫干山风景\014_莫干山_莫干山风景__A_V014_S004.mp4","recycle","deleted_to_recycle","2026-07-03T21:41:13"
"D:\Download\素材下载\团建视频\莫干山智能镜头分类\01_环境空镜\莫干山风景\015_莫干山_莫干山风景__S_V015_S002.mp4","D:\Download\素材下载\团建视频\莫干山智能镜头分类\01_环境空镜\莫干山风景\015_莫干山_莫干山风景__S_V015_S002.mp4","recycle","deleted_to_recycle","2026-07-03T21:41:13"
"D:\Download\素材下载\团建视频\莫干山智能镜头分类\01_环境空镜\莫干山风景\016_莫干山_莫干山风景__S_V015_S003.mp4","D:\Download\素材下载\团建视频\莫干山智能镜头分类\01_环境空镜\莫干山风景\016_莫干山_莫干山风景__S_V015_S003.mp4","recycle","deleted_to_recycle","2026-07-03T21:41:13"
"D:\Download\素材下载\团建视频\莫干山智能镜头分类\01_环境空镜\莫干山风景\017_莫干山_莫干山风景__S_V015_S004.mp4","D:\Download\素材下载\团建视频\莫干山智能镜头分类\01_环境空镜\莫干山风景\017_莫干山_莫干山风景__S_V015_S004.mp4","recycle","deleted_to_recycle","2026-07-03T21:41:13"
"D:\Download\素材下载\团建视频\莫干山智能镜头分类\01_环境空镜\莫干山风景\018_莫干山_莫干山风景__S_V015_S007.mp4","D:\Download\素材下载\团建视频\莫干山智能镜头分类\01_环境空镜\莫干山风景\018_莫干山_莫干山风景__S_V015_S007.mp4","recycle","deleted_to_recycle","2026-07-03T21:41:13"
"D:\Download\素材下载\团建视频\莫干山智能镜头分类\01_环境空镜\莫干山风景\019_莫干山_莫干山风景__S_V015_S008.mp4","D:\Download\素材下载\团建视频\莫干山智能镜头分类\01_环境空镜\莫干山风景\019_莫干山_莫干山风景__S_V015_S008.mp4","recycle","deleted_to_recycle","2026-07-03T21:41:13"
"D:\Download\素材下载\团建视频\莫干山智能镜头分类\01_环境空镜\莫干山风景\020_莫干山_莫干山风景__S_V015_S009.mp4","D:\Download\素材下载\团建视频\莫干山智能镜头分类\01_环境空镜\莫干山风景\020_莫干山_莫干山风景__S_V015_S009.mp4","recycle","deleted_to_recycle","2026-07-03T21:41:13"
"D:\Download\素材下载\团建视频\莫干山智能镜头分类\01_环境空镜\莫干山风景\021_莫干山_莫干山风景__S_V015_S010.mp4","D:\Download\素材下载\团建视频\莫干山智能镜头分类\01_环境空镜\莫干山风景\021_莫干山_莫干山风景__S_V015_S010.mp4","recycle","deleted_to_recycle","2026-07-03T21:41:13"
"D:\Download\素材下载\团建视频\莫干山智能镜头分类\01_环境空镜\莫干山风景\022_莫干山_莫干山风景__S_V015_S011.mp4","D:\Download\素材下载\团建视频\莫干山智能镜头分类\01_环境空镜\莫干山风景\022_莫干山_莫干山风景__S_V015_S011.mp4","recycle","deleted_to_recycle","2026-07-03T21:41:13"
"D:\Download\素材下载\团建视频\莫干山智能镜头分类\01_环境空镜\莫干山风景\023_莫干山_莫干山风景__S_V015_S012.mp4","D:\Download\素材下载\团建视频\莫干山智能镜头分类\01_环境空镜\莫干山风景\023_莫干山_莫干山风景__S_V015_S012.mp4","recycle","deleted_to_recycle","2026-07-03T21:41:13"
"D:\Download\素材下载\团建视频\莫干山智能镜头分类\01_环境空镜\莫干山风景\024_莫干山_莫干山风景__S_V018_S001.mp4","D:\Download\素材下载\团建视频\莫干山智能镜头分类\01_环境空镜\莫干山风景\024_莫干山_莫干山风景__S_V018_S001.mp4","recycle","deleted_to_recycle","2026-07-03T21:41:13"
"D:\Download\素材下载\团建视频\莫干山智能镜头分类\01_环境空镜\莫干山风景\025_莫干山_莫干山风景__S_V018_S003.mp4","D:\Download\素材下载\团建视频\莫干山智能镜头分类\01_环境空镜\莫干山风景\025_莫干山_莫干山风景__S_V018_S003.mp4","recycle","deleted_to_recycle","2026-07-03T21:41:13"
"D:\Download\素材下载\团建视频\莫干山智能镜头分类\01_环境空镜\莫干山风景\026_莫干山_莫干山风景__S_V018_S027.mp4","D:\Download\素材下载\团建视频\莫干山智能镜头分类\01_环境空镜\莫干山风景\026_莫干山_莫干山风景__S_V018_S027.mp4","recycle","deleted_to_recycle","2026-07-03T21:41:13"
"D:\Download\素材下载\团建视频\莫干山智能镜头分类\01_环境空镜\莫干山风景\027_莫干山_莫干山风景__S_V023_S002.mp4","D:\Download\素材下载\团建视频\莫干山智能镜头分类\01_环境空镜\莫干山风景\027_莫干山_莫干山风景__S_V023_S002.mp4","recycle","deleted_to_recycle","2026-07-03T21:41:14"
"D:\Download\素材下载\团建视频\莫干山智能镜头分类\01_环境空镜\莫干山风景\028_莫干山_莫干山风景__A_V025_S002.mp4","D:\Download\素材下载\团建视频\莫干山智能镜头分类\01_环境空镜\莫干山风景\028_莫干山_莫干山风景__A_V025_S002.mp4","recycle","deleted_to_recycle","2026-07-03T21:41:14"
"D:\Download\素材下载\团建视频\莫干山智能镜头分类\01_环境空镜\莫干山风景俯拍\001_莫干山_莫干山风景俯拍__S_V006_S012.mp4","D:\Download\素材下载\团建视频\莫干山智能镜头分类\01_环境空镜\莫干山风景俯拍\001_莫干山_莫干山风景俯拍__S_V006_S012.mp4","recycle","deleted_to_recycle","2026-07-03T21:41:14"
"D:\Download\素材下载\团建视频\莫干山智能镜头分类\01_环境空镜\莫干山风景俯拍\002_莫干山_莫干山风景俯拍__B_V006_S021.mp4","D:\Download\素材下载\团建视频\莫干山智能镜头分类\01_环境空镜\莫干山风景俯拍\002_莫干山_莫干山风景俯拍__B_V006_S021.mp4","recycle","deleted_to_recycle","2026-07-03T21:41:14"
"D:\Download\素材下载\团建视频\莫干山智能镜头分类\01_环境空镜\莫干山风景俯拍\003_莫干山_莫干山风景俯拍__S_V011_S005.mp4","D:\Download\素材下载\团建视频\莫干山智能镜头分类\01_环境空镜\莫干山风景俯拍\003_莫干山_莫干山风景俯拍__S_V011_S005.mp4","recycle","deleted_to_recycle","2026-07-03T21:41:14"
"D:\Download\素材下载\团建视频\莫干山智能镜头分类\01_环境空镜\莫干山风景俯拍\004_莫干山_莫干山风景俯拍__S_V011_S016.mp4","D:\Download\素材下载\团建视频\莫干山智能镜头分类\01_环境空镜\莫干山风景俯拍\004_莫干山_莫干山风景俯拍__S_V011_S016.mp4","recycle","deleted_to_recycle","2026-07-03T21:41:14"
"D:\Download\素材下载\团建视频\莫干山智能镜头分类\01_环境空镜\莫干山风景俯拍\005_莫干山_莫干山风景俯拍__S_V011_S018.mp4","D:\Download\素材下载\团建视频\莫干山智能镜头分类\01_环境空镜\莫干山风景俯拍\005_莫干山_莫干山风景俯拍__S_V011_S018.mp4","recycle","deleted_to_recycle","2026-07-03T21:41:14"
"D:\Download\素材下载\团建视频\莫干山智能镜头分类\01_环境空镜\莫干山风景俯拍\006_莫干山_莫干山风景俯拍__S_V023_S023.mp4","D:\Download\素材下载\团建视频\莫干山智能镜头分类\01_环境空镜\莫干山风景俯拍\006_莫干山_莫干山风景俯拍__S_V023_S023.mp4","recycle","deleted_to_recycle","2026-07-03T21:41:14"
"D:\Download\素材下载\团建视频\莫干山智能镜头分类\01_环境空镜\莫干山风景俯拍\007_莫干山_莫干山风景俯拍__S_V024_S010.mp4","D:\Download\素材下载\团建视频\莫干山智能镜头分类\01_环境空镜\莫干山风景俯拍\007_莫干山_莫干山风景俯拍__S_V024_S010.mp4","recycle","deleted_to_recycle","2026-07-03T21:41:14"
"D:\Download\素材下载\团建视频\莫干山智能镜头分类\01_环境空镜\莫干山风景俯拍\008_莫干山_莫干山风景俯拍__S_V024_S035.mp4","D:\Download\素材下载\团建视频\莫干山智能镜头分类\01_环境空镜\莫干山风景俯拍\008_莫干山_莫干山风景俯拍__S_V024_S035.mp4","recycle","deleted_to_recycle","2026-07-03T21:41:14"
"D:\Download\素材下载\团建视频\莫干山智能镜头分类\01_环境空镜\莫干山风景俯拍\009_莫干山_莫干山风景俯拍__S_V024_S036.mp4","D:\Download\素材下载\团建视频\莫干山智能镜头分类\01_环境空镜\莫干山风景俯拍\009_莫干山_莫干山风景俯拍__S_V024_S036.mp4","recycle","deleted_to_recycle","2026-07-03T21:41:14"
"D:\Download\素材下载\团建视频\莫干山智能镜头分类\01_环境空镜\莫干山风景俯拍\010_莫干山_莫干山风景俯拍__S_V024_S037.mp4","D:\Download\素材下载\团建视频\莫干山智能镜头分类\01_环境空镜\莫干山风景俯拍\010_莫干山_莫干山风景俯拍__S_V024_S037.mp4","recycle","deleted_to_recycle","2026-07-03T21:41:14"
"D:\Download\素材下载\团建视频\莫干山智能镜头分类\01_环境空镜\莫干山风景俯拍\011_莫干山_莫干山风景俯拍__S_V025_S005.mp4","D:\Download\素材下载\团建视频\莫干山智能镜头分类\01_环境空镜\莫干山风景俯拍\011_莫干山_莫干山风景俯拍__S_V025_S005.mp4","recycle","deleted_to_recycle","2026-07-03T21:41:14"
"D:\Download\素材下载\团建视频\莫干山智能镜头分类\01_环境空镜\莫干山风景俯拍\012_莫干山_莫干山风景俯拍__A_V025_S027.mp4","D:\Download\素材下载\团建视频\莫干山智能镜头分类\01_环境空镜\莫干山风景俯拍\012_莫干山_莫干山风景俯拍__A_V025_S027.mp4","recycle","deleted_to_recycle","2026-07-03T21:41:14"
"D:\Download\素材下载\团建视频\莫干山智能镜头分类\02_出发抵达\大巴集合出发\002_莫干山_大巴集合出发__S_V006_S006.mp4","D:\Download\素材下载\团建视频\莫干山智能镜头分类\02_出发抵达\大巴集合出发\002_莫干山_大巴集合出发__S_V006_S006.mp4","recycle","deleted_to_recycle","2026-07-03T21:41:14"
"D:\Download\素材下载\团建视频\莫干山智能镜头分类\02_出发抵达\大巴集合出发\004_莫干山_大巴集合出发__S_V016_S002.mp4","D:\Download\素材下载\团建视频\莫干山智能镜头分类\02_出发抵达\大巴集合出发\004_莫干山_大巴集合出发__S_V016_S002.mp4","recycle","deleted_to_recycle","2026-07-03T21:41:14"
"D:\Download\素材下载\团建视频\莫干山智能镜头分类\02_出发抵达\大巴集合出发\005_莫干山_大巴集合出发__S_V016_S011.mp4","D:\Download\素材下载\团建视频\莫干山智能镜头分类\02_出发抵达\大巴集合出发\005_莫干山_大巴集合出发__S_V016_S011.mp4","recycle","deleted_to_recycle","2026-07-03T21:41:14"
"D:\Download\素材下载\团建视频\莫干山智能镜头分类\02_出发抵达\大巴集合出发\006_莫干山_大巴集合出发__S_V016_S012.mp4","D:\Download\素材下载\团建视频\莫干山智能镜头分类\02_出发抵达\大巴集合出发\006_莫干山_大巴集合出发__S_V016_S012.mp4","recycle","deleted_to_recycle","2026-07-03T21:41:14"
"D:\Download\素材下载\团建视频\莫干山智能镜头分类\02_出发抵达\大巴集合出发\007_莫干山_大巴集合出发__S_V016_S013.mp4","D:\Download\素材下载\团建视频\莫干山智能镜头分类\02_出发抵达\大巴集合出发\007_莫干山_大巴集合出发__S_V016_S013.mp4","recycle","deleted_to_recycle","2026-07-03T21:41:14"
"D:\Download\素材下载\团建视频\莫干山智能镜头分类\02_出发抵达\大巴集合出发\008_莫干山_大巴集合出发__S_V016_S014.mp4","D:\Download\素材下载\团建视频\莫干山智能镜头分类\02_出发抵达\大巴集合出发\008_莫干山_大巴集合出发__S_V016_S014.mp4","recycle","deleted_to_recycle","2026-07-03T21:41:14"
"D:\Download\素材下载\团建视频\莫干山智能镜头分类\02_出发抵达\大巴集合出发\009_莫干山_大巴集合出发__A_V016_S053.mp4","D:\Download\素材下载\团建视频\莫干山智能镜头分类\02_出发抵达\大巴集合出发\009_莫干山_大巴集合出发__A_V016_S053.mp4","recycle","deleted_to_recycle","2026-07-03T21:41:14"
"D:\Download\素材下载\团建视频\莫干山智能镜头分类\02_出发抵达\大巴集合出发\011_莫干山_大巴集合出发__S_V023_S009.mp4","D:\Download\素材下载\团建视频\莫干山智能镜头分类\02_出发抵达\大巴集合出发\011_莫干山_大巴集合出发__S_V023_S009.mp4","recycle","deleted_to_recycle","2026-07-03T21:41:14"
"D:\Download\素材下载\团建视频\莫干山智能镜头分类\02_出发抵达\山路抵达\001_莫干山_山路抵达__S_V001_S012.mp4","D:\Download\素材下载\团建视频\莫干山智能镜头分类\02_出发抵达\山路抵达\001_莫干山_山路抵达__S_V001_S012.mp4","recycle","deleted_to_recycle","2026-07-03T21:41:15"
"D:\Download\素材下载\团建视频\莫干山智能镜头分类\02_出发抵达\山路抵达\002_莫干山_山路抵达__S_V006_S004.mp4","D:\Download\素材下载\团建视频\莫干山智能镜头分类\02_出发抵达\山路抵达\002_莫干山_山路抵达__S_V006_S004.mp4","recycle","deleted_to_recycle","2026-07-03T21:41:15"
"D:\Download\素材下载\团建视频\莫干山智能镜头分类\02_出发抵达\山路抵达\003_莫干山_山路抵达__S_V013_S007.mp4","D:\Download\素材下载\团建视频\莫干山智能镜头分类\02_出发抵达\山路抵达\003_莫干山_山路抵达__S_V013_S007.mp4","recycle","deleted_to_recycle","2026-07-03T21:41:15"
"D:\Download\素材下载\团建视频\莫干山智能镜头分类\03_住宿空间\别墅KTV棋牌室\002_莫干山_别墅KTV棋牌室__B_V014_S021.mp4","D:\Download\素材下载\团建视频\莫干山智能镜头分类\03_住宿空间\别墅KTV棋牌室\002_莫干山_别墅KTV棋牌室__B_V014_S021.mp4","recycle","deleted_to_recycle","2026-07-03T21:41:15"
"D:\Download\素材下载\团建视频\莫干山智能镜头分类\03_住宿空间\别墅KTV棋牌室\003_莫干山_别墅KTV棋牌室__S_V022_S021.mp4","D:\Download\素材下载\团建视频\莫干山智能镜头分类\03_住宿空间\别墅KTV棋牌室\003_莫干山_别墅KTV棋牌室__S_V022_S021.mp4","recycle","deleted_to_recycle","2026-07-03T21:41:15"
"D:\Download\素材下载\团建视频\莫干山智能镜头分类\03_住宿空间\民宿外观\001_莫干山_民宿外观__S_V005_S008.mp4","D:\Download\素材下载\团建视频\莫干山智能镜头分类\03_住宿空间\民宿外观\001_莫干山_民宿外观__S_V005_S008.mp4","recycle","deleted_to_recycle","2026-07-03T21:41:15"
"D:\Download\素材下载\团建视频\莫干山智能镜头分类\03_住宿空间\民宿外观\002_莫干山_民宿外观__S_V006_S007.mp4","D:\Download\素材下载\团建视频\莫干山智能镜头分类\03_住宿空间\民宿外观\002_莫干山_民宿外观__S_V006_S007.mp4","recycle","deleted_to_recycle","2026-07-03T21:41:15"
"D:\Download\素材下载\团建视频\莫干山智能镜头分类\03_住宿空间\民宿外观\003_莫干山_民宿外观__S_V007_S001.mp4","D:\Download\素材下载\团建视频\莫干山智能镜头分类\03_住宿空间\民宿外观\003_莫干山_民宿外观__S_V007_S001.mp4","recycle","deleted_to_recycle","2026-07-03T21:41:15"
"D:\Download\素材下载\团建视频\莫干山智能镜头分类\03_住宿空间\民宿外观\004_莫干山_民宿外观__S_V007_S003.mp4","D:\Download\素材下载\团建视频\莫干山智能镜头分类\03_住宿空间\民宿外观\004_莫干山_民宿外观__S_V007_S003.mp4","recycle","deleted_to_recycle","2026-07-03T21:41:15"
"D:\Download\素材下载\团建视频\莫干山智能镜头分类\03_住宿空间\民宿外观\005_莫干山_民宿外观__B_V014_S005.mp4","D:\Download\素材下载\团建视频\莫干山智能镜头分类\03_住宿空间\民宿外观\005_莫干山_民宿外观__B_V014_S005.mp4","recycle","deleted_to_recycle","2026-07-03T21:41:15"
"D:\Download\素材下载\团建视频\莫干山智能镜头分类\03_住宿空间\民宿外观\006_莫干山_民宿外观__S_V018_S006.mp4","D:\Download\素材下载\团建视频\莫干山智能镜头分类\03_住宿空间\民宿外观\006_莫干山_民宿外观__S_V018_S006.mp4","recycle","deleted_to_recycle","2026-07-03T21:41:15"
"D:\Download\素材下载\团建视频\莫干山智能镜头分类\03_住宿空间\民宿外观\007_莫干山_民宿外观__S_V022_S008.mp4","D:\Download\素材下载\团建视频\莫干山智能镜头分类\03_住宿空间\民宿外观\007_莫干山_民宿外观__S_V022_S008.mp4","recycle","deleted_to_recycle","2026-07-03T21:41:15"
"D:\Download\素材下载\团建视频\莫干山智能镜头分类\03_住宿空间\民宿外观\008_莫干山_民宿外观__S_V022_S009.mp4","D:\Download\素材下载\团建视频\莫干山智能镜头分类\03_住宿空间\民宿外观\008_莫干山_民宿外观__S_V022_S009.mp4","recycle","deleted_to_recycle","2026-07-03T21:41:15"
"D:\Download\素材下载\团建视频\莫干山智能镜头分类\03_住宿空间\民宿外观\009_莫干山_民宿外观__S_V022_S025.mp4","D:\Download\素材下载\团建视频\莫干山智能镜头分类\03_住宿空间\民宿外观\009_莫干山_民宿外观__S_V022_S025.mp4","recycle","deleted_to_recycle","2026-07-03T21:41:15"
"D:\Download\素材下载\团建视频\莫干山智能镜头分类\03_住宿空间\民宿外观\010_莫干山_民宿外观__S_V025_S003.mp4","D:\Download\素材下载\团建视频\莫干山智能镜头分类\03_住宿空间\民宿外观\010_莫干山_民宿外观__S_V025_S003.mp4","recycle","deleted_to_recycle","2026-07-03T21:41:15"
"D:\Download\素材下载\团建视频\莫干山智能镜头分类\03_住宿空间\民宿庭院\002_莫干山_民宿庭院__S_V016_S040.mp4","D:\Download\素材下载\团建视频\莫干山智能镜头分类\03_住宿空间\民宿庭院\002_莫干山_民宿庭院__S_V016_S040.mp4","recycle","deleted_to_recycle","2026-07-03T21:41:15"
"D:\Download\素材下载\团建视频\莫干山智能镜头分类\03_住宿空间\民宿泳池\001_莫干山_民宿泳池__S_V005_S010.mp4","D:\Download\素材下载\团建视频\莫干山智能镜头分类\03_住宿空间\民宿泳池\001_莫干山_民宿泳池__S_V005_S010.mp4","recycle","deleted_to_recycle","2026-07-03T21:41:15"
"D:\Download\素材下载\团建视频\莫干山智能镜头分类\03_住宿空间\民宿泳池\002_莫干山_民宿泳池__S_V005_S011.mp4","D:\Download\素材下载\团建视频\莫干山智能镜头分类\03_住宿空间\民宿泳池\002_莫干山_民宿泳池__S_V005_S011.mp4","recycle","deleted_to_recycle","2026-07-03T21:41:15"
"D:\Download\素材下载\团建视频\莫干山智能镜头分类\03_住宿空间\民宿泳池\003_莫干山_民宿泳池__S_V006_S028.mp4","D:\Download\素材下载\团建视频\莫干山智能镜头分类\03_住宿空间\民宿泳池\003_莫干山_民宿泳池__S_V006_S028.mp4","recycle","deleted_to_recycle","2026-07-03T21:41:15"
"D:\Download\素材下载\团建视频\莫干山智能镜头分类\03_住宿空间\湖景露台\001_莫干山_湖景露台__B_V014_S022.mp4","D:\Download\素材下载\团建视频\莫干山智能镜头分类\03_住宿空间\湖景露台\001_莫干山_湖景露台__B_V014_S022.mp4","recycle","deleted_to_recycle","2026-07-03T21:41:15"
"D:\Download\素材下载\团建视频\莫干山智能镜头分类\03_住宿空间\酒店民宿房间\003_莫干山_酒店民宿房间__S_V006_S027_待人工确认.mp4","D:\Download\素材下载\团建视频\莫干山智能镜头分类\03_住宿空间\酒店民宿房间\003_莫干山_酒店民宿房间__S_V006_S027_待人工确认.mp4","recycle","deleted_to_recycle","2026-07-03T21:41:15"
"D:\Download\素材下载\团建视频\莫干山智能镜头分类\03_住宿空间\酒店民宿房间\006_莫干山_酒店民宿房间__S_V007_S016.mp4","D:\Download\素材下载\团建视频\莫干山智能镜头分类\03_住宿空间\酒店民宿房间\006_莫干山_酒店民宿房间__S_V007_S016.mp4","recycle","deleted_to_recycle","2026-07-03T21:41:16"
"D:\Download\素材下载\团建视频\莫干山智能镜头分类\03_住宿空间\酒店民宿房间\007_莫干山_酒店民宿房间__S_V007_S017_待人工确认.mp4","D:\Download\素材下载\团建视频\莫干山智能镜头分类\03_住宿空间\酒店民宿房间\007_莫干山_酒店民宿房间__S_V007_S017_待人工确认.mp4","recycle","deleted_to_recycle","2026-07-03T21:41:16"
"D:\Download\素材下载\团建视频\莫干山智能镜头分类\03_住宿空间\酒店民宿房间\009_莫干山_酒店民宿房间__S_V010_S008.mp4","D:\Download\素材下载\团建视频\莫干山智能镜头分类\03_住宿空间\酒店民宿房间\009_莫干山_酒店民宿房间__S_V010_S008.mp4","recycle","deleted_to_recycle","2026-07-03T21:41:16"
"D:\Download\素材下载\团建视频\莫干山智能镜头分类\03_住宿空间\酒店民宿房间\010_莫干山_酒店民宿房间__S_V010_S009.mp4","D:\Download\素材下载\团建视频\莫干山智能镜头分类\03_住宿空间\酒店民宿房间\010_莫干山_酒店民宿房间__S_V010_S009.mp4","recycle","deleted_to_recycle","2026-07-03T21:41:16"
"D:\Download\素材下载\团建视频\莫干山智能镜头分类\03_住宿空间\酒店民宿房间\011_莫干山_酒店民宿房间__S_V013_S024.mp4","D:\Download\素材下载\团建视频\莫干山智能镜头分类\03_住宿空间\酒店民宿房间\011_莫干山_酒店民宿房间__S_V013_S024.mp4","recycle","deleted_to_recycle","2026-07-03T21:41:16"
"D:\Download\素材下载\团建视频\莫干山智能镜头分类\03_住宿空间\酒店民宿房间\014_莫干山_酒店民宿房间__A_V014_S023_待人工确认.mp4","D:\Download\素材下载\团建视频\莫干山智能镜头分类\03_住宿空间\酒店民宿房间\014_莫干山_酒店民宿房间__A_V014_S023_待人工确认.mp4","recycle","deleted_to_recycle","2026-07-03T21:41:16"
"D:\Download\素材下载\团建视频\莫干山智能镜头分类\03_住宿空间\酒店民宿房间\015_莫干山_酒店民宿房间__A_V014_S024_待人工确认.mp4","D:\Download\素材下载\团建视频\莫干山智能镜头分类\03_住宿空间\酒店民宿房间\015_莫干山_酒店民宿房间__A_V014_S024_待人工确认.mp4","recycle","deleted_to_recycle","2026-07-03T21:41:16"
"D:\Download\素材下载\团建视频\莫干山智能镜头分类\03_住宿空间\酒店民宿房间\016_莫干山_酒店民宿房间__S_V016_S041.mp4","D:\Download\素材下载\团建视频\莫干山智能镜头分类\03_住宿空间\酒店民宿房间\016_莫干山_酒店民宿房间__S_V016_S041.mp4","recycle","deleted_to_recycle","2026-07-03T21:41:16"
"D:\Download\素材下载\团建视频\莫干山智能镜头分类\03_住宿空间\酒店民宿房间\017_莫干山_酒店民宿房间__S_V016_S042.mp4","D:\Download\素材下载\团建视频\莫干山智能镜头分类\03_住宿空间\酒店民宿房间\017_莫干山_酒店民宿房间__S_V016_S042.mp4","recycle","deleted_to_recycle","2026-07-03T21:41:16"
"D:\Download\素材下载\团建视频\莫干山智能镜头分类\03_住宿空间\酒店民宿房间\019_莫干山_酒店民宿房间__S_V021_S007_待人工确认.mp4","D:\Download\素材下载\团建视频\莫干山智能镜头分类\03_住宿空间\酒店民宿房间\019_莫干山_酒店民宿房间__S_V021_S007_待人工确认.mp4","recycle","deleted_to_recycle","2026-07-03T21:41:16"
"D:\Download\素材下载\团建视频\莫干山智能镜头分类\03_住宿空间\酒店民宿房间\020_莫干山_酒店民宿房间__S_V023_S030.mp4","D:\Download\素材下载\团建视频\莫干山智能镜头分类\03_住宿空间\酒店民宿房间\020_莫干山_酒店民宿房间__S_V023_S030.mp4","recycle","deleted_to_recycle","2026-07-03T21:41:16"
"D:\Download\素材下载\团建视频\莫干山智能镜头分类\03_住宿空间\酒店民宿房间\021_莫干山_酒店民宿房间__S_V023_S031.mp4","D:\Download\素材下载\团建视频\莫干山智能镜头分类\03_住宿空间\酒店民宿房间\021_莫干山_酒店民宿房间__S_V023_S031.mp4","recycle","deleted_to_recycle","2026-07-03T21:41:16"
"D:\Download\素材下载\团建视频\莫干山智能镜头分类\03_住宿空间\酒店民宿房间\022_莫干山_酒店民宿房间__S_V023_S032.mp4","D:\Download\素材下载\团建视频\莫干山智能镜头分类\03_住宿空间\酒店民宿房间\022_莫干山_酒店民宿房间__S_V023_S032.mp4","recycle","deleted_to_recycle","2026-07-03T21:41:16"
"D:\Download\素材下载\团建视频\莫干山智能镜头分类\03_住宿空间\酒店民宿房间\023_莫干山_酒店民宿房间__S_V025_S006.mp4","D:\Download\素材下载\团建视频\莫干山智能镜头分类\03_住宿空间\酒店民宿房间\023_莫干山_酒店民宿房间__S_V025_S006.mp4","recycle","deleted_to_recycle","2026-07-03T21:41:16"
"D:\Download\素材下载\团建视频\莫干山智能镜头分类\03_住宿空间\酒店民宿房间\024_莫干山_酒店民宿房间__S_V025_S007.mp4","D:\Download\素材下载\团建视频\莫干山智能镜头分类\03_住宿空间\酒店民宿房间\024_莫干山_酒店民宿房间__S_V025_S007.mp4","recycle","deleted_to_recycle","2026-07-03T21:41:16"
"D:\Download\素材下载\团建视频\莫干山智能镜头分类\03_住宿空间\酒店民宿房间\025_莫干山_酒店民宿房间__S_V025_S008.mp4","D:\Download\素材下载\团建视频\莫干山智能镜头分类\03_住宿空间\酒店民宿房间\025_莫干山_酒店民宿房间__S_V025_S008.mp4","recycle","deleted_to_recycle","2026-07-03T21:41:16"
"D:\Download\素材下载\团建视频\莫干山智能镜头分类\04_餐饮美食\下午茶点\001_莫干山_下午茶点__S_V007_S008.mp4","D:\Download\素材下载\团建视频\莫干山智能镜头分类\04_餐饮美食\下午茶点\001_莫干山_下午茶点__S_V007_S008.mp4","recycle","deleted_to_recycle","2026-07-03T21:41:16"
"D:\Download\素材下载\团建视频\莫干山智能镜头分类\04_餐饮美食\下午茶点\002_莫干山_下午茶点__S_V010_S026.mp4","D:\Download\素材下载\团建视频\莫干山智能镜头分类\04_餐饮美食\下午茶点\002_莫干山_下午茶点__S_V010_S026.mp4","recycle","deleted_to_recycle","2026-07-03T21:41:16"
"D:\Download\素材下载\团建视频\莫干山智能镜头分类\04_餐饮美食\下午茶点\003_莫干山_下午茶点__S_V013_S005.mp4","D:\Download\素材下载\团建视频\莫干山智能镜头分类\04_餐饮美食\下午茶点\003_莫干山_下午茶点__S_V013_S005.mp4","recycle","deleted_to_recycle","2026-07-03T21:41:16"
"D:\Download\素材下载\团建视频\莫干山智能镜头分类\04_餐饮美食\下午茶点\004_莫干山_下午茶点__S_V013_S027.mp4","D:\Download\素材下载\团建视频\莫干山智能镜头分类\04_餐饮美食\下午茶点\004_莫干山_下午茶点__S_V013_S027.mp4","recycle","deleted_to_recycle","2026-07-03T21:41:16"
"D:\Download\素材下载\团建视频\莫干山智能镜头分类\04_餐饮美食\下午茶点\005_莫干山_下午茶点__A_V014_S018.mp4","D:\Download\素材下载\团建视频\莫干山智能镜头分类\04_餐饮美食\下午茶点\005_莫干山_下午茶点__A_V014_S018.mp4","recycle","deleted_to_recycle","2026-07-03T21:41:16"
"D:\Download\素材下载\团建视频\莫干山智能镜头分类\04_餐饮美食\下午茶点\006_莫干山_下午茶点__A_V014_S019.mp4","D:\Download\素材下载\团建视频\莫干山智能镜头分类\04_餐饮美食\下午茶点\006_莫干山_下午茶点__A_V014_S019.mp4","recycle","deleted_to_recycle","2026-07-03T21:41:16"
"D:\Download\素材下载\团建视频\莫干山智能镜头分类\04_餐饮美食\农家菜\002_莫干山_农家菜__S_V001_S034.mp4","D:\Download\素材下载\团建视频\莫干山智能镜头分类\04_餐饮美食\农家菜\002_莫干山_农家菜__S_V001_S034.mp4","recycle","deleted_to_recycle","2026-07-03T21:41:17"
"D:\Download\素材下载\团建视频\莫干山智能镜头分类\04_餐饮美食\农家菜\005_莫干山_农家菜__S_V005_S012.mp4","D:\Download\素材下载\团建视频\莫干山智能镜头分类\04_餐饮美食\农家菜\005_莫干山_农家菜__S_V005_S012.mp4","recycle","deleted_to_recycle","2026-07-03T21:41:17"
"D:\Download\素材下载\团建视频\莫干山智能镜头分类\04_餐饮美食\农家菜\006_莫干山_农家菜__S_V005_S013.mp4","D:\Download\素材下载\团建视频\莫干山智能镜头分类\04_餐饮美食\农家菜\006_莫干山_农家菜__S_V005_S013.mp4","recycle","deleted_to_recycle","2026-07-03T21:41:17"
"D:\Download\素材下载\团建视频\莫干山智能镜头分类\04_餐饮美食\农家菜\007_莫干山_农家菜__S_V005_S014.mp4","D:\Download\素材下载\团建视频\莫干山智能镜头分类\04_餐饮美食\农家菜\007_莫干山_农家菜__S_V005_S014.mp4","recycle","deleted_to_recycle","2026-07-03T21:41:17"
"D:\Download\素材下载\团建视频\莫干山智能镜头分类\04_餐饮美食\农家菜\008_莫干山_农家菜__S_V005_S044.mp4","D:\Download\素材下载\团建视频\莫干山智能镜头分类\04_餐饮美食\农家菜\008_莫干山_农家菜__S_V005_S044.mp4","recycle","deleted_to_recycle","2026-07-03T21:41:17"
"D:\Download\素材下载\团建视频\莫干山智能镜头分类\04_餐饮美食\农家菜\009_莫干山_农家菜__A_V006_S029.mp4","D:\Download\素材下载\团建视频\莫干山智能镜头分类\04_餐饮美食\农家菜\009_莫干山_农家菜__A_V006_S029.mp4","recycle","deleted_to_recycle","2026-07-03T21:41:17"
"D:\Download\素材下载\团建视频\莫干山智能镜头分类\04_餐饮美食\农家菜\010_莫干山_农家菜__S_V006_S030.mp4","D:\Download\素材下载\团建视频\莫干山智能镜头分类\04_餐饮美食\农家菜\010_莫干山_农家菜__S_V006_S030.mp4","recycle","deleted_to_recycle","2026-07-03T21:41:17"
"D:\Download\素材下载\团建视频\莫干山智能镜头分类\04_餐饮美食\农家菜\011_莫干山_农家菜__S_V010_S011.mp4","D:\Download\素材下载\团建视频\莫干山智能镜头分类\04_餐饮美食\农家菜\011_莫干山_农家菜__S_V010_S011.mp4","recycle","deleted_to_recycle","2026-07-03T21:41:17"
"D:\Download\素材下载\团建视频\莫干山智能镜头分类\04_餐饮美食\农家菜\012_莫干山_农家菜__S_V010_S012.mp4","D:\Download\素材下载\团建视频\莫干山智能镜头分类\04_餐饮美食\农家菜\012_莫干山_农家菜__S_V010_S012.mp4","recycle","deleted_to_recycle","2026-07-03T21:41:17"
"D:\Download\素材下载\团建视频\莫干山智能镜头分类\04_餐饮美食\农家菜\013_莫干山_农家菜__S_V010_S025.mp4","D:\Download\素材下载\团建视频\莫干山智能镜头分类\04_餐饮美食\农家菜\013_莫干山_农家菜__S_V010_S025.mp4","recycle","deleted_to_recycle","2026-07-03T21:41:17"
"D:\Download\素材下载\团建视频\莫干山智能镜头分类\04_餐饮美食\农家菜\014_莫干山_农家菜__S_V010_S027.mp4","D:\Download\素材下载\团建视频\莫干山智能镜头分类\04_餐饮美食\农家菜\014_莫干山_农家菜__S_V010_S027.mp4","recycle","deleted_to_recycle","2026-07-03T21:41:17"
"D:\Download\素材下载\团建视频\莫干山智能镜头分类\04_餐饮美食\农家菜\015_莫干山_农家菜__S_V013_S009.mp4","D:\Download\素材下载\团建视频\莫干山智能镜头分类\04_餐饮美食\农家菜\015_莫干山_农家菜__S_V013_S009.mp4","recycle","deleted_to_recycle","2026-07-03T21:41:17"
"D:\Download\素材下载\团建视频\莫干山智能镜头分类\04_餐饮美食\农家菜\016_莫干山_农家菜__S_V013_S021.mp4","D:\Download\素材下载\团建视频\莫干山智能镜头分类\04_餐饮美食\农家菜\016_莫干山_农家菜__S_V013_S021.mp4","recycle","deleted_to_recycle","2026-07-03T21:41:17"
"D:\Download\素材下载\团建视频\莫干山智能镜头分类\04_餐饮美食\农家菜\017_莫干山_农家菜__S_V016_S015.mp4","D:\Download\素材下载\团建视频\莫干山智能镜头分类\04_餐饮美食\农家菜\017_莫干山_农家菜__S_V016_S015.mp4","recycle","deleted_to_recycle","2026-07-03T21:41:17"
"D:\Download\素材下载\团建视频\莫干山智能镜头分类\04_餐饮美食\农家菜\018_莫干山_农家菜__S_V016_S018.mp4","D:\Download\素材下载\团建视频\莫干山智能镜头分类\04_餐饮美食\农家菜\018_莫干山_农家菜__S_V016_S018.mp4","recycle","deleted_to_recycle","2026-07-03T21:41:17"
"D:\Download\素材下载\团建视频\莫干山智能镜头分类\04_餐饮美食\农家菜\019_莫干山_农家菜__S_V016_S019.mp4","D:\Download\素材下载\团建视频\莫干山智能镜头分类\04_餐饮美食\农家菜\019_莫干山_农家菜__S_V016_S019.mp4","recycle","deleted_to_recycle","2026-07-03T21:41:17"
"D:\Download\素材下载\团建视频\莫干山智能镜头分类\04_餐饮美食\农家菜\020_莫干山_农家菜__S_V016_S020.mp4","D:\Download\素材下载\团建视频\莫干山智能镜头分类\04_餐饮美食\农家菜\020_莫干山_农家菜__S_V016_S020.mp4","recycle","deleted_to_recycle","2026-07-03T21:41:18"
"D:\Download\素材下载\团建视频\莫干山智能镜头分类\04_餐饮美食\农家菜\021_莫干山_农家菜__S_V016_S047.mp4","D:\Download\素材下载\团建视频\莫干山智能镜头分类\04_餐饮美食\农家菜\021_莫干山_农家菜__S_V016_S047.mp4","recycle","deleted_to_recycle","2026-07-03T21:41:18"
"D:\Download\素材下载\团建视频\莫干山智能镜头分类\04_餐饮美食\农家菜\022_莫干山_农家菜__S_V016_S052.mp4","D:\Download\素材下载\团建视频\莫干山智能镜头分类\04_餐饮美食\农家菜\022_莫干山_农家菜__S_V016_S052.mp4","recycle","deleted_to_recycle","2026-07-03T21:41:18"
"D:\Download\素材下载\团建视频\莫干山智能镜头分类\04_餐饮美食\农家菜\023_莫干山_农家菜__S_V018_S012.mp4","D:\Download\素材下载\团建视频\莫干山智能镜头分类\04_餐饮美食\农家菜\023_莫干山_农家菜__S_V018_S012.mp4","recycle","deleted_to_recycle","2026-07-03T21:41:18"
"D:\Download\素材下载\团建视频\莫干山智能镜头分类\04_餐饮美食\农家菜\024_莫干山_农家菜__S_V021_S010.mp4","D:\Download\素材下载\团建视频\莫干山智能镜头分类\04_餐饮美食\农家菜\024_莫干山_农家菜__S_V021_S010.mp4","recycle","deleted_to_recycle","2026-07-03T21:41:18"
"D:\Download\素材下载\团建视频\莫干山智能镜头分类\04_餐饮美食\农家菜\025_莫干山_农家菜__S_V021_S011.mp4","D:\Download\素材下载\团建视频\莫干山智能镜头分类\04_餐饮美食\农家菜\025_莫干山_农家菜__S_V021_S011.mp4","recycle","deleted_to_recycle","2026-07-03T21:41:18"
"D:\Download\素材下载\团建视频\莫干山智能镜头分类\04_餐饮美食\农家菜\026_莫干山_农家菜__S_V021_S012.mp4","D:\Download\素材下载\团建视频\莫干山智能镜头分类\04_餐饮美食\农家菜\026_莫干山_农家菜__S_V021_S012.mp4","recycle","deleted_to_recycle","2026-07-03T21:41:18"
"D:\Download\素材下载\团建视频\莫干山智能镜头分类\04_餐饮美食\农家菜\027_莫干山_农家菜__S_V021_S013.mp4","D:\Download\素材下载\团建视频\莫干山智能镜头分类\04_餐饮美食\农家菜\027_莫干山_农家菜__S_V021_S013.mp4","recycle","deleted_to_recycle","2026-07-03T21:41:18"
"D:\Download\素材下载\团建视频\莫干山智能镜头分类\04_餐饮美食\农家菜\029_莫干山_农家菜__S_V021_S038.mp4","D:\Download\素材下载\团建视频\莫干山智能镜头分类\04_餐饮美食\农家菜\029_莫干山_农家菜__S_V021_S038.mp4","recycle","deleted_to_recycle","2026-07-03T21:41:18"
"D:\Download\素材下载\团建视频\莫干山智能镜头分类\04_餐饮美食\农家菜\030_莫干山_农家菜__S_V021_S039.mp4","D:\Download\素材下载\团建视频\莫干山智能镜头分类\04_餐饮美食\农家菜\030_莫干山_农家菜__S_V021_S039.mp4","recycle","deleted_to_recycle","2026-07-03T21:41:18"
"D:\Download\素材下载\团建视频\莫干山智能镜头分类\04_餐饮美食\农家菜\031_莫干山_农家菜__S_V022_S026.mp4","D:\Download\素材下载\团建视频\莫干山智能镜头分类\04_餐饮美食\农家菜\031_莫干山_农家菜__S_V022_S026.mp4","recycle","deleted_to_recycle","2026-07-03T21:41:18"
"D:\Download\素材下载\团建视频\莫干山智能镜头分类\04_餐饮美食\农家菜\032_莫干山_农家菜__S_V023_S011.mp4","D:\Download\素材下载\团建视频\莫干山智能镜头分类\04_餐饮美食\农家菜\032_莫干山_农家菜__S_V023_S011.mp4","recycle","deleted_to_recycle","2026-07-03T21:41:18"
"D:\Download\素材下载\团建视频\莫干山智能镜头分类\04_餐饮美食\农家菜\033_莫干山_农家菜__S_V023_S038.mp4","D:\Download\素材下载\团建视频\莫干山智能镜头分类\04_餐饮美食\农家菜\033_莫干山_农家菜__S_V023_S038.mp4","recycle","deleted_to_recycle","2026-07-03T21:41:18"
"D:\Download\素材下载\团建视频\莫干山智能镜头分类\04_餐饮美食\农家菜\035_莫干山_农家菜__S_V025_S009.mp4","D:\Download\素材下载\团建视频\莫干山智能镜头分类\04_餐饮美食\农家菜\035_莫干山_农家菜__S_V025_S009.mp4","recycle","deleted_to_recycle","2026-07-03T21:41:18"
"D:\Download\素材下载\团建视频\莫干山智能镜头分类\04_餐饮美食\农家菜\036_莫干山_农家菜__S_V025_S010.mp4","D:\Download\素材下载\团建视频\莫干山智能镜头分类\04_餐饮美食\农家菜\036_莫干山_农家菜__S_V025_S010.mp4","recycle","deleted_to_recycle","2026-07-03T21:41:18"
"D:\Download\素材下载\团建视频\莫干山智能镜头分类\04_餐饮美食\农家菜\037_莫干山_农家菜__S_V025_S011.mp4","D:\Download\素材下载\团建视频\莫干山智能镜头分类\04_餐饮美食\农家菜\037_莫干山_农家菜__S_V025_S011.mp4","recycle","deleted_to_recycle","2026-07-03T21:41:18"
"D:\Download\素材下载\团建视频\莫干山智能镜头分类\04_餐饮美食\农家菜\038_莫干山_农家菜__S_V025_S026.mp4","D:\Download\素材下载\团建视频\莫干山智能镜头分类\04_餐饮美食\农家菜\038_莫干山_农家菜__S_V025_S026.mp4","recycle","deleted_to_recycle","2026-07-03T21:41:18"
"D:\Download\素材下载\团建视频\莫干山智能镜头分类\04_餐饮美食\早餐\001_莫干山_早餐__S_V007_S018.mp4","D:\Download\素材下载\团建视频\莫干山智能镜头分类\04_餐饮美食\早餐\001_莫干山_早餐__S_V007_S018.mp4","recycle","deleted_to_recycle","2026-07-03T21:41:18"
"D:\Download\素材下载\团建视频\莫干山智能镜头分类\04_餐饮美食\早餐\003_莫干山_早餐__S_V021_S031.mp4","D:\Download\素材下载\团建视频\莫干山智能镜头分类\04_餐饮美食\早餐\003_莫干山_早餐__S_V021_S031.mp4","recycle","deleted_to_recycle","2026-07-03T21:41:19"
"D:\Download\素材下载\团建视频\莫干山智能镜头分类\04_餐饮美食\早餐\004_莫干山_早餐__S_V025_S023.mp4","D:\Download\素材下载\团建视频\莫干山智能镜头分类\04_餐饮美食\早餐\004_莫干山_早餐__S_V025_S023.mp4","recycle","deleted_to_recycle","2026-07-03T21:41:19"
"D:\Download\素材下载\团建视频\莫干山智能镜头分类\04_餐饮美食\早餐\005_莫干山_早餐__S_V025_S037.mp4","D:\Download\素材下载\团建视频\莫干山智能镜头分类\04_餐饮美食\早餐\005_莫干山_早餐__S_V025_S037.mp4","recycle","deleted_to_recycle","2026-07-03T21:41:19"
"D:\Download\素材下载\团建视频\莫干山智能镜头分类\04_餐饮美食\水果饮品\001_莫干山_水果饮品__A_V016_S016.mp4","D:\Download\素材下载\团建视频\莫干山智能镜头分类\04_餐饮美食\水果饮品\001_莫干山_水果饮品__A_V016_S016.mp4","recycle","deleted_to_recycle","2026-07-03T21:41:19"
"D:\Download\素材下载\团建视频\莫干山智能镜头分类\04_餐饮美食\自助餐\001_莫干山_自助餐__S_V001_S027.mp4","D:\Download\素材下载\团建视频\莫干山智能镜头分类\04_餐饮美食\自助餐\001_莫干山_自助餐__S_V001_S027.mp4","recycle","deleted_to_recycle","2026-07-03T21:41:19"
"D:\Download\素材下载\团建视频\莫干山智能镜头分类\04_餐饮美食\自助餐\002_莫干山_自助餐__S_V004_S015.mp4","D:\Download\素材下载\团建视频\莫干山智能镜头分类\04_餐饮美食\自助餐\002_莫干山_自助餐__S_V004_S015.mp4","recycle","deleted_to_recycle","2026-07-03T21:41:19"
"D:\Download\素材下载\团建视频\莫干山智能镜头分类\04_餐饮美食\自助餐\003_莫干山_自助餐__S_V016_S034.mp4","D:\Download\素材下载\团建视频\莫干山智能镜头分类\04_餐饮美食\自助餐\003_莫干山_自助餐__S_V016_S034.mp4","recycle","deleted_to_recycle","2026-07-03T21:41:19"
"D:\Download\素材下载\团建视频\莫干山智能镜头分类\04_餐饮美食\自助餐\004_莫干山_自助餐__S_V016_S035.mp4","D:\Download\素材下载\团建视频\莫干山智能镜头分类\04_餐饮美食\自助餐\004_莫干山_自助餐__S_V016_S035.mp4","recycle","deleted_to_recycle","2026-07-03T21:41:19"
"D:\Download\素材下载\团建视频\莫干山智能镜头分类\04_餐饮美食\自助餐\005_莫干山_自助餐__S_V024_S034.mp4","D:\Download\素材下载\团建视频\莫干山智能镜头分类\04_餐饮美食\自助餐\005_莫干山_自助餐__S_V024_S034.mp4","recycle","deleted_to_recycle","2026-07-03T21:41:19"
"D:\Download\素材下载\团建视频\莫干山智能镜头分类\04_餐饮美食\菜品特写\001_莫干山_菜品特写__S_V005_S015.mp4","D:\Download\素材下载\团建视频\莫干山智能镜头分类\04_餐饮美食\菜品特写\001_莫干山_菜品特写__S_V005_S015.mp4","recycle","deleted_to_recycle","2026-07-03T21:41:19"
"D:\Download\素材下载\团建视频\莫干山智能镜头分类\04_餐饮美食\菜品特写\003_莫干山_菜品特写__S_V005_S017.mp4","D:\Download\素材下载\团建视频\莫干山智能镜头分类\04_餐饮美食\菜品特写\003_莫干山_菜品特写__S_V005_S017.mp4","recycle","deleted_to_recycle","2026-07-03T21:41:19"
"D:\Download\素材下载\团建视频\莫干山智能镜头分类\04_餐饮美食\菜品特写\004_莫干山_菜品特写__S_V005_S018.mp4","D:\Download\素材下载\团建视频\莫干山智能镜头分类\04_餐饮美食\菜品特写\004_莫干山_菜品特写__S_V005_S018.mp4","recycle","deleted_to_recycle","2026-07-03T21:41:19"
"D:\Download\素材下载\团建视频\莫干山智能镜头分类\04_餐饮美食\菜品特写\005_莫干山_菜品特写__S_V005_S026.mp4","D:\Download\素材下载\团建视频\莫干山智能镜头分类\04_餐饮美食\菜品特写\005_莫干山_菜品特写__S_V005_S026.mp4","recycle","deleted_to_recycle","2026-07-03T21:41:19"
"D:\Download\素材下载\团建视频\莫干山智能镜头分类\04_餐饮美食\菜品特写\007_莫干山_菜品特写__S_V013_S028.mp4","D:\Download\素材下载\团建视频\莫干山智能镜头分类\04_餐饮美食\菜品特写\007_莫干山_菜品特写__S_V013_S028.mp4","recycle","deleted_to_recycle","2026-07-03T21:41:19"
"D:\Download\素材下载\团建视频\莫干山智能镜头分类\04_餐饮美食\菜品特写\008_莫干山_菜品特写__A_V016_S017.mp4","D:\Download\素材下载\团建视频\莫干山智能镜头分类\04_餐饮美食\菜品特写\008_莫干山_菜品特写__A_V016_S017.mp4","recycle","deleted_to_recycle","2026-07-03T21:41:19"
"D:\Download\素材下载\团建视频\莫干山智能镜头分类\04_餐饮美食\菜品餐桌\001_莫干山_菜品餐桌__A_V001_S009.mp4","D:\Download\素材下载\团建视频\莫干山智能镜头分类\04_餐饮美食\菜品餐桌\001_莫干山_菜品餐桌__A_V001_S009.mp4","recycle","deleted_to_recycle","2026-07-03T21:41:20"
"D:\Download\素材下载\团建视频\莫干山智能镜头分类\04_餐饮美食\菜品餐桌\002_莫干山_菜品餐桌__A_V001_S011.mp4","D:\Download\素材下载\团建视频\莫干山智能镜头分类\04_餐饮美食\菜品餐桌\002_莫干山_菜品餐桌__A_V001_S011.mp4","recycle","deleted_to_recycle","2026-07-03T21:41:20"
"D:\Download\素材下载\团建视频\莫干山智能镜头分类\04_餐饮美食\菜品餐桌\003_莫干山_菜品餐桌__A_V001_S035.mp4","D:\Download\素材下载\团建视频\莫干山智能镜头分类\04_餐饮美食\菜品餐桌\003_莫干山_菜品餐桌__A_V001_S035.mp4","recycle","deleted_to_recycle","2026-07-03T21:41:20"
"D:\Download\素材下载\团建视频\莫干山智能镜头分类\04_餐饮美食\菜品餐桌\004_莫干山_菜品餐桌__S_V005_S019.mp4","D:\Download\素材下载\团建视频\莫干山智能镜头分类\04_餐饮美食\菜品餐桌\004_莫干山_菜品餐桌__S_V005_S019.mp4","recycle","deleted_to_recycle","2026-07-03T21:41:20"
"D:\Download\素材下载\团建视频\莫干山智能镜头分类\04_餐饮美食\菜品餐桌\005_莫干山_菜品餐桌__S_V005_S045.mp4","D:\Download\素材下载\团建视频\莫干山智能镜头分类\04_餐饮美食\菜品餐桌\005_莫干山_菜品餐桌__S_V005_S045.mp4","recycle","deleted_to_recycle","2026-07-03T21:41:20"
"D:\Download\素材下载\团建视频\莫干山智能镜头分类\04_餐饮美食\菜品餐桌\006_莫干山_菜品餐桌__S_V013_S008.mp4","D:\Download\素材下载\团建视频\莫干山智能镜头分类\04_餐饮美食\菜品餐桌\006_莫干山_菜品餐桌__S_V013_S008.mp4","recycle","deleted_to_recycle","2026-07-03T21:41:20"
"D:\Download\素材下载\团建视频\莫干山智能镜头分类\04_餐饮美食\菜品餐桌\007_莫干山_菜品餐桌__S_V013_S026.mp4","D:\Download\素材下载\团建视频\莫干山智能镜头分类\04_餐饮美食\菜品餐桌\007_莫干山_菜品餐桌__S_V013_S026.mp4","recycle","deleted_to_recycle","2026-07-03T21:41:20"
"D:\Download\素材下载\团建视频\莫干山智能镜头分类\04_餐饮美食\菜品餐桌\010_莫干山_菜品餐桌__S_V024_S026.mp4","D:\Download\素材下载\团建视频\莫干山智能镜头分类\04_餐饮美食\菜品餐桌\010_莫干山_菜品餐桌__S_V024_S026.mp4","recycle","deleted_to_recycle","2026-07-03T21:41:20"
"D:\Download\素材下载\团建视频\莫干山智能镜头分类\05_项目活动\KTV唱歌\002_莫干山_KTV唱歌__B_V014_S012.mp4","D:\Download\素材下载\团建视频\莫干山智能镜头分类\05_项目活动\KTV唱歌\002_莫干山_KTV唱歌__B_V014_S012.mp4","recycle","deleted_to_recycle","2026-07-03T21:41:20"
"D:\Download\素材下载\团建视频\莫干山智能镜头分类\05_项目活动\KTV唱歌\003_莫干山_KTV唱歌__B_V014_S013_待人工确认.mp4","D:\Download\素材下载\团建视频\莫干山智能镜头分类\05_项目活动\KTV唱歌\003_莫干山_KTV唱歌__B_V014_S013_待人工确认.mp4","recycle","deleted_to_recycle","2026-07-03T21:41:20"
"D:\Download\素材下载\团建视频\莫干山智能镜头分类\05_项目活动\KTV唱歌\004_莫干山_KTV唱歌__A_V016_S043.mp4","D:\Download\素材下载\团建视频\莫干山智能镜头分类\05_项目活动\KTV唱歌\004_莫干山_KTV唱歌__A_V016_S043.mp4","recycle","deleted_to_recycle","2026-07-03T21:41:20"
"D:\Download\素材下载\团建视频\莫干山智能镜头分类\05_项目活动\KTV唱歌\005_莫干山_KTV唱歌__A_V025_S040_待人工确认.mp4","D:\Download\素材下载\团建视频\莫干山智能镜头分类\05_项目活动\KTV唱歌\005_莫干山_KTV唱歌__A_V025_S040_待人工确认.mp4","recycle","deleted_to_recycle","2026-07-03T21:41:20"
"D:\Download\素材下载\团建视频\莫干山智能镜头分类\05_项目活动\农事体验\002_莫干山_农事体验__S_V021_S020.mp4","D:\Download\素材下载\团建视频\莫干山智能镜头分类\05_项目活动\农事体验\002_莫干山_农事体验__S_V021_S020.mp4","recycle","deleted_to_recycle","2026-07-03T21:41:20"
"D:\Download\素材下载\团建视频\莫干山智能镜头分类\05_项目活动\剧本杀\001_莫干山_剧本杀__S_V007_S011.mp4","D:\Download\素材下载\团建视频\莫干山智能镜头分类\05_项目活动\剧本杀\001_莫干山_剧本杀__S_V007_S011.mp4","recycle","deleted_to_recycle","2026-07-03T21:41:20"
"D:\Download\素材下载\团建视频\莫干山智能镜头分类\05_项目活动\剧本杀\002_莫干山_剧本杀__A_V025_S021.mp4","D:\Download\素材下载\团建视频\莫干山智能镜头分类\05_项目活动\剧本杀\002_莫干山_剧本杀__A_V025_S021.mp4","recycle","deleted_to_recycle","2026-07-03T21:41:20"
"D:\Download\素材下载\团建视频\莫干山智能镜头分类\05_项目活动\剧本杀\003_莫干山_剧本杀__A_V025_S022.mp4","D:\Download\素材下载\团建视频\莫干山智能镜头分类\05_项目活动\剧本杀\003_莫干山_剧本杀__A_V025_S022.mp4","recycle","deleted_to_recycle","2026-07-03T21:41:20"
"D:\Download\素材下载\团建视频\莫干山智能镜头分类\05_项目活动\剧本杀\004_莫干山_剧本杀__A_V025_S042.mp4","D:\Download\素材下载\团建视频\莫干山智能镜头分类\05_项目活动\剧本杀\004_莫干山_剧本杀__A_V025_S042.mp4","recycle","deleted_to_recycle","2026-07-03T21:41:20"
"D:\Download\素材下载\团建视频\莫干山智能镜头分类\05_项目活动\台球\002_莫干山_台球__S_V022_S023.mp4","D:\Download\素材下载\团建视频\莫干山智能镜头分类\05_项目活动\台球\002_莫干山_台球__S_V022_S023.mp4","recycle","deleted_to_recycle","2026-07-03T21:41:20"
"D:\Download\素材下载\团建视频\莫干山智能镜头分类\05_项目活动\射箭\001_莫干山_射箭__S_V001_S014.mp4","D:\Download\素材下载\团建视频\莫干山智能镜头分类\05_项目活动\射箭\001_莫干山_射箭__S_V001_S014.mp4","recycle","deleted_to_recycle","2026-07-03T21:41:21"
"D:\Download\素材下载\团建视频\莫干山智能镜头分类\05_项目活动\射箭\003_莫干山_射箭__S_V016_S026.mp4","D:\Download\素材下载\团建视频\莫干山智能镜头分类\05_项目活动\射箭\003_莫干山_射箭__S_V016_S026.mp4","recycle","deleted_to_recycle","2026-07-03T21:41:21"
"D:\Download\素材下载\团建视频\莫干山智能镜头分类\05_项目活动\射箭\004_莫干山_射箭__S_V021_S019.mp4","D:\Download\素材下载\团建视频\莫干山智能镜头分类\05_项目活动\射箭\004_莫干山_射箭__S_V021_S019.mp4","recycle","deleted_to_recycle","2026-07-03T21:41:21"
"D:\Download\素材下载\团建视频\莫干山智能镜头分类\05_项目活动\射箭\006_莫干山_射箭__S_V023_S024.mp4","D:\Download\素材下载\团建视频\莫干山智能镜头分类\05_项目活动\射箭\006_莫干山_射箭__S_V023_S024.mp4","recycle","deleted_to_recycle","2026-07-03T21:41:21"
"D:\Download\素材下载\团建视频\莫干山智能镜头分类\05_项目活动\山地越野车\002_莫干山_山地越野车__S_V006_S003.mp4","D:\Download\素材下载\团建视频\莫干山智能镜头分类\05_项目活动\山地越野车\002_莫干山_山地越野车__S_V006_S003.mp4","recycle","deleted_to_recycle","2026-07-03T21:41:21"
"D:\Download\素材下载\团建视频\莫干山智能镜头分类\05_项目活动\山地越野车\003_莫干山_山地越野车__S_V006_S010.mp4","D:\Download\素材下载\团建视频\莫干山智能镜头分类\05_项目活动\山地越野车\003_莫干山_山地越野车__S_V006_S010.mp4","recycle","deleted_to_recycle","2026-07-03T21:41:21"
"D:\Download\素材下载\团建视频\莫干山智能镜头分类\05_项目活动\山地越野车\004_莫干山_山地越野车__S_V010_S022.mp4","D:\Download\素材下载\团建视频\莫干山智能镜头分类\05_项目活动\山地越野车\004_莫干山_山地越野车__S_V010_S022.mp4","recycle","deleted_to_recycle","2026-07-03T21:41:21"
"D:\Download\素材下载\团建视频\莫干山智能镜头分类\05_项目活动\山地越野车\005_莫干山_山地越野车__S_V011_S007.mp4","D:\Download\素材下载\团建视频\莫干山智能镜头分类\05_项目活动\山地越野车\005_莫干山_山地越野车__S_V011_S007.mp4","recycle","deleted_to_recycle","2026-07-03T21:41:21"
"D:\Download\素材下载\团建视频\莫干山智能镜头分类\05_项目活动\山地越野车\006_莫干山_山地越野车__S_V011_S008.mp4","D:\Download\素材下载\团建视频\莫干山智能镜头分类\05_项目活动\山地越野车\006_莫干山_山地越野车__S_V011_S008.mp4","recycle","deleted_to_recycle","2026-07-03T21:41:21"
"D:\Download\素材下载\团建视频\莫干山智能镜头分类\05_项目活动\山地越野车\007_莫干山_山地越野车__S_V011_S009.mp4","D:\Download\素材下载\团建视频\莫干山智能镜头分类\05_项目活动\山地越野车\007_莫干山_山地越野车__S_V011_S009.mp4","recycle","deleted_to_recycle","2026-07-03T21:41:21"
"D:\Download\素材下载\团建视频\莫干山智能镜头分类\05_项目活动\山地越野车\008_莫干山_山地越野车__A_V014_S006.mp4","D:\Download\素材下载\团建视频\莫干山智能镜头分类\05_项目活动\山地越野车\008_莫干山_山地越野车__A_V014_S006.mp4","recycle","deleted_to_recycle","2026-07-03T21:41:21"
"D:\Download\素材下载\团建视频\莫干山智能镜头分类\05_项目活动\山地越野车\009_莫干山_山地越野车__S_V018_S019.mp4","D:\Download\素材下载\团建视频\莫干山智能镜头分类\05_项目活动\山地越野车\009_莫干山_山地越野车__S_V018_S019.mp4","recycle","deleted_to_recycle","2026-07-03T21:41:21"
"D:\Download\素材下载\团建视频\莫干山智能镜头分类\05_项目活动\山地越野车\010_莫干山_山地越野车__S_V018_S020.mp4","D:\Download\素材下载\团建视频\莫干山智能镜头分类\05_项目活动\山地越野车\010_莫干山_山地越野车__S_V018_S020.mp4","recycle","deleted_to_recycle","2026-07-03T21:41:21"
"D:\Download\素材下载\团建视频\莫干山智能镜头分类\05_项目活动\山地越野车\011_莫干山_山地越野车__S_V018_S021.mp4","D:\Download\素材下载\团建视频\莫干山智能镜头分类\05_项目活动\山地越野车\011_莫干山_山地越野车__S_V018_S021.mp4","recycle","deleted_to_recycle","2026-07-03T21:41:21"
"D:\Download\素材下载\团建视频\莫干山智能镜头分类\05_项目活动\山地越野车\012_莫干山_山地越野车__S_V019_S002.mp4","D:\Download\素材下载\团建视频\莫干山智能镜头分类\05_项目活动\山地越野车\012_莫干山_山地越野车__S_V019_S002.mp4","recycle","deleted_to_recycle","2026-07-03T21:41:22"
"D:\Download\素材下载\团建视频\莫干山智能镜头分类\05_项目活动\山地越野车\013_莫干山_山地越野车__S_V019_S003.mp4","D:\Download\素材下载\团建视频\莫干山智能镜头分类\05_项目活动\山地越野车\013_莫干山_山地越野车__S_V019_S003.mp4","recycle","deleted_to_recycle","2026-07-03T21:41:22"
"D:\Download\素材下载\团建视频\莫干山智能镜头分类\05_项目活动\山地越野车\014_莫干山_山地越野车__S_V021_S001.mp4","D:\Download\素材下载\团建视频\莫干山智能镜头分类\05_项目活动\山地越野车\014_莫干山_山地越野车__S_V021_S001.mp4","recycle","deleted_to_recycle","2026-07-03T21:41:22"
"D:\Download\素材下载\团建视频\莫干山智能镜头分类\05_项目活动\山地越野车\017_莫干山_山地越野车__S_V022_S005.mp4","D:\Download\素材下载\团建视频\莫干山智能镜头分类\05_项目活动\山地越野车\017_莫干山_山地越野车__S_V022_S005.mp4","recycle","deleted_to_recycle","2026-07-03T21:41:22"
"D:\Download\素材下载\团建视频\莫干山智能镜头分类\05_项目活动\山地越野车\018_莫干山_山地越野车__S_V022_S014.mp4","D:\Download\素材下载\团建视频\莫干山智能镜头分类\05_项目活动\山地越野车\018_莫干山_山地越野车__S_V022_S014.mp4","recycle","deleted_to_recycle","2026-07-03T21:41:22"
"D:\Download\素材下载\团建视频\莫干山智能镜头分类\05_项目活动\山地越野车\019_莫干山_山地越野车__S_V022_S015.mp4","D:\Download\素材下载\团建视频\莫干山智能镜头分类\05_项目活动\山地越野车\019_莫干山_山地越野车__S_V022_S015.mp4","recycle","deleted_to_recycle","2026-07-03T21:41:22"
"D:\Download\素材下载\团建视频\莫干山智能镜头分类\05_项目活动\山地越野车\020_莫干山_山地越野车__S_V024_S030.mp4","D:\Download\素材下载\团建视频\莫干山智能镜头分类\05_项目活动\山地越野车\020_莫干山_山地越野车__S_V024_S030.mp4","recycle","deleted_to_recycle","2026-07-03T21:41:22"
"D:\Download\素材下载\团建视频\莫干山智能镜头分类\05_项目活动\山地越野车\021_莫干山_山地越野车__S_V025_S025_待人工确认.mp4","D:\Download\素材下载\团建视频\莫干山智能镜头分类\05_项目活动\山地越野车\021_莫干山_山地越野车__S_V025_S025_待人工确认.mp4","recycle","deleted_to_recycle","2026-07-03T21:41:22"
"D:\Download\素材下载\团建视频\莫干山智能镜头分类\05_项目活动\山地越野车\022_莫干山_山地越野车__S_V025_S034.mp4","D:\Download\素材下载\团建视频\莫干山智能镜头分类\05_项目活动\山地越野车\022_莫干山_山地越野车__S_V025_S034.mp4","recycle","deleted_to_recycle","2026-07-03T21:41:22"
"D:\Download\素材下载\团建视频\莫干山智能镜头分类\05_项目活动\彩虹滑道\002_莫干山_彩虹滑道__S_V010_S024.mp4","D:\Download\素材下载\团建视频\莫干山智能镜头分类\05_项目活动\彩虹滑道\002_莫干山_彩虹滑道__S_V010_S024.mp4","recycle","deleted_to_recycle","2026-07-03T21:41:22"
"D:\Download\素材下载\团建视频\莫干山智能镜头分类\05_项目活动\彩虹滑道\003_莫干山_彩虹滑道__S_V019_S011.mp4","D:\Download\素材下载\团建视频\莫干山智能镜头分类\05_项目活动\彩虹滑道\003_莫干山_彩虹滑道__S_V019_S011.mp4","recycle","deleted_to_recycle","2026-07-03T21:41:22"
"D:\Download\素材下载\团建视频\莫干山智能镜头分类\05_项目活动\彩虹滑道\005_莫干山_彩虹滑道__S_V021_S017.mp4","D:\Download\素材下载\团建视频\莫干山智能镜头分类\05_项目活动\彩虹滑道\005_莫干山_彩虹滑道__S_V021_S017.mp4","recycle","deleted_to_recycle","2026-07-03T21:41:22"
"D:\Download\素材下载\团建视频\莫干山智能镜头分类\05_项目活动\彩虹滑道\006_莫干山_彩虹滑道__S_V024_S019.mp4","D:\Download\素材下载\团建视频\莫干山智能镜头分类\05_项目活动\彩虹滑道\006_莫干山_彩虹滑道__S_V024_S019.mp4","recycle","deleted_to_recycle","2026-07-03T21:41:22"
"D:\Download\素材下载\团建视频\莫干山智能镜头分类\05_项目活动\桌游\003_莫干山_桌游__A_V016_S045.mp4","D:\Download\素材下载\团建视频\莫干山智能镜头分类\05_项目活动\桌游\003_莫干山_桌游__A_V016_S045.mp4","recycle","deleted_to_recycle","2026-07-03T21:41:22"
"D:\Download\素材下载\团建视频\莫干山智能镜头分类\05_项目活动\水上乐园\004_莫干山_水上乐园__S_V019_S006.mp4","D:\Download\素材下载\团建视频\莫干山智能镜头分类\05_项目活动\水上乐园\004_莫干山_水上乐园__S_V019_S006.mp4","recycle","deleted_to_recycle","2026-07-03T21:41:22"
"D:\Download\素材下载\团建视频\莫干山智能镜头分类\05_项目活动\水上乐园\007_莫干山_水上乐园__S_V024_S004.mp4","D:\Download\素材下载\团建视频\莫干山智能镜头分类\05_项目活动\水上乐园\007_莫干山_水上乐园__S_V024_S004.mp4","recycle","deleted_to_recycle","2026-07-03T21:41:22"
"D:\Download\素材下载\团建视频\莫干山智能镜头分类\05_项目活动\水上乐园\008_莫干山_水上乐园__S_V024_S014.mp4","D:\Download\素材下载\团建视频\莫干山智能镜头分类\05_项目活动\水上乐园\008_莫干山_水上乐园__S_V024_S014.mp4","recycle","deleted_to_recycle","2026-07-03T21:41:23"
"D:\Download\素材下载\团建视频\莫干山智能镜头分类\05_项目活动\水上乐园\009_莫干山_水上乐园__S_V025_S012.mp4","D:\Download\素材下载\团建视频\莫干山智能镜头分类\05_项目活动\水上乐园\009_莫干山_水上乐园__S_V025_S012.mp4","recycle","deleted_to_recycle","2026-07-03T21:41:23"
"D:\Download\素材下载\团建视频\莫干山智能镜头分类\05_项目活动\水上乐园\010_莫干山_水上乐园__S_V025_S013.mp4","D:\Download\素材下载\团建视频\莫干山智能镜头分类\05_项目活动\水上乐园\010_莫干山_水上乐园__S_V025_S013.mp4","recycle","deleted_to_recycle","2026-07-03T21:41:23"
"D:\Download\素材下载\团建视频\莫干山智能镜头分类\05_项目活动\水上乐园\011_莫干山_水上乐园__S_V025_S014.mp4","D:\Download\素材下载\团建视频\莫干山智能镜头分类\05_项目活动\水上乐园\011_莫干山_水上乐园__S_V025_S014.mp4","recycle","deleted_to_recycle","2026-07-03T21:41:23"
"D:\Download\素材下载\团建视频\莫干山智能镜头分类\05_项目活动\水上乐园\012_莫干山_水上乐园__S_V025_S032.mp4","D:\Download\素材下载\团建视频\莫干山智能镜头分类\05_项目活动\水上乐园\012_莫干山_水上乐园__S_V025_S032.mp4","recycle","deleted_to_recycle","2026-07-03T21:41:23"
"D:\Download\素材下载\团建视频\莫干山智能镜头分类\05_项目活动\水上乐园\013_莫干山_水上乐园__S_V025_S039.mp4","D:\Download\素材下载\团建视频\莫干山智能镜头分类\05_项目活动\水上乐园\013_莫干山_水上乐园__S_V025_S039.mp4","recycle","deleted_to_recycle","2026-07-03T21:41:23"
"D:\Download\素材下载\团建视频\莫干山智能镜头分类\05_项目活动\温泉泡池\001_莫干山_温泉泡池__B_V014_S010.mp4","D:\Download\素材下载\团建视频\莫干山智能镜头分类\05_项目活动\温泉泡池\001_莫干山_温泉泡池__B_V014_S010.mp4","recycle","deleted_to_recycle","2026-07-03T21:41:23"
"D:\Download\素材下载\团建视频\莫干山智能镜头分类\05_项目活动\温泉泡池\002_莫干山_温泉泡池__B_V014_S011_待人工确认.mp4","D:\Download\素材下载\团建视频\莫干山智能镜头分类\05_项目活动\温泉泡池\002_莫干山_温泉泡池__B_V014_S011_待人工确认.mp4","recycle","deleted_to_recycle","2026-07-03T21:41:23"
"D:\Download\素材下载\团建视频\莫干山智能镜头分类\05_项目活动\温泉泡池\003_莫干山_温泉泡池__B_V014_S017.mp4","D:\Download\素材下载\团建视频\莫干山智能镜头分类\05_项目活动\温泉泡池\003_莫干山_温泉泡池__B_V014_S017.mp4","recycle","deleted_to_recycle","2026-07-03T21:41:23"
"D:\Download\素材下载\团建视频\莫干山智能镜头分类\05_项目活动\溯溪玩水\001_莫干山_溯溪玩水__S_V005_S046.mp4","D:\Download\素材下载\团建视频\莫干山智能镜头分类\05_项目活动\溯溪玩水\001_莫干山_溯溪玩水__S_V005_S046.mp4","recycle","deleted_to_recycle","2026-07-03T21:41:23"
"D:\Download\素材下载\团建视频\莫干山智能镜头分类\05_项目活动\溯溪玩水\007_莫干山_溯溪玩水__A_V010_S013.mp4","D:\Download\素材下载\团建视频\莫干山智能镜头分类\05_项目活动\溯溪玩水\007_莫干山_溯溪玩水__A_V010_S013.mp4","recycle","deleted_to_recycle","2026-07-03T21:41:23"
"D:\Download\素材下载\团建视频\莫干山智能镜头分类\05_项目活动\漂流\009_莫干山_漂流__S_V005_S002.mp4","D:\Download\素材下载\团建视频\莫干山智能镜头分类\05_项目活动\漂流\009_莫干山_漂流__S_V005_S002.mp4","recycle","deleted_to_recycle","2026-07-03T21:41:23"
"D:\Download\素材下载\团建视频\莫干山智能镜头分类\05_项目活动\漂流\011_莫干山_漂流__S_V005_S038.mp4","D:\Download\素材下载\团建视频\莫干山智能镜头分类\05_项目活动\漂流\011_莫干山_漂流__S_V005_S038.mp4","recycle","deleted_to_recycle","2026-07-03T21:41:23"
"D:\Download\素材下载\团建视频\莫干山智能镜头分类\05_项目活动\漂流\016_莫干山_漂流__S_V005_S043.mp4","D:\Download\素材下载\团建视频\莫干山智能镜头分类\05_项目活动\漂流\016_莫干山_漂流__S_V005_S043.mp4","recycle","deleted_to_recycle","2026-07-03T21:41:23"
"D:\Download\素材下载\团建视频\莫干山智能镜头分类\05_项目活动\漂流\017_莫干山_漂流__S_V010_S014.mp4","D:\Download\素材下载\团建视频\莫干山智能镜头分类\05_项目活动\漂流\017_莫干山_漂流__S_V010_S014.mp4","recycle","deleted_to_recycle","2026-07-03T21:41:23"
"D:\Download\素材下载\团建视频\莫干山智能镜头分类\05_项目活动\漂流\018_莫干山_漂流__S_V010_S016.mp4","D:\Download\素材下载\团建视频\莫干山智能镜头分类\05_项目活动\漂流\018_莫干山_漂流__S_V010_S016.mp4","recycle","deleted_to_recycle","2026-07-03T21:41:23"
"D:\Download\素材下载\团建视频\莫干山智能镜头分类\05_项目活动\漂流\019_莫干山_漂流__S_V011_S034.mp4","D:\Download\素材下载\团建视频\莫干山智能镜头分类\05_项目活动\漂流\019_莫干山_漂流__S_V011_S034.mp4","recycle","deleted_to_recycle","2026-07-03T21:41:23"
"D:\Download\素材下载\团建视频\莫干山智能镜头分类\05_项目活动\漂流\022_莫干山_漂流__S_V016_S008.mp4","D:\Download\素材下载\团建视频\莫干山智能镜头分类\05_项目活动\漂流\022_莫干山_漂流__S_V016_S008.mp4","recycle","deleted_to_recycle","2026-07-03T21:41:24"
"D:\Download\素材下载\团建视频\莫干山智能镜头分类\05_项目活动\漂流\025_莫干山_漂流__S_V016_S051.mp4","D:\Download\素材下载\团建视频\莫干山智能镜头分类\05_项目活动\漂流\025_莫干山_漂流__S_V016_S051.mp4","recycle","deleted_to_recycle","2026-07-03T21:41:24"
"D:\Download\素材下载\团建视频\莫干山智能镜头分类\05_项目活动\漂流\026_莫干山_漂流__S_V018_S016.mp4","D:\Download\素材下载\团建视频\莫干山智能镜头分类\05_项目活动\漂流\026_莫干山_漂流__S_V018_S016.mp4","recycle","deleted_to_recycle","2026-07-03T21:41:24"
"D:\Download\素材下载\团建视频\莫干山智能镜头分类\05_项目活动\漂流\027_莫干山_漂流__S_V018_S017.mp4","D:\Download\素材下载\团建视频\莫干山智能镜头分类\05_项目活动\漂流\027_莫干山_漂流__S_V018_S017.mp4","recycle","deleted_to_recycle","2026-07-03T21:41:24"
"D:\Download\素材下载\团建视频\莫干山智能镜头分类\05_项目活动\漂流\028_莫干山_漂流__S_V018_S018.mp4","D:\Download\素材下载\团建视频\莫干山智能镜头分类\05_项目活动\漂流\028_莫干山_漂流__S_V018_S018.mp4","recycle","deleted_to_recycle","2026-07-03T21:41:24"
"D:\Download\素材下载\团建视频\莫干山智能镜头分类\05_项目活动\漂流\030_莫干山_漂流__S_V021_S036.mp4","D:\Download\素材下载\团建视频\莫干山智能镜头分类\05_项目活动\漂流\030_莫干山_漂流__S_V021_S036.mp4","recycle","deleted_to_recycle","2026-07-03T21:41:24"
"D:\Download\素材下载\团建视频\莫干山智能镜头分类\05_项目活动\漂流\031_莫干山_漂流__S_V021_S037.mp4","D:\Download\素材下载\团建视频\莫干山智能镜头分类\05_项目活动\漂流\031_莫干山_漂流__S_V021_S037.mp4","recycle","deleted_to_recycle","2026-07-03T21:41:24"
"D:\Download\素材下载\团建视频\莫干山智能镜头分类\05_项目活动\田园小火车\002_莫干山_田园小火车__S_V019_S004.mp4","D:\Download\素材下载\团建视频\莫干山智能镜头分类\05_项目活动\田园小火车\002_莫干山_田园小火车__S_V019_S004.mp4","recycle","deleted_to_recycle","2026-07-03T21:41:24"
"D:\Download\素材下载\团建视频\莫干山智能镜头分类\05_项目活动\田园小火车\003_莫干山_田园小火车__S_V019_S005.mp4","D:\Download\素材下载\团建视频\莫干山智能镜头分类\05_项目活动\田园小火车\003_莫干山_田园小火车__S_V019_S005.mp4","recycle","deleted_to_recycle","2026-07-03T21:41:24"
"D:\Download\素材下载\团建视频\莫干山智能镜头分类\05_项目活动\田园小火车\004_莫干山_田园小火车__S_V024_S018.mp4","D:\Download\素材下载\团建视频\莫干山智能镜头分类\05_项目活动\田园小火车\004_莫干山_田园小火车__S_V024_S018.mp4","recycle","deleted_to_recycle","2026-07-03T21:41:24"
"D:\Download\素材下载\团建视频\莫干山智能镜头分类\05_项目活动\皮划艇\001_莫干山_皮划艇__S_V019_S012.mp4","D:\Download\素材下载\团建视频\莫干山智能镜头分类\05_项目活动\皮划艇\001_莫干山_皮划艇__S_V019_S012.mp4","recycle","deleted_to_recycle","2026-07-03T21:41:24"
"D:\Download\素材下载\团建视频\莫干山智能镜头分类\05_项目活动\真人CS\001_莫干山_真人CS__S_V001_S015.mp4","D:\Download\素材下载\团建视频\莫干山智能镜头分类\05_项目活动\真人CS\001_莫干山_真人CS__S_V001_S015.mp4","recycle","deleted_to_recycle","2026-07-03T21:41:24"
"D:\Download\素材下载\团建视频\莫干山智能镜头分类\05_项目活动\真人CS\002_莫干山_真人CS__S_V019_S015.mp4","D:\Download\素材下载\团建视频\莫干山智能镜头分类\05_项目活动\真人CS\002_莫干山_真人CS__S_V019_S015.mp4","recycle","deleted_to_recycle","2026-07-03T21:41:24"
"D:\Download\素材下载\团建视频\莫干山智能镜头分类\05_项目活动\真人CS\005_莫干山_真人CS__S_V023_S021.mp4","D:\Download\素材下载\团建视频\莫干山智能镜头分类\05_项目活动\真人CS\005_莫干山_真人CS__S_V023_S021.mp4","recycle","deleted_to_recycle","2026-07-03T21:41:24"
"D:\Download\素材下载\团建视频\莫干山智能镜头分类\05_项目活动\真人CS\006_莫干山_真人CS__S_V024_S031.mp4","D:\Download\素材下载\团建视频\莫干山智能镜头分类\05_项目活动\真人CS\006_莫干山_真人CS__S_V024_S031.mp4","recycle","deleted_to_recycle","2026-07-03T21:41:24"
"D:\Download\素材下载\团建视频\莫干山智能镜头分类\05_项目活动\真人CS\007_莫干山_真人CS__S_V024_S032.mp4","D:\Download\素材下载\团建视频\莫干山智能镜头分类\05_项目活动\真人CS\007_莫干山_真人CS__S_V024_S032.mp4","recycle","deleted_to_recycle","2026-07-03T21:41:24"
"D:\Download\素材下载\团建视频\莫干山智能镜头分类\05_项目活动\真人CS\008_莫干山_真人CS__S_V025_S033_待人工确认.mp4","D:\Download\素材下载\团建视频\莫干山智能镜头分类\05_项目活动\真人CS\008_莫干山_真人CS__S_V025_S033_待人工确认.mp4","recycle","deleted_to_recycle","2026-07-03T21:41:24"
"D:\Download\素材下载\团建视频\莫干山智能镜头分类\05_项目活动\竹林徒步\001_莫干山_竹林徒步__B_V010_S023.mp4","D:\Download\素材下载\团建视频\莫干山智能镜头分类\05_项目活动\竹林徒步\001_莫干山_竹林徒步__B_V010_S023.mp4","recycle","deleted_to_recycle","2026-07-03T21:41:24"
"D:\Download\素材下载\团建视频\莫干山智能镜头分类\05_项目活动\竹林徒步\002_莫干山_竹林徒步__S_V018_S007.mp4","D:\Download\素材下载\团建视频\莫干山智能镜头分类\05_项目活动\竹林徒步\002_莫干山_竹林徒步__S_V018_S007.mp4","recycle","deleted_to_recycle","2026-07-03T21:41:24"
"D:\Download\素材下载\团建视频\莫干山智能镜头分类\05_项目活动\竹林徒步\003_莫干山_竹林徒步__S_V018_S008.mp4","D:\Download\素材下载\团建视频\莫干山智能镜头分类\05_项目活动\竹林徒步\003_莫干山_竹林徒步__S_V018_S008.mp4","recycle","deleted_to_recycle","2026-07-03T21:41:24"
"D:\Download\素材下载\团建视频\莫干山智能镜头分类\05_项目活动\茶山越野车\001_莫干山_茶山越野车__S_V001_S001.mp4","D:\Download\素材下载\团建视频\莫干山智能镜头分类\05_项目活动\茶山越野车\001_莫干山_茶山越野车__S_V001_S001.mp4","recycle","deleted_to_recycle","2026-07-03T21:41:25"
"D:\Download\素材下载\团建视频\莫干山智能镜头分类\05_项目活动\茶山越野车\002_莫干山_茶山越野车__S_V001_S016.mp4","D:\Download\素材下载\团建视频\莫干山智能镜头分类\05_项目活动\茶山越野车\002_莫干山_茶山越野车__S_V001_S016.mp4","recycle","deleted_to_recycle","2026-07-03T21:41:25"
"D:\Download\素材下载\团建视频\莫干山智能镜头分类\05_项目活动\茶山越野车\006_莫干山_茶山越野车__S_V016_S023.mp4","D:\Download\素材下载\团建视频\莫干山智能镜头分类\05_项目活动\茶山越野车\006_莫干山_茶山越野车__S_V016_S023.mp4","recycle","deleted_to_recycle","2026-07-03T21:41:25"
"D:\Download\素材下载\团建视频\莫干山智能镜头分类\05_项目活动\采摘体验\001_莫干山_采摘体验__S_V016_S025.mp4","D:\Download\素材下载\团建视频\莫干山智能镜头分类\05_项目活动\采摘体验\001_莫干山_采摘体验__S_V016_S025.mp4","recycle","deleted_to_recycle","2026-07-03T21:41:25"
"D:\Download\素材下载\团建视频\莫干山智能镜头分类\05_项目活动\高山滑道\003_莫干山_高山滑道__S_V011_S017.mp4","D:\Download\素材下载\团建视频\莫干山智能镜头分类\05_项目活动\高山滑道\003_莫干山_高山滑道__S_V011_S017.mp4","recycle","deleted_to_recycle","2026-07-03T21:41:25"
"D:\Download\素材下载\团建视频\莫干山智能镜头分类\05_项目活动\高山滑道\004_莫干山_高山滑道__S_V011_S027.mp4","D:\Download\素材下载\团建视频\莫干山智能镜头分类\05_项目活动\高山滑道\004_莫干山_高山滑道__S_V011_S027.mp4","recycle","deleted_to_recycle","2026-07-03T21:41:25"
"D:\Download\素材下载\团建视频\莫干山智能镜头分类\05_项目活动\高山滑道\005_莫干山_高山滑道__S_V011_S030.mp4","D:\Download\素材下载\团建视频\莫干山智能镜头分类\05_项目活动\高山滑道\005_莫干山_高山滑道__S_V011_S030.mp4","recycle","deleted_to_recycle","2026-07-03T21:41:25"
"D:\Download\素材下载\团建视频\莫干山智能镜头分类\05_项目活动\高山滑道\006_莫干山_高山滑道__S_V011_S031.mp4","D:\Download\素材下载\团建视频\莫干山智能镜头分类\05_项目活动\高山滑道\006_莫干山_高山滑道__S_V011_S031.mp4","recycle","deleted_to_recycle","2026-07-03T21:41:25"
"D:\Download\素材下载\团建视频\莫干山智能镜头分类\05_项目活动\高山滑道\007_莫干山_高山滑道__S_V011_S032.mp4","D:\Download\素材下载\团建视频\莫干山智能镜头分类\05_项目活动\高山滑道\007_莫干山_高山滑道__S_V011_S032.mp4","recycle","deleted_to_recycle","2026-07-03T21:41:25"
"D:\Download\素材下载\团建视频\莫干山智能镜头分类\05_项目活动\高山滑道\008_莫干山_高山滑道__S_V011_S033.mp4","D:\Download\素材下载\团建视频\莫干山智能镜头分类\05_项目活动\高山滑道\008_莫干山_高山滑道__S_V011_S033.mp4","recycle","deleted_to_recycle","2026-07-03T21:41:25"
"D:\Download\素材下载\团建视频\莫干山智能镜头分类\05_项目活动\高山滑道\013_莫干山_高山滑道__S_V022_S013.mp4","D:\Download\素材下载\团建视频\莫干山智能镜头分类\05_项目活动\高山滑道\013_莫干山_高山滑道__S_V022_S013.mp4","recycle","deleted_to_recycle","2026-07-03T21:41:25"
"D:\Download\素材下载\团建视频\莫干山智能镜头分类\05_项目活动\高山滑道\014_莫干山_高山滑道__S_V022_S016.mp4","D:\Download\素材下载\团建视频\莫干山智能镜头分类\05_项目活动\高山滑道\014_莫干山_高山滑道__S_V022_S016.mp4","recycle","deleted_to_recycle","2026-07-03T21:41:25"
"D:\Download\素材下载\团建视频\莫干山智能镜头分类\05_项目活动\高山滑道\016_莫干山_高山滑道__S_V024_S007.mp4","D:\Download\素材下载\团建视频\莫干山智能镜头分类\05_项目活动\高山滑道\016_莫干山_高山滑道__S_V024_S007.mp4","recycle","deleted_to_recycle","2026-07-03T21:41:25"
"D:\Download\素材下载\团建视频\莫干山智能镜头分类\05_项目活动\高山滑道\017_莫干山_高山滑道__S_V024_S015.mp4","D:\Download\素材下载\团建视频\莫干山智能镜头分类\05_项目活动\高山滑道\017_莫干山_高山滑道__S_V024_S015.mp4","recycle","deleted_to_recycle","2026-07-03T21:41:25"
"D:\Download\素材下载\团建视频\莫干山智能镜头分类\05_项目活动\高山滑道\018_莫干山_高山滑道__S_V024_S017.mp4","D:\Download\素材下载\团建视频\莫干山智能镜头分类\05_项目活动\高山滑道\018_莫干山_高山滑道__S_V024_S017.mp4","recycle","deleted_to_recycle","2026-07-03T21:41:25"
"D:\Download\素材下载\团建视频\莫干山智能镜头分类\05_项目活动\高山滑道\019_莫干山_高山滑道__S_V024_S038.mp4","D:\Download\素材下载\团建视频\莫干山智能镜头分类\05_项目活动\高山滑道\019_莫干山_高山滑道__S_V024_S038.mp4","recycle","deleted_to_recycle","2026-07-03T21:41:25"
"D:\Download\素材下载\团建视频\莫干山智能镜头分类\05_项目活动\高山滑道\020_莫干山_高山滑道__S_V024_S041.mp4","D:\Download\素材下载\团建视频\莫干山智能镜头分类\05_项目活动\高山滑道\020_莫干山_高山滑道__S_V024_S041.mp4","recycle","deleted_to_recycle","2026-07-03T21:41:25"
"D:\Download\素材下载\团建视频\莫干山智能镜头分类\05_项目活动\高空拓展\001_莫干山_高空拓展__S_V005_S023.mp4","D:\Download\素材下载\团建视频\莫干山智能镜头分类\05_项目活动\高空拓展\001_莫干山_高空拓展__S_V005_S023.mp4","recycle","deleted_to_recycle","2026-07-03T21:41:26"
"D:\Download\素材下载\团建视频\莫干山智能镜头分类\05_项目活动\高空滑索\002_莫干山_高空滑索__S_V005_S020.mp4","D:\Download\素材下载\团建视频\莫干山智能镜头分类\05_项目活动\高空滑索\002_莫干山_高空滑索__S_V005_S020.mp4","recycle","deleted_to_recycle","2026-07-03T21:41:26"
"D:\Download\素材下载\团建视频\莫干山智能镜头分类\05_项目活动\高空滑索\004_莫干山_高空滑索__S_V016_S022.mp4","D:\Download\素材下载\团建视频\莫干山智能镜头分类\05_项目活动\高空滑索\004_莫干山_高空滑索__S_V016_S022.mp4","recycle","deleted_to_recycle","2026-07-03T21:41:26"
"D:\Download\素材下载\团建视频\莫干山智能镜头分类\05_项目活动\高空滑索\005_莫干山_高空滑索__S_V016_S027.mp4","D:\Download\素材下载\团建视频\莫干山智能镜头分类\05_项目活动\高空滑索\005_莫干山_高空滑索__S_V016_S027.mp4","recycle","deleted_to_recycle","2026-07-03T21:41:26"
"D:\Download\素材下载\团建视频\莫干山智能镜头分类\05_项目活动\高空滑索\006_莫干山_高空滑索__S_V023_S001.mp4","D:\Download\素材下载\团建视频\莫干山智能镜头分类\05_项目活动\高空滑索\006_莫干山_高空滑索__S_V023_S001.mp4","recycle","deleted_to_recycle","2026-07-03T21:41:26"
"D:\Download\素材下载\团建视频\莫干山智能镜头分类\05_项目活动\麻将\002_莫干山_麻将__B_V014_S014.mp4","D:\Download\素材下载\团建视频\莫干山智能镜头分类\05_项目活动\麻将\002_莫干山_麻将__B_V014_S014.mp4","recycle","deleted_to_recycle","2026-07-03T21:41:26"
"D:\Download\素材下载\团建视频\莫干山智能镜头分类\05_项目活动\麻将\003_莫干山_麻将__A_V014_S015.mp4","D:\Download\素材下载\团建视频\莫干山智能镜头分类\05_项目活动\麻将\003_莫干山_麻将__A_V014_S015.mp4","recycle","deleted_to_recycle","2026-07-03T21:41:26"
"D:\Download\素材下载\团建视频\莫干山智能镜头分类\05_项目活动\麻将\005_莫干山_麻将__S_V022_S022.mp4","D:\Download\素材下载\团建视频\莫干山智能镜头分类\05_项目活动\麻将\005_莫干山_麻将__S_V022_S022.mp4","recycle","deleted_to_recycle","2026-07-03T21:41:26"
"D:\Download\素材下载\团建视频\莫干山智能镜头分类\05_项目活动\麻将\006_莫干山_麻将__A_V025_S017_待人工确认.mp4","D:\Download\素材下载\团建视频\莫干山智能镜头分类\05_项目活动\麻将\006_莫干山_麻将__A_V025_S017_待人工确认.mp4","recycle","deleted_to_recycle","2026-07-03T21:41:26"
"D:\Download\素材下载\团建视频\莫干山智能镜头分类\05_项目活动\麻将\008_莫干山_麻将__A_V025_S019_待人工确认.mp4","D:\Download\素材下载\团建视频\莫干山智能镜头分类\05_项目活动\麻将\008_莫干山_麻将__A_V025_S019_待人工确认.mp4","recycle","deleted_to_recycle","2026-07-03T21:41:26"
"D:\Download\素材下载\团建视频\莫干山智能镜头分类\05_项目活动\麻将\009_莫干山_麻将__A_V025_S020.mp4","D:\Download\素材下载\团建视频\莫干山智能镜头分类\05_项目活动\麻将\009_莫干山_麻将__A_V025_S020.mp4","recycle","deleted_to_recycle","2026-07-03T21:41:26"
"D:\Download\素材下载\团建视频\莫干山智能镜头分类\05_项目活动\麻将\010_莫干山_麻将__B_V025_S035.mp4","D:\Download\素材下载\团建视频\莫干山智能镜头分类\05_项目活动\麻将\010_莫干山_麻将__B_V025_S035.mp4","recycle","deleted_to_recycle","2026-07-03T21:41:26"
"D:\Download\素材下载\团建视频\莫干山智能镜头分类\05_项目活动\麻将\011_莫干山_麻将__B_V025_S036.mp4","D:\Download\素材下载\团建视频\莫干山智能镜头分类\05_项目活动\麻将\011_莫干山_麻将__B_V025_S036.mp4","recycle","deleted_to_recycle","2026-07-03T21:41:26"
"D:\Download\素材下载\团建视频\莫干山智能镜头分类\06_团队互动\加油欢呼互动\001_莫干山_加油欢呼互动__S_V018_S009.mp4","D:\Download\素材下载\团建视频\莫干山智能镜头分类\06_团队互动\加油欢呼互动\001_莫干山_加油欢呼互动__S_V018_S009.mp4","recycle","deleted_to_recycle","2026-07-03T21:41:26"
"D:\Download\素材下载\团建视频\莫干山智能镜头分类\06_团队互动\加油欢呼互动\003_莫干山_加油欢呼互动__S_V022_S006.mp4","D:\Download\素材下载\团建视频\莫干山智能镜头分类\06_团队互动\加油欢呼互动\003_莫干山_加油欢呼互动__S_V022_S006.mp4","recycle","deleted_to_recycle","2026-07-03T21:41:26"
"D:\Download\素材下载\团建视频\莫干山智能镜头分类\06_团队互动\加油欢呼互动\004_莫干山_加油欢呼互动__S_V024_S009.mp4","D:\Download\素材下载\团建视频\莫干山智能镜头分类\06_团队互动\加油欢呼互动\004_莫干山_加油欢呼互动__S_V024_S009.mp4","recycle","deleted_to_recycle","2026-07-03T21:41:26"
"D:\Download\素材下载\团建视频\莫干山智能镜头分类\06_团队互动\团队游戏挑战\001_莫干山_团队游戏挑战__S_V001_S007.mp4","D:\Download\素材下载\团建视频\莫干山智能镜头分类\06_团队互动\团队游戏挑战\001_莫干山_团队游戏挑战__S_V001_S007.mp4","recycle","deleted_to_recycle","2026-07-03T21:41:26"
"D:\Download\素材下载\团建视频\莫干山智能镜头分类\06_团队互动\团队游戏挑战\007_莫干山_团队游戏挑战__S_V013_S012.mp4","D:\Download\素材下载\团建视频\莫干山智能镜头分类\06_团队互动\团队游戏挑战\007_莫干山_团队游戏挑战__S_V013_S012.mp4","recycle","deleted_to_recycle","2026-07-03T21:41:26"
"D:\Download\素材下载\团建视频\莫干山智能镜头分类\06_团队互动\团队游戏挑战\008_莫干山_团队游戏挑战__S_V013_S013.mp4","D:\Download\素材下载\团建视频\莫干山智能镜头分类\06_团队互动\团队游戏挑战\008_莫干山_团队游戏挑战__S_V013_S013.mp4","recycle","deleted_to_recycle","2026-07-03T21:41:27"
"D:\Download\素材下载\团建视频\莫干山智能镜头分类\06_团队互动\团队游戏挑战\009_莫干山_团队游戏挑战__A_V014_S007.mp4","D:\Download\素材下载\团建视频\莫干山智能镜头分类\06_团队互动\团队游戏挑战\009_莫干山_团队游戏挑战__A_V014_S007.mp4","recycle","deleted_to_recycle","2026-07-03T21:41:27"
"D:\Download\素材下载\团建视频\莫干山智能镜头分类\06_团队互动\团队游戏挑战\010_莫干山_团队游戏挑战__A_V014_S008.mp4","D:\Download\素材下载\团建视频\莫干山智能镜头分类\06_团队互动\团队游戏挑战\010_莫干山_团队游戏挑战__A_V014_S008.mp4","recycle","deleted_to_recycle","2026-07-03T21:41:27"
"D:\Download\素材下载\团建视频\莫干山智能镜头分类\06_团队互动\团队游戏挑战\011_莫干山_团队游戏挑战__S_V016_S039.mp4","D:\Download\素材下载\团建视频\莫干山智能镜头分类\06_团队互动\团队游戏挑战\011_莫干山_团队游戏挑战__S_V016_S039.mp4","recycle","deleted_to_recycle","2026-07-03T21:41:27"
"D:\Download\素材下载\团建视频\莫干山智能镜头分类\06_团队互动\团队游戏挑战\012_莫干山_团队游戏挑战__S_V018_S024.mp4","D:\Download\素材下载\团建视频\莫干山智能镜头分类\06_团队互动\团队游戏挑战\012_莫干山_团队游戏挑战__S_V018_S024.mp4","recycle","deleted_to_recycle","2026-07-03T21:41:27"
"D:\Download\素材下载\团建视频\莫干山智能镜头分类\06_团队互动\团队游戏挑战\015_莫干山_团队游戏挑战__S_V019_S010.mp4","D:\Download\素材下载\团建视频\莫干山智能镜头分类\06_团队互动\团队游戏挑战\015_莫干山_团队游戏挑战__S_V019_S010.mp4","recycle","deleted_to_recycle","2026-07-03T21:41:27"
"D:\Download\素材下载\团建视频\莫干山智能镜头分类\06_团队互动\团队游戏挑战\017_莫干山_团队游戏挑战__S_V021_S023.mp4","D:\Download\素材下载\团建视频\莫干山智能镜头分类\06_团队互动\团队游戏挑战\017_莫干山_团队游戏挑战__S_V021_S023.mp4","recycle","deleted_to_recycle","2026-07-03T21:41:27"
"D:\Download\素材下载\团建视频\莫干山智能镜头分类\06_团队互动\团队游戏挑战\018_莫干山_团队游戏挑战__S_V022_S031.mp4","D:\Download\素材下载\团建视频\莫干山智能镜头分类\06_团队互动\团队游戏挑战\018_莫干山_团队游戏挑战__S_V022_S031.mp4","recycle","deleted_to_recycle","2026-07-03T21:41:27"
"D:\Download\素材下载\团建视频\莫干山智能镜头分类\06_团队互动\团队游戏挑战\023_莫干山_团队游戏挑战__S_V025_S024_待人工确认.mp4","D:\Download\素材下载\团建视频\莫干山智能镜头分类\06_团队互动\团队游戏挑战\023_莫干山_团队游戏挑战__S_V025_S024_待人工确认.mp4","recycle","deleted_to_recycle","2026-07-03T21:41:27"
"D:\Download\素材下载\团建视频\莫干山智能镜头分类\06_团队互动\草坪团建游戏\001_莫干山_草坪团建游戏__S_V016_S021.mp4","D:\Download\素材下载\团建视频\莫干山智能镜头分类\06_团队互动\草坪团建游戏\001_莫干山_草坪团建游戏__S_V016_S021.mp4","recycle","deleted_to_recycle","2026-07-03T21:41:27"
"D:\Download\素材下载\团建视频\莫干山智能镜头分类\07_烧烤露营夜场\夜间团队互动\005_莫干山_夜间团队互动__S_V016_S009.mp4","D:\Download\素材下载\团建视频\莫干山智能镜头分类\07_烧烤露营夜场\夜间团队互动\005_莫干山_夜间团队互动__S_V016_S009.mp4","recycle","deleted_to_recycle","2026-07-03T21:41:27"
"D:\Download\素材下载\团建视频\莫干山智能镜头分类\07_烧烤露营夜场\夜间团队互动\006_莫干山_夜间团队互动__A_V018_S013.mp4","D:\Download\素材下载\团建视频\莫干山智能镜头分类\07_烧烤露营夜场\夜间团队互动\006_莫干山_夜间团队互动__A_V018_S013.mp4","recycle","deleted_to_recycle","2026-07-03T21:41:27"
"D:\Download\素材下载\团建视频\莫干山智能镜头分类\07_烧烤露营夜场\夜间团队互动\007_莫干山_夜间团队互动__S_V018_S014.mp4","D:\Download\素材下载\团建视频\莫干山智能镜头分类\07_烧烤露营夜场\夜间团队互动\007_莫干山_夜间团队互动__S_V018_S014.mp4","recycle","deleted_to_recycle","2026-07-03T21:41:27"
"D:\Download\素材下载\团建视频\莫干山智能镜头分类\07_烧烤露营夜场\夜间团队互动\008_莫干山_夜间团队互动__S_V018_S025.mp4","D:\Download\素材下载\团建视频\莫干山智能镜头分类\07_烧烤露营夜场\夜间团队互动\008_莫干山_夜间团队互动__S_V018_S025.mp4","recycle","deleted_to_recycle","2026-07-03T21:41:27"
"D:\Download\素材下载\团建视频\莫干山智能镜头分类\07_烧烤露营夜场\夜间团队互动\009_莫干山_夜间团队互动__S_V022_S007.mp4","D:\Download\素材下载\团建视频\莫干山智能镜头分类\07_烧烤露营夜场\夜间团队互动\009_莫干山_夜间团队互动__S_V022_S007.mp4","recycle","deleted_to_recycle","2026-07-03T21:41:27"
"D:\Download\素材下载\团建视频\莫干山智能镜头分类\07_烧烤露营夜场\夜间团队互动\010_莫干山_夜间团队互动__B_V022_S018.mp4","D:\Download\素材下载\团建视频\莫干山智能镜头分类\07_烧烤露营夜场\夜间团队互动\010_莫干山_夜间团队互动__B_V022_S018.mp4","recycle","deleted_to_recycle","2026-07-03T21:41:27"
"D:\Download\素材下载\团建视频\莫干山智能镜头分类\07_烧烤露营夜场\夜间团队互动\011_莫干山_夜间团队互动__S_V022_S019.mp4","D:\Download\素材下载\团建视频\莫干山智能镜头分类\07_烧烤露营夜场\夜间团队互动\011_莫干山_夜间团队互动__S_V022_S019.mp4","recycle","deleted_to_recycle","2026-07-03T21:41:27"
"D:\Download\素材下载\团建视频\莫干山智能镜头分类\07_烧烤露营夜场\夜间团队互动\012_莫干山_夜间团队互动__S_V022_S024.mp4","D:\Download\素材下载\团建视频\莫干山智能镜头分类\07_烧烤露营夜场\夜间团队互动\012_莫干山_夜间团队互动__S_V022_S024.mp4","recycle","deleted_to_recycle","2026-07-03T21:41:27"
"D:\Download\素材下载\团建视频\莫干山智能镜头分类\07_烧烤露营夜场\夜间团队互动\013_莫干山_夜间团队互动__B_V024_S023.mp4","D:\Download\素材下载\团建视频\莫干山智能镜头分类\07_烧烤露营夜场\夜间团队互动\013_莫干山_夜间团队互动__B_V024_S023.mp4","recycle","deleted_to_recycle","2026-07-03T21:41:27"
"D:\Download\素材下载\团建视频\莫干山智能镜头分类\07_烧烤露营夜场\夜间团队互动\014_莫干山_夜间团队互动__S_V024_S039.mp4","D:\Download\素材下载\团建视频\莫干山智能镜头分类\07_烧烤露营夜场\夜间团队互动\014_莫干山_夜间团队互动__S_V024_S039.mp4","recycle","deleted_to_recycle","2026-07-03T21:41:27"
"D:\Download\素材下载\团建视频\莫干山智能镜头分类\07_烧烤露营夜场\夜间团队互动\015_莫干山_夜间团队互动__B_V024_S040.mp4","D:\Download\素材下载\团建视频\莫干山智能镜头分类\07_烧烤露营夜场\夜间团队互动\015_莫干山_夜间团队互动__B_V024_S040.mp4","recycle","deleted_to_recycle","2026-07-03T21:41:28"
"D:\Download\素材下载\团建视频\莫干山智能镜头分类\07_烧烤露营夜场\夜间娱乐\003_莫干山_夜间娱乐__S_V005_S052.mp4","D:\Download\素材下载\团建视频\莫干山智能镜头分类\07_烧烤露营夜场\夜间娱乐\003_莫干山_夜间娱乐__S_V005_S052.mp4","recycle","deleted_to_recycle","2026-07-03T21:41:28"
"D:\Download\素材下载\团建视频\莫干山智能镜头分类\07_烧烤露营夜场\夜间娱乐\006_莫干山_夜间娱乐__A_V011_S013.mp4","D:\Download\素材下载\团建视频\莫干山智能镜头分类\07_烧烤露营夜场\夜间娱乐\006_莫干山_夜间娱乐__A_V011_S013.mp4","recycle","deleted_to_recycle","2026-07-03T21:41:28"
"D:\Download\素材下载\团建视频\莫干山智能镜头分类\07_烧烤露营夜场\夜间娱乐\007_莫干山_夜间娱乐__S_V011_S028.mp4","D:\Download\素材下载\团建视频\莫干山智能镜头分类\07_烧烤露营夜场\夜间娱乐\007_莫干山_夜间娱乐__S_V011_S028.mp4","recycle","deleted_to_recycle","2026-07-03T21:41:28"
"D:\Download\素材下载\团建视频\莫干山智能镜头分类\07_烧烤露营夜场\夜间娱乐\008_莫干山_夜间娱乐__A_V011_S029.mp4","D:\Download\素材下载\团建视频\莫干山智能镜头分类\07_烧烤露营夜场\夜间娱乐\008_莫干山_夜间娱乐__A_V011_S029.mp4","recycle","deleted_to_recycle","2026-07-03T21:41:28"
"D:\Download\素材下载\团建视频\莫干山智能镜头分类\07_烧烤露营夜场\夜间娱乐\012_莫干山_夜间娱乐__S_V019_S017.mp4","D:\Download\素材下载\团建视频\莫干山智能镜头分类\07_烧烤露营夜场\夜间娱乐\012_莫干山_夜间娱乐__S_V019_S017.mp4","recycle","deleted_to_recycle","2026-07-03T21:41:28"
"D:\Download\素材下载\团建视频\莫干山智能镜头分类\07_烧烤露营夜场\夜间娱乐\014_莫干山_夜间娱乐__S_V021_S030.mp4","D:\Download\素材下载\团建视频\莫干山智能镜头分类\07_烧烤露营夜场\夜间娱乐\014_莫干山_夜间娱乐__S_V021_S030.mp4","recycle","deleted_to_recycle","2026-07-03T21:41:28"
"D:\Download\素材下载\团建视频\莫干山智能镜头分类\07_烧烤露营夜场\夜间娱乐\017_莫干山_夜间娱乐__A_V023_S041.mp4","D:\Download\素材下载\团建视频\莫干山智能镜头分类\07_烧烤露营夜场\夜间娱乐\017_莫干山_夜间娱乐__A_V023_S041.mp4","recycle","deleted_to_recycle","2026-07-03T21:41:28"
"D:\Download\素材下载\团建视频\莫干山智能镜头分类\07_烧烤露营夜场\夜间娱乐\018_莫干山_夜间娱乐__A_V025_S041.mp4","D:\Download\素材下载\团建视频\莫干山智能镜头分类\07_烧烤露营夜场\夜间娱乐\018_莫干山_夜间娱乐__A_V025_S041.mp4","recycle","deleted_to_recycle","2026-07-03T21:41:28"
"D:\Download\素材下载\团建视频\莫干山智能镜头分类\07_烧烤露营夜场\烟花\005_莫干山_烟花__S_V024_S024.mp4","D:\Download\素材下载\团建视频\莫干山智能镜头分类\07_烧烤露营夜场\烟花\005_莫干山_烟花__S_V024_S024.mp4","recycle","deleted_to_recycle","2026-07-03T21:41:28"
"D:\Download\素材下载\团建视频\莫干山智能镜头分类\07_烧烤露营夜场\烟花\006_莫干山_烟花__A_V025_S038.mp4","D:\Download\素材下载\团建视频\莫干山智能镜头分类\07_烧烤露营夜场\烟花\006_莫干山_烟花__A_V025_S038.mp4","recycle","deleted_to_recycle","2026-07-03T21:41:28"
"D:\Download\素材下载\团建视频\莫干山智能镜头分类\07_烧烤露营夜场\烟花\007_莫干山_烟花__S_V025_S045.mp4","D:\Download\素材下载\团建视频\莫干山智能镜头分类\07_烧烤露营夜场\烟花\007_莫干山_烟花__S_V025_S045.mp4","recycle","deleted_to_recycle","2026-07-03T21:41:28"
"D:\Download\素材下载\团建视频\莫干山智能镜头分类\07_烧烤露营夜场\烤全羊\001_莫干山_烤全羊__S_V010_S017.mp4","D:\Download\素材下载\团建视频\莫干山智能镜头分类\07_烧烤露营夜场\烤全羊\001_莫干山_烤全羊__S_V010_S017.mp4","recycle","deleted_to_recycle","2026-07-03T21:41:28"
"D:\Download\素材下载\团建视频\莫干山智能镜头分类\07_烧烤露营夜场\烤全羊\002_莫干山_烤全羊__S_V010_S018.mp4","D:\Download\素材下载\团建视频\莫干山智能镜头分类\07_烧烤露营夜场\烤全羊\002_莫干山_烤全羊__S_V010_S018.mp4","recycle","deleted_to_recycle","2026-07-03T21:41:28"
"D:\Download\素材下载\团建视频\莫干山智能镜头分类\07_烧烤露营夜场\烤全羊\003_莫干山_烤全羊__B_V014_S009.mp4","D:\Download\素材下载\团建视频\莫干山智能镜头分类\07_烧烤露营夜场\烤全羊\003_莫干山_烤全羊__B_V014_S009.mp4","recycle","deleted_to_recycle","2026-07-03T21:41:28"
"D:\Download\素材下载\团建视频\莫干山智能镜头分类\07_烧烤露营夜场\烤全羊\005_莫干山_烤全羊__S_V019_S013.mp4","D:\Download\素材下载\团建视频\莫干山智能镜头分类\07_烧烤露营夜场\烤全羊\005_莫干山_烤全羊__S_V019_S013.mp4","recycle","deleted_to_recycle","2026-07-03T21:41:28"
"D:\Download\素材下载\团建视频\莫干山智能镜头分类\07_烧烤露营夜场\烤全羊\006_莫干山_烤全羊__S_V024_S012.mp4","D:\Download\素材下载\团建视频\莫干山智能镜头分类\07_烧烤露营夜场\烤全羊\006_莫干山_烤全羊__S_V024_S012.mp4","recycle","deleted_to_recycle","2026-07-03T21:41:29"
"D:\Download\素材下载\团建视频\莫干山智能镜头分类\07_烧烤露营夜场\烧烤\002_莫干山_烧烤__S_V001_S020.mp4","D:\Download\素材下载\团建视频\莫干山智能镜头分类\07_烧烤露营夜场\烧烤\002_莫干山_烧烤__S_V001_S020.mp4","recycle","deleted_to_recycle","2026-07-03T21:41:29"
"D:\Download\素材下载\团建视频\莫干山智能镜头分类\07_烧烤露营夜场\烧烤\004_莫干山_烧烤__S_V004_S016.mp4","D:\Download\素材下载\团建视频\莫干山智能镜头分类\07_烧烤露营夜场\烧烤\004_莫干山_烧烤__S_V004_S016.mp4","recycle","deleted_to_recycle","2026-07-03T21:41:29"
"D:\Download\素材下载\团建视频\莫干山智能镜头分类\07_烧烤露营夜场\烧烤\009_莫干山_烧烤__S_V007_S009.mp4","D:\Download\素材下载\团建视频\莫干山智能镜头分类\07_烧烤露营夜场\烧烤\009_莫干山_烧烤__S_V007_S009.mp4","recycle","deleted_to_recycle","2026-07-03T21:41:29"
"D:\Download\素材下载\团建视频\莫干山智能镜头分类\07_烧烤露营夜场\烧烤\010_莫干山_烧烤__S_V011_S010.mp4","D:\Download\素材下载\团建视频\莫干山智能镜头分类\07_烧烤露营夜场\烧烤\010_莫干山_烧烤__S_V011_S010.mp4","recycle","deleted_to_recycle","2026-07-03T21:41:29"
"D:\Download\素材下载\团建视频\莫干山智能镜头分类\07_烧烤露营夜场\烧烤\013_莫干山_烧烤__A_V016_S032.mp4","D:\Download\素材下载\团建视频\莫干山智能镜头分类\07_烧烤露营夜场\烧烤\013_莫干山_烧烤__A_V016_S032.mp4","recycle","deleted_to_recycle","2026-07-03T21:41:29"
"D:\Download\素材下载\团建视频\莫干山智能镜头分类\07_烧烤露营夜场\烧烤\016_莫干山_烧烤__S_V021_S025.mp4","D:\Download\素材下载\团建视频\莫干山智能镜头分类\07_烧烤露营夜场\烧烤\016_莫干山_烧烤__S_V021_S025.mp4","recycle","deleted_to_recycle","2026-07-03T21:41:29"
"D:\Download\素材下载\团建视频\莫干山智能镜头分类\07_烧烤露营夜场\烧烤\018_莫干山_烧烤__S_V022_S017.mp4","D:\Download\素材下载\团建视频\莫干山智能镜头分类\07_烧烤露营夜场\烧烤\018_莫干山_烧烤__S_V022_S017.mp4","recycle","deleted_to_recycle","2026-07-03T21:41:29"
"D:\Download\素材下载\团建视频\莫干山智能镜头分类\07_烧烤露营夜场\烧烤\021_莫干山_烧烤__S_V024_S021.mp4","D:\Download\素材下载\团建视频\莫干山智能镜头分类\07_烧烤露营夜场\烧烤\021_莫干山_烧烤__S_V024_S021.mp4","recycle","deleted_to_recycle","2026-07-03T21:41:29"
"D:\Download\素材下载\团建视频\莫干山智能镜头分类\07_烧烤露营夜场\烧烤\022_莫干山_烧烤__S_V025_S015.mp4","D:\Download\素材下载\团建视频\莫干山智能镜头分类\07_烧烤露营夜场\烧烤\022_莫干山_烧烤__S_V025_S015.mp4","recycle","deleted_to_recycle","2026-07-03T21:41:29"
"D:\Download\素材下载\团建视频\莫干山智能镜头分类\07_烧烤露营夜场\篝火\006_莫干山_篝火__S_V005_S036.mp4","D:\Download\素材下载\团建视频\莫干山智能镜头分类\07_烧烤露营夜场\篝火\006_莫干山_篝火__S_V005_S036.mp4","recycle","deleted_to_recycle","2026-07-03T21:41:29"
"D:\Download\素材下载\团建视频\莫干山智能镜头分类\07_烧烤露营夜场\篝火\007_莫干山_篝火__B_V011_S011.mp4","D:\Download\素材下载\团建视频\莫干山智能镜头分类\07_烧烤露营夜场\篝火\007_莫干山_篝火__B_V011_S011.mp4","recycle","deleted_to_recycle","2026-07-03T21:41:29"
"D:\Download\素材下载\团建视频\莫干山智能镜头分类\07_烧烤露营夜场\篝火\008_莫干山_篝火__B_V011_S014.mp4","D:\Download\素材下载\团建视频\莫干山智能镜头分类\07_烧烤露营夜场\篝火\008_莫干山_篝火__B_V011_S014.mp4","recycle","deleted_to_recycle","2026-07-03T21:41:29"
"D:\Download\素材下载\团建视频\莫干山智能镜头分类\07_烧烤露营夜场\篝火\009_莫干山_篝火__B_V019_S018.mp4","D:\Download\素材下载\团建视频\莫干山智能镜头分类\07_烧烤露营夜场\篝火\009_莫干山_篝火__B_V019_S018.mp4","recycle","deleted_to_recycle","2026-07-03T21:41:29"
"D:\Download\素材下载\团建视频\莫干山智能镜头分类\07_烧烤露营夜场\篝火\010_莫干山_篝火__A_V021_S005.mp4","D:\Download\素材下载\团建视频\莫干山智能镜头分类\07_烧烤露营夜场\篝火\010_莫干山_篝火__A_V021_S005.mp4","recycle","deleted_to_recycle","2026-07-03T21:41:29"
"D:\Download\素材下载\团建视频\莫干山智能镜头分类\07_烧烤露营夜场\篝火\011_莫干山_篝火__A_V021_S027.mp4","D:\Download\素材下载\团建视频\莫干山智能镜头分类\07_烧烤露营夜场\篝火\011_莫干山_篝火__A_V021_S027.mp4","recycle","deleted_to_recycle","2026-07-03T21:41:29"
"D:\Download\素材下载\团建视频\莫干山智能镜头分类\07_烧烤露营夜场\篝火\012_莫干山_篝火__S_V021_S028.mp4","D:\Download\素材下载\团建视频\莫干山智能镜头分类\07_烧烤露营夜场\篝火\012_莫干山_篝火__S_V021_S028.mp4","recycle","deleted_to_recycle","2026-07-03T21:41:29"
"D:\Download\素材下载\团建视频\莫干山智能镜头分类\07_烧烤露营夜场\篝火\015_莫干山_篝火__S_V023_S029.mp4","D:\Download\素材下载\团建视频\莫干山智能镜头分类\07_烧烤露营夜场\篝火\015_莫干山_篝火__S_V023_S029.mp4","recycle","deleted_to_recycle","2026-07-03T21:41:29"
"D:\Download\素材下载\团建视频\莫干山智能镜头分类\07_烧烤露营夜场\篝火\016_莫干山_篝火__S_V024_S020.mp4","D:\Download\素材下载\团建视频\莫干山智能镜头分类\07_烧烤露营夜场\篝火\016_莫干山_篝火__S_V024_S020.mp4","recycle","deleted_to_recycle","2026-07-03T21:41:29"
"D:\Download\素材下载\团建视频\莫干山智能镜头分类\07_烧烤露营夜场\篝火\017_莫干山_篝火__A_V025_S043.mp4","D:\Download\素材下载\团建视频\莫干山智能镜头分类\07_烧烤露营夜场\篝火\017_莫干山_篝火__A_V025_S043.mp4","recycle","deleted_to_recycle","2026-07-03T21:41:30"
"D:\Download\素材下载\团建视频\莫干山智能镜头分类\07_烧烤露营夜场\篝火\018_莫干山_篝火__A_V025_S044.mp4","D:\Download\素材下载\团建视频\莫干山智能镜头分类\07_烧烤露营夜场\篝火\018_莫干山_篝火__A_V025_S044.mp4","recycle","deleted_to_recycle","2026-07-03T21:41:30"
"D:\Download\素材下载\团建视频\莫干山智能镜头分类\07_烧烤露营夜场\露营\002_莫干山_露营__S_V010_S005.mp4","D:\Download\素材下载\团建视频\莫干山智能镜头分类\07_烧烤露营夜场\露营\002_莫干山_露营__S_V010_S005.mp4","recycle","deleted_to_recycle","2026-07-03T21:41:30"
"D:\Download\素材下载\团建视频\莫干山智能镜头分类\07_烧烤露营夜场\露营\003_莫干山_露营__S_V010_S006.mp4","D:\Download\素材下载\团建视频\莫干山智能镜头分类\07_烧烤露营夜场\露营\003_莫干山_露营__S_V010_S006.mp4","recycle","deleted_to_recycle","2026-07-03T21:41:30"
"D:\Download\素材下载\团建视频\莫干山智能镜头分类\07_烧烤露营夜场\露营\004_莫干山_露营__S_V011_S012.mp4","D:\Download\素材下载\团建视频\莫干山智能镜头分类\07_烧烤露营夜场\露营\004_莫干山_露营__S_V011_S012.mp4","recycle","deleted_to_recycle","2026-07-03T21:41:30"
"D:\Download\素材下载\团建视频\莫干山智能镜头分类\07_烧烤露营夜场\露营\006_莫干山_露营__S_V018_S011.mp4","D:\Download\素材下载\团建视频\莫干山智能镜头分类\07_烧烤露营夜场\露营\006_莫干山_露营__S_V018_S011.mp4","recycle","deleted_to_recycle","2026-07-03T21:41:30"
"D:\Download\素材下载\团建视频\莫干山智能镜头分类\07_烧烤露营夜场\露营\007_莫干山_露营__S_V019_S014.mp4","D:\Download\素材下载\团建视频\莫干山智能镜头分类\07_烧烤露营夜场\露营\007_莫干山_露营__S_V019_S014.mp4","recycle","deleted_to_recycle","2026-07-03T21:41:30"
"D:\Download\素材下载\团建视频\莫干山智能镜头分类\07_烧烤露营夜场\露营\012_莫干山_露营__S_V024_S029.mp4","D:\Download\素材下载\团建视频\莫干山智能镜头分类\07_烧烤露营夜场\露营\012_莫干山_露营__S_V024_S029.mp4","recycle","deleted_to_recycle","2026-07-03T21:41:30"
"D:\Download\素材下载\团建视频\莫干山智能镜头分类\07_烧烤露营夜场\露营\013_莫干山_露营__B_V025_S016.mp4","D:\Download\素材下载\团建视频\莫干山智能镜头分类\07_烧烤露营夜场\露营\013_莫干山_露营__B_V025_S016.mp4","recycle","deleted_to_recycle","2026-07-03T21:41:30"
"D:\Download\素材下载\团建视频\莫干山智能镜头分类\07_烧烤露营夜场\露营吃东西\006_莫干山_露营吃东西__A_V010_S019.mp4","D:\Download\素材下载\团建视频\莫干山智能镜头分类\07_烧烤露营夜场\露营吃东西\006_莫干山_露营吃东西__A_V010_S019.mp4","recycle","deleted_to_recycle","2026-07-03T21:41:30"
"D:\Download\素材下载\团建视频\莫干山智能镜头分类\07_烧烤露营夜场\露营吃东西\007_莫干山_露营吃东西__A_V010_S020.mp4","D:\Download\素材下载\团建视频\莫干山智能镜头分类\07_烧烤露营夜场\露营吃东西\007_莫干山_露营吃东西__A_V010_S020.mp4","recycle","deleted_to_recycle","2026-07-03T21:41:30"
"D:\Download\素材下载\团建视频\莫干山智能镜头分类\07_烧烤露营夜场\露营吃东西\008_莫干山_露营吃东西__B_V010_S021.mp4","D:\Download\素材下载\团建视频\莫干山智能镜头分类\07_烧烤露营夜场\露营吃东西\008_莫干山_露营吃东西__B_V010_S021.mp4","recycle","deleted_to_recycle","2026-07-03T21:41:31"
"D:\Download\素材下载\团建视频\莫干山智能镜头分类\07_烧烤露营夜场\露营吃东西\010_莫干山_露营吃东西__S_V018_S010.mp4","D:\Download\素材下载\团建视频\莫干山智能镜头分类\07_烧烤露营夜场\露营吃东西\010_莫干山_露营吃东西__S_V018_S010.mp4","recycle","deleted_to_recycle","2026-07-03T21:41:31"
"D:\Download\素材下载\团建视频\莫干山智能镜头分类\07_烧烤露营夜场\露营吃东西\012_莫干山_露营吃东西__S_V021_S009.mp4","D:\Download\素材下载\团建视频\莫干山智能镜头分类\07_烧烤露营夜场\露营吃东西\012_莫干山_露营吃东西__S_V021_S009.mp4","recycle","deleted_to_recycle","2026-07-03T21:41:31"
"D:\Download\素材下载\团建视频\莫干山智能镜头分类\07_烧烤露营夜场\露营吃东西\013_莫干山_露营吃东西__S_V021_S042.mp4","D:\Download\素材下载\团建视频\莫干山智能镜头分类\07_烧烤露营夜场\露营吃东西\013_莫干山_露营吃东西__S_V021_S042.mp4","recycle","deleted_to_recycle","2026-07-03T21:41:31"
"D:\Download\素材下载\团建视频\莫干山智能镜头分类\07_烧烤露营夜场\露营吃东西\014_莫干山_露营吃东西__B_V022_S020.mp4","D:\Download\素材下载\团建视频\莫干山智能镜头分类\07_烧烤露营夜场\露营吃东西\014_莫干山_露营吃东西__B_V022_S020.mp4","recycle","deleted_to_recycle","2026-07-03T21:41:31"
"D:\Download\素材下载\团建视频\莫干山智能镜头分类\07_烧烤露营夜场\露营吃东西\015_莫干山_露营吃东西__S_V023_S026.mp4","D:\Download\素材下载\团建视频\莫干山智能镜头分类\07_烧烤露营夜场\露营吃东西\015_莫干山_露营吃东西__S_V023_S026.mp4","recycle","deleted_to_recycle","2026-07-03T21:41:31"
"D:\Download\素材下载\团建视频\莫干山智能镜头分类\07_烧烤露营夜场\露营吃东西\016_莫干山_露营吃东西__S_V023_S042.mp4","D:\Download\素材下载\团建视频\莫干山智能镜头分类\07_烧烤露营夜场\露营吃东西\016_莫干山_露营吃东西__S_V023_S042.mp4","recycle","deleted_to_recycle","2026-07-03T21:41:31"
"D:\Download\素材下载\团建视频\莫干山智能镜头分类\07_烧烤露营夜场\露营吃东西\017_莫干山_露营吃东西__B_V024_S022.mp4","D:\Download\素材下载\团建视频\莫干山智能镜头分类\07_烧烤露营夜场\露营吃东西\017_莫干山_露营吃东西__B_V024_S022.mp4","recycle","deleted_to_recycle","2026-07-03T21:41:31"
"D:\Download\素材下载\团建视频\莫干山智能镜头分类\08_人物反应\开心反应\001_莫干山_开心反应__S_V016_S048.mp4","D:\Download\素材下载\团建视频\莫干山智能镜头分类\08_人物反应\开心反应\001_莫干山_开心反应__S_V016_S048.mp4","recycle","deleted_to_recycle","2026-07-03T21:41:31"
"D:\Download\素材下载\团建视频\莫干山智能镜头分类\08_人物反应\开心反应\002_莫干山_开心反应__A_V024_S002.mp4","D:\Download\素材下载\团建视频\莫干山智能镜头分类\08_人物反应\开心反应\002_莫干山_开心反应__A_V024_S002.mp4","recycle","deleted_to_recycle","2026-07-03T21:41:31"
"D:\Download\素材下载\团建视频\莫干山智能镜头分类\90_待人工分类\口播讲解\001_莫干山_口播讲解__S_V011_S001.mp4","D:\Download\素材下载\团建视频\莫干山智能镜头分类\90_待人工分类\口播讲解\001_莫干山_口播讲解__S_V011_S001.mp4","recycle","deleted_to_recycle","2026-07-03T21:41:31"
"D:\Download\素材下载\团建视频\莫干山智能镜头分类\90_待人工分类\口播讲解\002_莫干山_口播讲解__S_V011_S002.mp4","D:\Download\素材下载\团建视频\莫干山智能镜头分类\90_待人工分类\口播讲解\002_莫干山_口播讲解__S_V011_S002.mp4","recycle","deleted_to_recycle","2026-07-03T21:41:31"
"D:\Download\素材下载\团建视频\莫干山智能镜头分类\90_待人工分类\口播讲解\003_莫干山_口播讲解__S_V011_S003.mp4","D:\Download\素材下载\团建视频\莫干山智能镜头分类\90_待人工分类\口播讲解\003_莫干山_口播讲解__S_V011_S003.mp4","recycle","deleted_to_recycle","2026-07-03T21:41:31"
"D:\Download\素材下载\团建视频\莫干山智能镜头分类\90_待人工分类\口播讲解\004_莫干山_口播讲解__S_V011_S004.mp4","D:\Download\素材下载\团建视频\莫干山智能镜头分类\90_待人工分类\口播讲解\004_莫干山_口播讲解__S_V011_S004.mp4","recycle","deleted_to_recycle","2026-07-03T21:41:31"
"D:\Download\素材下载\团建视频\莫干山智能镜头分类\90_待人工分类\图文海报\010_莫干山_图文海报__S_V009_S010.mp4","D:\Download\素材下载\团建视频\莫干山智能镜头分类\90_待人工分类\图文海报\010_莫干山_图文海报__S_V009_S010.mp4","recycle","deleted_to_recycle","2026-07-03T21:41:31"
"D:\Download\素材下载\团建视频\莫干山智能镜头分类\90_待人工分类\图文海报\015_莫干山_图文海报__S_V009_S015.mp4","D:\Download\素材下载\团建视频\莫干山智能镜头分类\90_待人工分类\图文海报\015_莫干山_图文海报__S_V009_S015.mp4","recycle","deleted_to_recycle","2026-07-03T21:41:31"
"D:\Download\素材下载\团建视频\莫干山智能镜头分类\90_待人工分类\方案讲解\001_莫干山_方案讲解__S_V004_S001.mp4","D:\Download\素材下载\团建视频\莫干山智能镜头分类\90_待人工分类\方案讲解\001_莫干山_方案讲解__S_V004_S001.mp4","recycle","deleted_to_recycle","2026-07-03T21:41:31"
"D:\Download\素材下载\团建视频\莫干山智能镜头分类\90_待人工分类\方案讲解\002_莫干山_方案讲解__S_V004_S002.mp4","D:\Download\素材下载\团建视频\莫干山智能镜头分类\90_待人工分类\方案讲解\002_莫干山_方案讲解__S_V004_S002.mp4","recycle","deleted_to_recycle","2026-07-03T21:41:31"
"D:\Download\素材下载\团建视频\莫干山智能镜头分类\90_待人工分类\方案讲解\003_莫干山_方案讲解__S_V004_S003.mp4","D:\Download\素材下载\团建视频\莫干山智能镜头分类\90_待人工分类\方案讲解\003_莫干山_方案讲解__S_V004_S003.mp4","recycle","deleted_to_recycle","2026-07-03T21:41:31"
"D:\Download\素材下载\团建视频\莫干山智能镜头分类\90_待人工分类\方案讲解\004_莫干山_方案讲解__S_V004_S004.mp4","D:\Download\素材下载\团建视频\莫干山智能镜头分类\90_待人工分类\方案讲解\004_莫干山_方案讲解__S_V004_S004.mp4","recycle","deleted_to_recycle","2026-07-03T21:41:31"
"D:\Download\素材下载\团建视频\莫干山智能镜头分类\90_待人工分类\方案讲解\005_莫干山_方案讲解__S_V004_S005.mp4","D:\Download\素材下载\团建视频\莫干山智能镜头分类\90_待人工分类\方案讲解\005_莫干山_方案讲解__S_V004_S005.mp4","recycle","deleted_to_recycle","2026-07-03T21:41:32"
"D:\Download\素材下载\团建视频\莫干山智能镜头分类\90_待人工分类\方案讲解\006_莫干山_方案讲解__S_V004_S006.mp4","D:\Download\素材下载\团建视频\莫干山智能镜头分类\90_待人工分类\方案讲解\006_莫干山_方案讲解__S_V004_S006.mp4","recycle","deleted_to_recycle","2026-07-03T21:41:32"
"D:\Download\素材下载\团建视频\莫干山智能镜头分类\90_待人工分类\方案讲解\007_莫干山_方案讲解__S_V004_S007.mp4","D:\Download\素材下载\团建视频\莫干山智能镜头分类\90_待人工分类\方案讲解\007_莫干山_方案讲解__S_V004_S007.mp4","recycle","deleted_to_recycle","2026-07-03T21:41:32"
"D:\Download\素材下载\团建视频\莫干山智能镜头分类\90_待人工分类\方案讲解\009_莫干山_方案讲解__S_V004_S009_待人工确认.mp4","D:\Download\素材下载\团建视频\莫干山智能镜头分类\90_待人工分类\方案讲解\009_莫干山_方案讲解__S_V004_S009_待人工确认.mp4","recycle","deleted_to_recycle","2026-07-03T21:41:32"
"D:\Download\素材下载\团建视频\莫干山智能镜头分类\90_待人工分类\方案讲解\011_莫干山_方案讲解__S_V004_S011.mp4","D:\Download\素材下载\团建视频\莫干山智能镜头分类\90_待人工分类\方案讲解\011_莫干山_方案讲解__S_V004_S011.mp4","recycle","deleted_to_recycle","2026-07-03T21:41:32"
"D:\Download\素材下载\团建视频\莫干山智能镜头分类\90_待人工分类\方案讲解\017_莫干山_方案讲解__S_V004_S021.mp4","D:\Download\素材下载\团建视频\莫干山智能镜头分类\90_待人工分类\方案讲解\017_莫干山_方案讲解__S_V004_S021.mp4","recycle","deleted_to_recycle","2026-07-03T21:41:32"
"D:\Download\素材下载\团建视频\莫干山智能镜头分类\90_待人工分类\方案讲解\018_莫干山_方案讲解__S_V004_S022.mp4","D:\Download\素材下载\团建视频\莫干山智能镜头分类\90_待人工分类\方案讲解\018_莫干山_方案讲解__S_V004_S022.mp4","recycle","deleted_to_recycle","2026-07-03T21:41:32"
"D:\Download\素材下载\团建视频\莫干山智能镜头分类\90_待人工分类\方案讲解\019_莫干山_方案讲解__S_V004_S023.mp4","D:\Download\素材下载\团建视频\莫干山智能镜头分类\90_待人工分类\方案讲解\019_莫干山_方案讲解__S_V004_S023.mp4","recycle","deleted_to_recycle","2026-07-03T21:41:32"
"D:\Download\素材下载\团建视频\莫干山智能镜头分类\90_待人工分类\行程表截图\001_莫干山_行程表截图__S_V010_S007.mp4","D:\Download\素材下载\团建视频\莫干山智能镜头分类\90_待人工分类\行程表截图\001_莫干山_行程表截图__S_V010_S007.mp4","recycle","deleted_to_recycle","2026-07-03T21:41:32"
