"name","output","confidence","rect","reason"
"041_千岛湖_环境空镜_裁剪分割__CV006_S002.mp4","D:\Download\素材下载\团建视频\千岛湖智能镜头分类\01_环境空镜\裁切废料\041_千岛湖_环境空镜_裁剪分割__CV006_S002__裁切废料.mp4","0.95","@{x=0; y=10.454; w=100; h=60.053}","裁剪完成，已输出新素材；原分镜未覆盖；保留区域 y=10.5% h=60.1%（含黑边检测）"
"042_千岛湖_环境空镜_裁剪分割__CV006_S003.mp4","D:\Download\素材下载\团建视频\千岛湖智能镜头分类\01_环境空镜\裁切废料\042_千岛湖_环境空镜_裁剪分割__CV006_S003__裁切废料.mp4","0.95","@{x=0; y=17.91; w=100; h=63.045}","裁剪完成，已输出新素材；原分镜未覆盖；保留区域 y=17.9% h=63.0%（含黑边检测）"
"001_千岛湖_千岛湖风景__S_V003_S006.mp4","D:\Download\素材下载\团建视频\千岛湖智能镜头分类\01_环境空镜\千岛湖风景\裁切废料\001_千岛湖_千岛湖风景__S_V003_S006__裁切废料.mp4","0.58","@{x=0; y=0.0; w=100; h=80.531}","裁剪完成，已输出新素材；原分镜未覆盖；保留区域 y=0.0% h=80.5%（含黑边检测）"
"002_千岛湖_千岛湖风景__S_V003_S028.mp4","D:\Download\素材下载\团建视频\千岛湖智能镜头分类\01_环境空镜\千岛湖风景\裁切废料\002_千岛湖_千岛湖风景__S_V003_S028__裁切废料.mp4","0.9","@{x=0; y=0.0; w=100; h=79.196}","裁剪完成，已输出新素材；原分镜未覆盖；保留区域 y=0.0% h=79.2%（含黑边检测）"
"004_千岛湖_千岛湖风景__S_V003_S031.mp4","D:\Download\素材下载\团建视频\千岛湖智能镜头分类\01_环境空镜\千岛湖风景\裁切废料\004_千岛湖_千岛湖风景__S_V003_S031__裁切废料.mp4","0.95","@{x=0; y=17.891; w=100; h=62.507}","裁剪完成，已输出新素材；原分镜未覆盖；保留区域 y=17.9% h=62.5%（含黑边检测）"
"005_千岛湖_千岛湖风景__S_V003_S032.mp4","D:\Download\素材下载\团建视频\千岛湖智能镜头分类\01_环境空镜\千岛湖风景\裁切废料\005_千岛湖_千岛湖风景__S_V003_S032__裁切废料.mp4","0.9","@{x=0; y=0.0; w=100; h=80.264}","裁剪完成，已输出新素材；原分镜未覆盖；保留区域 y=0.0% h=80.3%（含黑边检测）"
"001_千岛湖_大巴集合出发__S_V003_S001.mp4","D:\Download\素材下载\团建视频\千岛湖智能镜头分类\02_出发抵达\大巴集合出发\裁切废料\001_千岛湖_大巴集合出发__S_V003_S001__裁切废料.mp4","0.58","@{x=0; y=13.143; w=100; h=59.766}","裁剪完成，已输出新素材；原分镜未覆盖；保留区域 y=13.1% h=59.8%（含黑边检测）"
"070_千岛湖_住宿空间_裁剪分割__CV016_S008.mp4","D:\Download\素材下载\团建视频\千岛湖智能镜头分类\03_住宿空间\裁切废料\070_千岛湖_住宿空间_裁剪分割__CV016_S008__裁切废料.mp4","0.95","@{x=0; y=11.052; w=100; h=63.395}","裁剪完成，已输出新素材；原分镜未覆盖；保留区域 y=11.1% h=63.4%（含黑边检测）"
"071_千岛湖_住宿空间_裁剪分割__CV016_S009.mp4","D:\Download\素材下载\团建视频\千岛湖智能镜头分类\03_住宿空间\裁切废料\071_千岛湖_住宿空间_裁剪分割__CV016_S009__裁切废料.mp4","0.86","@{x=0; y=17.898; w=100; h=56.713}","裁剪完成，已输出新素材；原分镜未覆盖；保留区域 y=17.9% h=56.7%（含黑边检测）"
"072_千岛湖_住宿空间_裁剪分割__CV016_S010.mp4","D:\Download\素材下载\团建视频\千岛湖智能镜头分类\03_住宿空间\裁切废料\072_千岛湖_住宿空间_裁剪分割__CV016_S010__裁切废料.mp4","0.95","@{x=0; y=17.898; w=100; h=56.713}","裁剪完成，已输出新素材；原分镜未覆盖；保留区域 y=17.9% h=56.7%（含黑边检测）"
"073_千岛湖_住宿空间_裁剪分割__CV016_S011.mp4","D:\Download\素材下载\团建视频\千岛湖智能镜头分类\03_住宿空间\裁切废料\073_千岛湖_住宿空间_裁剪分割__CV016_S011__裁切废料.mp4","0.95","@{x=0; y=4.648; w=100; h=70.127}","裁剪完成，已输出新素材；原分镜未覆盖；保留区域 y=4.6% h=70.1%（含黑边检测）"
"074_千岛湖_住宿空间_裁剪分割__CV016_S012.mp4","D:\Download\素材下载\团建视频\千岛湖智能镜头分类\03_住宿空间\裁切废料\074_千岛湖_住宿空间_裁剪分割__CV016_S012__裁切废料.mp4","0.95","@{x=0; y=12.53; w=100; h=62.081}","裁剪完成，已输出新素材；原分镜未覆盖；保留区域 y=12.5% h=62.1%（含黑边检测）"
"075_千岛湖_住宿空间_裁剪分割__CV016_S013.mp4","D:\Download\素材下载\团建视频\千岛湖智能镜头分类\03_住宿空间\裁切废料\075_千岛湖_住宿空间_裁剪分割__CV016_S013__裁切废料.mp4","0.7","@{x=0; y=5.255; w=100; h=69.356}","裁剪完成，已输出新素材；原分镜未覆盖；保留区域 y=5.3% h=69.4%（含黑边检测）"
"076_千岛湖_住宿空间_裁剪分割__CV016_S014.mp4","D:\Download\素材下载\团建视频\千岛湖智能镜头分类\03_住宿空间\裁切废料\076_千岛湖_住宿空间_裁剪分割__CV016_S014__裁切废料.mp4","0.86","@{x=0; y=17.62; w=100; h=56.991}","裁剪完成，已输出新素材；原分镜未覆盖；保留区域 y=17.6% h=57.0%（含黑边检测）"
"077_千岛湖_住宿空间_裁剪分割__CV016_S015.mp4","D:\Download\素材下载\团建视频\千岛湖智能镜头分类\03_住宿空间\裁切废料\077_千岛湖_住宿空间_裁剪分割__CV016_S015__裁切废料.mp4","0.7","@{x=0; y=17.898; w=100; h=56.713}","裁剪完成，已输出新素材；原分镜未覆盖；保留区域 y=17.9% h=56.7%（含黑边检测）"
"078_千岛湖_住宿空间_裁剪分割__CV016_S016.mp4","D:\Download\素材下载\团建视频\千岛湖智能镜头分类\03_住宿空间\裁切废料\078_千岛湖_住宿空间_裁剪分割__CV016_S016__裁切废料.mp4","0.58","@{x=0; y=0.0; w=100; h=74.611}","裁剪完成，已输出新素材；原分镜未覆盖；保留区域 y=0.0% h=74.6%（含黑边检测）"
"079_千岛湖_住宿空间_裁剪分割__CV016_S017.mp4","D:\Download\素材下载\团建视频\千岛湖智能镜头分类\03_住宿空间\裁切废料\079_千岛湖_住宿空间_裁剪分割__CV016_S017__裁切废料.mp4","0.86","@{x=0; y=8.589; w=100; h=66.022}","裁剪完成，已输出新素材；原分镜未覆盖；保留区域 y=8.6% h=66.0%（含黑边检测）"
"080_千岛湖_住宿空间_裁剪分割__CV016_S018.mp4","D:\Download\素材下载\团建视频\千岛湖智能镜头分类\03_住宿空间\裁切废料\080_千岛湖_住宿空间_裁剪分割__CV016_S018__裁切废料.mp4","0.86","@{x=0; y=7.932; w=100; h=64.38}","裁剪完成，已输出新素材；原分镜未覆盖；保留区域 y=7.9% h=64.4%（含黑边检测）"
"080_千岛湖_住宿空间_裁剪分割__CV016_S018__深度修复.mp4","D:\Download\素材下载\团建视频\千岛湖智能镜头分类\03_住宿空间\裁切废料\080_千岛湖_住宿空间_裁剪分割__CV016_S018__深度修复__裁切废料.mp4","0.86","@{x=0; y=8.097; w=100; h=64.379}","裁剪完成，已输出新素材；原分镜未覆盖；保留区域 y=8.1% h=64.4%（含黑边检测）"
"081_千岛湖_住宿空间_裁剪分割__CV016_S019.mp4","D:\Download\素材下载\团建视频\千岛湖智能镜头分类\03_住宿空间\裁切废料\081_千岛湖_住宿空间_裁剪分割__CV016_S019__裁切废料.mp4","0.86","@{x=0; y=17.62; w=100; h=57.319}","裁剪完成，已输出新素材；原分镜未覆盖；保留区域 y=17.6% h=57.3%（含黑边检测）"
"082_千岛湖_住宿空间_裁剪分割__CV016_S020.mp4","D:\Download\素材下载\团建视频\千岛湖智能镜头分类\03_住宿空间\裁切废料\082_千岛湖_住宿空间_裁剪分割__CV016_S020__裁切废料.mp4","0.86","@{x=0; y=8.589; w=100; h=66.679}","裁剪完成，已输出新素材；原分镜未覆盖；保留区域 y=8.6% h=66.7%（含黑边检测）"
"083_千岛湖_住宿空间_裁剪分割__CV016_S021.mp4","D:\Download\素材下载\团建视频\千岛湖智能镜头分类\03_住宿空间\裁切废料\083_千岛湖_住宿空间_裁剪分割__CV016_S021__裁切废料.mp4","0.95","@{x=0; y=17.898; w=100; h=56.713}","裁剪完成，已输出新素材；原分镜未覆盖；保留区域 y=17.9% h=56.7%（含黑边检测）"
"084_千岛湖_住宿空间_裁剪分割__CV016_S022.mp4","D:\Download\素材下载\团建视频\千岛湖智能镜头分类\03_住宿空间\裁切废料\084_千岛湖_住宿空间_裁剪分割__CV016_S022__裁切废料.mp4","0.7","@{x=0; y=15.764; w=100; h=55.563}","裁剪完成，已输出新素材；原分镜未覆盖；保留区域 y=15.8% h=55.6%（含黑边检测）"
"085_千岛湖_住宿空间_裁剪分割__CV016_S023.mp4","D:\Download\素材下载\团建视频\千岛湖智能镜头分类\03_住宿空间\裁切废料\085_千岛湖_住宿空间_裁剪分割__CV016_S023__裁切废料.mp4","0.7","@{x=0; y=3.284; w=100; h=68.207}","裁剪完成，已输出新素材；原分镜未覆盖；保留区域 y=3.3% h=68.2%（含黑边检测）"
"086_千岛湖_住宿空间_裁剪分割__CV016_S024.mp4","D:\Download\素材下载\团建视频\千岛湖智能镜头分类\03_住宿空间\裁切废料\086_千岛湖_住宿空间_裁剪分割__CV016_S024__裁切废料.mp4","0.7","@{x=0; y=6.24; w=100; h=65.251}","裁剪完成，已输出新素材；原分镜未覆盖；保留区域 y=6.2% h=65.3%（含黑边检测）"
"087_千岛湖_住宿空间_裁剪分割__CV016_S025.mp4","D:\Download\素材下载\团建视频\千岛湖智能镜头分类\03_住宿空间\裁切废料\087_千岛湖_住宿空间_裁剪分割__CV016_S025__裁切废料.mp4","0.7","@{x=0; y=4.926; w=100; h=69.849}","裁剪完成，已输出新素材；原分镜未覆盖；保留区域 y=4.9% h=69.8%（含黑边检测）"
"088_千岛湖_住宿空间_裁剪分割__CV016_S026.mp4","D:\Download\素材下载\团建视频\千岛湖智能镜头分类\03_住宿空间\裁切废料\088_千岛湖_住宿空间_裁剪分割__CV016_S026__裁切废料.mp4","0.95","@{x=0; y=5.419; w=100; h=69.684}","裁剪完成，已输出新素材；原分镜未覆盖；保留区域 y=5.4% h=69.7%（含黑边检测）"
"089_千岛湖_住宿空间_裁剪分割__CV016_S027.mp4","D:\Download\素材下载\团建视频\千岛湖智能镜头分类\03_住宿空间\裁切废料\089_千岛湖_住宿空间_裁剪分割__CV016_S027__裁切废料.mp4","0.9","@{x=0; y=0.0; w=100; h=74.611}","裁剪完成，已输出新素材；原分镜未覆盖；保留区域 y=0.0% h=74.6%（含黑边检测）"
"090_千岛湖_住宿空间_裁剪分割__CV016_S028.mp4","D:\Download\素材下载\团建视频\千岛湖智能镜头分类\03_住宿空间\裁切废料\090_千岛湖_住宿空间_裁剪分割__CV016_S028__裁切废料.mp4","0.9","@{x=0; y=0.0; w=100; h=73.297}","裁剪完成，已输出新素材；原分镜未覆盖；保留区域 y=0.0% h=73.3%（含黑边检测）"
"091_千岛湖_住宿空间_裁剪分割__CV016_S029.mp4","D:\Download\素材下载\团建视频\千岛湖智能镜头分类\03_住宿空间\裁切废料\091_千岛湖_住宿空间_裁剪分割__CV016_S029__裁切废料.mp4","0.9","@{x=0; y=0.0; w=100; h=74.447}","裁剪完成，已输出新素材；原分镜未覆盖；保留区域 y=0.0% h=74.4%（含黑边检测）"
"092_千岛湖_住宿空间_裁剪分割__CV016_S030.mp4","D:\Download\素材下载\团建视频\千岛湖智能镜头分类\03_住宿空间\裁切废料\092_千岛湖_住宿空间_裁剪分割__CV016_S030__裁切废料.mp4","0.95","@{x=0; y=17.898; w=100; h=56.713}","裁剪完成，已输出新素材；原分镜未覆盖；保留区域 y=17.9% h=56.7%（含黑边检测）"
"093_千岛湖_住宿空间_裁剪分割__CV016_S031.mp4","D:\Download\素材下载\团建视频\千岛湖智能镜头分类\03_住宿空间\裁切废料\093_千岛湖_住宿空间_裁剪分割__CV016_S031__裁切废料.mp4","0.9","@{x=0; y=17.456; w=100; h=57.155}","裁剪完成，已输出新素材；原分镜未覆盖；保留区域 y=17.5% h=57.2%（含黑边检测）"
"094_千岛湖_住宿空间_裁剪分割__CV016_S032.mp4","D:\Download\素材下载\团建视频\千岛湖智能镜头分类\03_住宿空间\裁切废料\094_千岛湖_住宿空间_裁剪分割__CV016_S032__裁切废料.mp4","0.9","@{x=0; y=0.0; w=100; h=74.611}","裁剪完成，已输出新素材；原分镜未覆盖；保留区域 y=0.0% h=74.6%（含黑边检测）"
"001_千岛湖_民宿外观__S_V003_S013.mp4","D:\Download\素材下载\团建视频\千岛湖智能镜头分类\03_住宿空间\民宿外观\裁切废料\001_千岛湖_民宿外观__S_V003_S013__裁切废料.mp4","0.7","@{x=0; y=10.414; w=100; h=69.984}","裁剪完成，已输出新素材；原分镜未覆盖；保留区域 y=10.4% h=70.0%（含黑边检测）"
"002_千岛湖_民宿外观__S_V003_S014.mp4","D:\Download\素材下载\团建视频\千岛湖智能镜头分类\03_住宿空间\民宿外观\裁切废料\002_千岛湖_民宿外观__S_V003_S014__裁切废料.mp4","0.86","@{x=0; y=17.891; w=100; h=62.507}","裁剪完成，已输出新素材；原分镜未覆盖；保留区域 y=17.9% h=62.5%（含黑边检测）"
"001_千岛湖_湖景露台__S_V003_S020.mp4","D:\Download\素材下载\团建视频\千岛湖智能镜头分类\03_住宿空间\湖景露台\裁切废料\001_千岛湖_湖景露台__S_V003_S020__裁切废料.mp4","0.86","@{x=0; y=17.755; w=100; h=62.509}","裁剪完成，已输出新素材；原分镜未覆盖；保留区域 y=17.8% h=62.5%（含黑边检测）"
"002_千岛湖_湖景露台__S_V003_S021.mp4","D:\Download\素材下载\团建视频\千岛湖智能镜头分类\03_住宿空间\湖景露台\裁切废料\002_千岛湖_湖景露台__S_V003_S021__裁切废料.mp4","0.95","@{x=0; y=16.821; w=100; h=63.577}","裁剪完成，已输出新素材；原分镜未覆盖；保留区域 y=16.8% h=63.6%（含黑边检测）"
"001_千岛湖_酒店民宿房间__S_V003_S015.mp4","D:\Download\素材下载\团建视频\千岛湖智能镜头分类\03_住宿空间\酒店民宿房间\裁切废料\001_千岛湖_酒店民宿房间__S_V003_S015__裁切废料.mp4","0.7","@{x=0; y=7.477; w=100; h=72.387}","裁剪完成，已输出新素材；原分镜未覆盖；保留区域 y=7.5% h=72.4%（含黑边检测）"
"002_千岛湖_酒店民宿房间__S_V003_S016.mp4","D:\Download\素材下载\团建视频\千岛湖智能镜头分类\03_住宿空间\酒店民宿房间\裁切废料\002_千岛湖_酒店民宿房间__S_V003_S016__裁切废料.mp4","0.58","@{x=0; y=0.0; w=100; h=80.264}","裁剪完成，已输出新素材；原分镜未覆盖；保留区域 y=0.0% h=80.3%（含黑边检测）"
"003_千岛湖_酒店民宿房间__S_V003_S017.mp4","D:\Download\素材下载\团建视频\千岛湖智能镜头分类\03_住宿空间\酒店民宿房间\裁切废料\003_千岛湖_酒店民宿房间__S_V003_S017__裁切废料.mp4","0.74","@{x=0; y=14.284; w=100; h=66.114}","裁剪完成，已输出新素材；原分镜未覆盖；保留区域 y=14.3% h=66.1%（含黑边检测）"
"045_千岛湖_餐饮美食_裁剪分割__CV008_S003.mp4","D:\Download\素材下载\团建视频\千岛湖智能镜头分类\04_餐饮美食\裁切废料\045_千岛湖_餐饮美食_裁剪分割__CV008_S003__裁切废料.mp4","0.86","@{x=0; y=17.929; w=100; h=46.915}","裁剪完成，已输出新素材；原分镜未覆盖；保留区域 y=17.9% h=46.9%（含黑边检测）"
"046_千岛湖_餐饮美食_裁剪分割__CV008_S004.mp4","D:\Download\素材下载\团建视频\千岛湖智能镜头分类\04_餐饮美食\裁切废料\046_千岛湖_餐饮美食_裁剪分割__CV008_S004__裁切废料.mp4","0.9","@{x=0; y=0.0; w=100; h=64.998}","裁剪完成，已输出新素材；原分镜未覆盖；保留区域 y=0.0% h=65.0%（含黑边检测）"
"047_千岛湖_餐饮美食_裁剪分割__CV008_S005.mp4","D:\Download\素材下载\团建视频\千岛湖智能镜头分类\04_餐饮美食\裁切废料\047_千岛湖_餐饮美食_裁剪分割__CV008_S005__裁切废料.mp4","0.95","@{x=0; y=13.601; w=100; h=51.707}","裁剪完成，已输出新素材；原分镜未覆盖；保留区域 y=13.6% h=51.7%（含黑边检测）"
"048_千岛湖_餐饮美食_裁剪分割__CV008_S006.mp4","D:\Download\素材下载\团建视频\千岛湖智能镜头分类\04_餐饮美食\裁切废料\048_千岛湖_餐饮美食_裁剪分割__CV008_S006__裁切废料.mp4","0.95","@{x=0; y=10.474; w=100; h=65.035}","裁剪完成，已输出新素材；原分镜未覆盖；保留区域 y=10.5% h=65.0%（含黑边检测）"
"049_千岛湖_餐饮美食_裁剪分割__CV008_S007.mp4","D:\Download\素材下载\团建视频\千岛湖智能镜头分类\04_餐饮美食\裁切废料\049_千岛湖_餐饮美食_裁剪分割__CV008_S007__裁切废料.mp4","0.95","@{x=0; y=6.491; w=100; h=73.191}","裁剪完成，已输出新素材；原分镜未覆盖；保留区域 y=6.5% h=73.2%（含黑边检测）"
"065_千岛湖_餐饮美食_裁剪分割__CV013_S007.mp4","D:\Download\素材下载\团建视频\千岛湖智能镜头分类\04_餐饮美食\裁切废料\065_千岛湖_餐饮美食_裁剪分割__CV013_S007__裁切废料.mp4","0.7","@{x=0; y=17.942; w=100; h=53.768}","裁剪完成，已输出新素材；原分镜未覆盖；保留区域 y=17.9% h=53.8%（含黑边检测）"
"066_千岛湖_餐饮美食_裁剪分割__CV013_S008.mp4","D:\Download\素材下载\团建视频\千岛湖智能镜头分类\04_餐饮美食\裁切废料\066_千岛湖_餐饮美食_裁剪分割__CV013_S008__裁切废料.mp4","0.7","@{x=0; y=13.456; w=100; h=63.795}","裁剪完成，已输出新素材；原分镜未覆盖；保留区域 y=13.5% h=63.8%（含黑边检测）"
"067_千岛湖_餐饮美食_裁剪分割__CV013_S009.mp4","D:\Download\素材下载\团建视频\千岛湖智能镜头分类\04_餐饮美食\裁切废料\067_千岛湖_餐饮美食_裁剪分割__CV013_S009__裁切废料.mp4","0.7","@{x=0; y=17.942; w=100; h=58.253}","裁剪完成，已输出新素材；原分镜未覆盖；保留区域 y=17.9% h=58.3%（含黑边检测）"
"069_千岛湖_餐饮美食_裁剪分割__CV014_S001.mp4","D:\Download\素材下载\团建视频\千岛湖智能镜头分类\04_餐饮美食\裁切废料\069_千岛湖_餐饮美食_裁剪分割__CV014_S001__裁切废料.mp4","0.95","@{x=0; y=5.151; w=100; h=72.053}","裁剪完成，已输出新素材；原分镜未覆盖；保留区域 y=5.2% h=72.1%（含黑边检测）"
"001_千岛湖_千岛湖鱼宴__S_V003_S030.mp4","D:\Download\素材下载\团建视频\千岛湖智能镜头分类\04_餐饮美食\千岛湖鱼宴\裁切废料\001_千岛湖_千岛湖鱼宴__S_V003_S030__裁切废料.mp4","0.95","@{x=0; y=16.821; w=100; h=63.577}","裁剪完成，已输出新素材；原分镜未覆盖；保留区域 y=16.8% h=63.6%（含黑边检测）"
"001_千岛湖_水上乐园__S_V003_S004.mp4","D:\Download\素材下载\团建视频\千岛湖智能镜头分类\05_项目活动\水上乐园\裁切废料\001_千岛湖_水上乐园__S_V003_S004__裁切废料.mp4","0.58","@{x=0; y=0.0; w=100; h=79.47}","裁剪完成，已输出新素材；原分镜未覆盖；保留区域 y=0.0% h=79.5%（含黑边检测）"
"002_千岛湖_水上乐园__S_V003_S010.mp4","D:\Download\素材下载\团建视频\千岛湖智能镜头分类\05_项目活动\水上乐园\裁切废料\002_千岛湖_水上乐园__S_V003_S010__裁切废料.mp4","0.9","@{x=0; y=0.0; w=100; h=67.329}","裁剪完成，已输出新素材；原分镜未覆盖；保留区域 y=0.0% h=67.3%（含黑边检测）"
"002_千岛湖_游艇游湖__S_V003_S009.mp4","D:\Download\素材下载\团建视频\千岛湖智能镜头分类\05_项目活动\游艇游湖\裁切废料\002_千岛湖_游艇游湖__S_V003_S009__裁切废料.mp4","0.74","@{x=0; y=0.0; w=100; h=78.796}","裁剪完成，已输出新素材；原分镜未覆盖；保留区域 y=0.0% h=78.8%（含黑边检测）"
"001_千岛湖_湖边骑行__S_V003_S027.mp4","D:\Download\素材下载\团建视频\千岛湖智能镜头分类\05_项目活动\湖边骑行\裁切废料\001_千岛湖_湖边骑行__S_V003_S027__裁切废料.mp4","0.9","@{x=0; y=0.0; w=100; h=73.54}","裁剪完成，已输出新素材；原分镜未覆盖；保留区域 y=0.0% h=73.5%（含黑边检测）"
"210_千岛湖_玩水互动_裁剪分割__CV022_S004.mp4","D:\Download\素材下载\团建视频\千岛湖智能镜头分类\05_项目活动\玩水互动\裁切废料\210_千岛湖_玩水互动_裁剪分割__CV022_S004__裁切废料.mp4","0.58","@{x=0; y=0.0; w=100; h=70.812}","裁剪完成，已输出新素材；原分镜未覆盖；保留区域 y=0.0% h=70.8%（含黑边检测）"
"211_千岛湖_玩水互动_裁剪分割__CV022_S005.mp4","D:\Download\素材下载\团建视频\千岛湖智能镜头分类\05_项目活动\玩水互动\裁切废料\211_千岛湖_玩水互动_裁剪分割__CV022_S005__裁切废料.mp4","0.58","@{x=0; y=0.0; w=100; h=71.157}","裁剪完成，已输出新素材；原分镜未覆盖；保留区域 y=0.0% h=71.2%（含黑边检测）"
"212_千岛湖_玩水互动_裁剪分割__CV022_S006.mp4","D:\Download\素材下载\团建视频\千岛湖智能镜头分类\05_项目活动\玩水互动\裁切废料\212_千岛湖_玩水互动_裁剪分割__CV022_S006__裁切废料.mp4","0.58","@{x=0; y=0.0; w=100; h=66.682}","裁剪完成，已输出新素材；原分镜未覆盖；保留区域 y=0.0% h=66.7%（含黑边检测）"
"213_千岛湖_玩水互动_裁剪分割__CV022_S007.mp4","D:\Download\素材下载\团建视频\千岛湖智能镜头分类\05_项目活动\玩水互动\裁切废料\213_千岛湖_玩水互动_裁剪分割__CV022_S007__裁切废料.mp4","0.7","@{x=0; y=4.475; w=100; h=66.337}","裁剪完成，已输出新素材；原分镜未覆盖；保留区域 y=4.5% h=66.3%（含黑边检测）"
"214_千岛湖_玩水互动_裁剪分割__CV022_S008.mp4","D:\Download\素材下载\团建视频\千岛湖智能镜头分类\05_项目活动\玩水互动\裁切废料\214_千岛湖_玩水互动_裁剪分割__CV022_S008__裁切废料.mp4","0.7","@{x=0; y=6.024; w=100; h=64.788}","裁剪完成，已输出新素材；原分镜未覆盖；保留区域 y=6.0% h=64.8%（含黑边检测）"
"215_千岛湖_玩水互动_裁剪分割__CV022_S009.mp4","D:\Download\素材下载\团建视频\千岛湖智能镜头分类\05_项目活动\玩水互动\裁切废料\215_千岛湖_玩水互动_裁剪分割__CV022_S009__裁切废料.mp4","0.58","@{x=0; y=14.453; w=100; h=56.359}","裁剪完成，已输出新素材；原分镜未覆盖；保留区域 y=14.5% h=56.4%（含黑边检测）"
"216_千岛湖_玩水互动_裁剪分割__CV022_S010.mp4","D:\Download\素材下载\团建视频\千岛湖智能镜头分类\05_项目活动\玩水互动\裁切废料\216_千岛湖_玩水互动_裁剪分割__CV022_S010__裁切废料.mp4","0.7","@{x=0; y=0.0; w=100; h=70.812}","裁剪完成，已输出新素材；原分镜未覆盖；保留区域 y=0.0% h=70.8%（含黑边检测）"
"216_千岛湖_玩水互动_裁剪分割__CV022_S010__深度修复.mp4","D:\Download\素材下载\团建视频\千岛湖智能镜头分类\05_项目活动\玩水互动\裁切废料\216_千岛湖_玩水互动_裁剪分割__CV022_S010__深度修复__裁切废料.mp4","0.7","@{x=0; y=0.0; w=100; h=70.812}","裁剪完成，已输出新素材；原分镜未覆盖；保留区域 y=0.0% h=70.8%（含黑边检测）"
"217_千岛湖_玩水互动_裁剪分割__CV022_S011.mp4","D:\Download\素材下载\团建视频\千岛湖智能镜头分类\05_项目活动\玩水互动\裁切废料\217_千岛湖_玩水互动_裁剪分割__CV022_S011__裁切废料.mp4","0.82","@{x=0; y=17.9; w=100; h=52.912}","裁剪完成，已输出新素材；原分镜未覆盖；保留区域 y=17.9% h=52.9%（含黑边检测）"
"218_千岛湖_玩水互动_裁剪分割__CV022_S012.mp4","D:\Download\素材下载\团建视频\千岛湖智能镜头分类\05_项目活动\玩水互动\裁切废料\218_千岛湖_玩水互动_裁剪分割__CV022_S012__裁切废料.mp4","0.86","@{x=0; y=17.9; w=100; h=53.257}","裁剪完成，已输出新素材；原分镜未覆盖；保留区域 y=17.9% h=53.3%（含黑边检测）"
"219_千岛湖_玩水互动_裁剪分割__CV022_S013.mp4","D:\Download\素材下载\团建视频\千岛湖智能镜头分类\05_项目活动\玩水互动\裁切废料\219_千岛湖_玩水互动_裁剪分割__CV022_S013__裁切废料.mp4","0.86","@{x=0; y=17.9; w=100; h=52.912}","裁剪完成，已输出新素材；原分镜未覆盖；保留区域 y=17.9% h=52.9%（含黑边检测）"
"220_千岛湖_玩水互动_裁剪分割__CV022_S014.mp4","D:\Download\素材下载\团建视频\千岛湖智能镜头分类\05_项目活动\玩水互动\裁切废料\220_千岛湖_玩水互动_裁剪分割__CV022_S014__裁切废料.mp4","0.58","@{x=0; y=0.0; w=100; h=70.812}","裁剪完成，已输出新素材；原分镜未覆盖；保留区域 y=0.0% h=70.8%（含黑边检测）"
"221_千岛湖_玩水互动_裁剪分割__CV022_S015.mp4","D:\Download\素材下载\团建视频\千岛湖智能镜头分类\05_项目活动\玩水互动\裁切废料\221_千岛湖_玩水互动_裁剪分割__CV022_S015__裁切废料.mp4","0.86","@{x=0; y=13.592; w=100; h=66.17}","裁剪完成，已输出新素材；原分镜未覆盖；保留区域 y=13.6% h=66.2%（含黑边检测）"
"222_千岛湖_玩水互动_裁剪分割__CV022_S016.mp4","D:\Download\素材下载\团建视频\千岛湖智能镜头分类\05_项目活动\玩水互动\裁切废料\222_千岛湖_玩水互动_裁剪分割__CV022_S016__裁切废料.mp4","0.86","@{x=0; y=9.983; w=100; h=69.091}","裁剪完成，已输出新素材；原分镜未覆盖；保留区域 y=10.0% h=69.1%（含黑边检测）"
"223_千岛湖_玩水互动_裁剪分割__CV022_S017.mp4","D:\Download\素材下载\团建视频\千岛湖智能镜头分类\05_项目活动\玩水互动\裁切废料\223_千岛湖_玩水互动_裁剪分割__CV022_S017__裁切废料.mp4","0.7","@{x=0; y=4.819; w=100; h=57.388}","裁剪完成，已输出新素材；原分镜未覆盖；保留区域 y=4.8% h=57.4%（含黑边检测）"
"224_千岛湖_玩水互动_裁剪分割__CV022_S018.mp4","D:\Download\素材下载\团建视频\千岛湖智能镜头分类\05_项目活动\玩水互动\裁切废料\224_千岛湖_玩水互动_裁剪分割__CV022_S018__裁切废料.mp4","0.7","@{x=0; y=3.787; w=100; h=76.664}","裁剪完成，已输出新素材；原分镜未覆盖；保留区域 y=3.8% h=76.7%（含黑边检测）"
"225_千岛湖_玩水互动_裁剪分割__CV022_S019.mp4","D:\Download\素材下载\团建视频\千岛湖智能镜头分类\05_项目活动\玩水互动\裁切废料\225_千岛湖_玩水互动_裁剪分割__CV022_S019__裁切废料.mp4","0.7","@{x=0; y=4.303; w=100; h=66.509}","裁剪完成，已输出新素材；原分镜未覆盖；保留区域 y=4.3% h=66.5%（含黑边检测）"
"226_千岛湖_玩水互动_裁剪分割__CV022_S020.mp4","D:\Download\素材下载\团建视频\千岛湖智能镜头分类\05_项目活动\玩水互动\裁切废料\226_千岛湖_玩水互动_裁剪分割__CV022_S020__裁切废料.mp4","0.7","@{x=0; y=9.462; w=100; h=52.4}","裁剪完成，已输出新素材；原分镜未覆盖；保留区域 y=9.5% h=52.4%（含黑边检测）"
"227_千岛湖_玩水互动_裁剪分割__CV022_S021.mp4","D:\Download\素材下载\团建视频\千岛湖智能镜头分类\05_项目活动\玩水互动\裁切废料\227_千岛湖_玩水互动_裁剪分割__CV022_S021__裁切废料.mp4","0.58","@{x=0; y=0.0; w=100; h=62.379}","裁剪完成，已输出新素材；原分镜未覆盖；保留区域 y=0.0% h=62.4%（含黑边检测）"
"228_千岛湖_玩水互动_裁剪分割__CV022_S022.mp4","D:\Download\素材下载\团建视频\千岛湖智能镜头分类\05_项目活动\玩水互动\裁切废料\228_千岛湖_玩水互动_裁剪分割__CV022_S022__裁切废料.mp4","0.9","@{x=0; y=0.0; w=100; h=71.157}","裁剪完成，已输出新素材；原分镜未覆盖；保留区域 y=0.0% h=71.2%（含黑边检测）"
"229_千岛湖_玩水互动_裁剪分割__CV022_S023.mp4","D:\Download\素材下载\团建视频\千岛湖智能镜头分类\05_项目活动\玩水互动\裁切废料\229_千岛湖_玩水互动_裁剪分割__CV022_S023__裁切废料.mp4","0.86","@{x=0; y=14.286; w=100; h=47.748}","裁剪完成，已输出新素材；原分镜未覆盖；保留区域 y=14.3% h=47.7%（含黑边检测）"
"230_千岛湖_玩水互动_裁剪分割__CV022_S024.mp4","D:\Download\素材下载\团建视频\千岛湖智能镜头分类\05_项目活动\玩水互动\裁切废料\230_千岛湖_玩水互动_裁剪分割__CV022_S024__裁切废料.mp4","0.86","@{x=0; y=17.9; w=100; h=53.085}","裁剪完成，已输出新素材；原分镜未覆盖；保留区域 y=17.9% h=53.1%（含黑边检测）"
"231_千岛湖_玩水互动_裁剪分割__CV022_S025.mp4","D:\Download\素材下载\团建视频\千岛湖智能镜头分类\05_项目活动\玩水互动\裁切废料\231_千岛湖_玩水互动_裁剪分割__CV022_S025__裁切废料.mp4","0.58","@{x=0; y=1.888; w=100; h=69.269}","裁剪完成，已输出新素材；原分镜未覆盖；保留区域 y=1.9% h=69.3%（含黑边检测）"
"232_千岛湖_玩水互动_裁剪分割__CV022_S026.mp4","D:\Download\素材下载\团建视频\千岛湖智能镜头分类\05_项目活动\玩水互动\裁切废料\232_千岛湖_玩水互动_裁剪分割__CV022_S026__裁切废料.mp4","0.74","@{x=0; y=0.0; w=100; h=70.812}","裁剪完成，已输出新素材；原分镜未覆盖；保留区域 y=0.0% h=70.8%（含黑边检测）"
"233_千岛湖_玩水互动_裁剪分割__CV022_S027.mp4","D:\Download\素材下载\团建视频\千岛湖智能镜头分类\05_项目活动\玩水互动\裁切废料\233_千岛湖_玩水互动_裁剪分割__CV022_S027__裁切废料.mp4","0.7","@{x=0; y=13.42; w=100; h=57.22}","裁剪完成，已输出新素材；原分镜未覆盖；保留区域 y=13.4% h=57.2%（含黑边检测）"
"234_千岛湖_玩水互动_裁剪分割__CV022_S028.mp4","D:\Download\素材下载\团建视频\千岛湖智能镜头分类\05_项目活动\玩水互动\裁切废料\234_千岛湖_玩水互动_裁剪分割__CV022_S028__裁切废料.mp4","0.86","@{x=0; y=3.959; w=100; h=66.681}","裁剪完成，已输出新素材；原分镜未覆盖；保留区域 y=4.0% h=66.7%（含黑边检测）"
"235_千岛湖_玩水互动_裁剪分割__CV022_S029.mp4","D:\Download\素材下载\团建视频\千岛湖智能镜头分类\05_项目活动\玩水互动\裁切废料\235_千岛湖_玩水互动_裁剪分割__CV022_S029__裁切废料.mp4","0.58","@{x=0; y=0.0; w=100; h=69.78}","裁剪完成，已输出新素材；原分镜未覆盖；保留区域 y=0.0% h=69.8%（含黑边检测）"
"236_千岛湖_玩水互动_裁剪分割__CV022_S030.mp4","D:\Download\素材下载\团建视频\千岛湖智能镜头分类\05_项目活动\玩水互动\裁切废料\236_千岛湖_玩水互动_裁剪分割__CV022_S030__裁切废料.mp4","0.86","@{x=0; y=4.991; w=100; h=66.166}","裁剪完成，已输出新素材；原分镜未覆盖；保留区域 y=5.0% h=66.2%（含黑边检测）"
"237_千岛湖_玩水互动_裁剪分割__CV022_S031.mp4","D:\Download\素材下载\团建视频\千岛湖智能镜头分类\05_项目活动\玩水互动\裁切废料\237_千岛湖_玩水互动_裁剪分割__CV022_S031__裁切废料.mp4","0.86","@{x=0; y=17.9; w=100; h=53.257}","裁剪完成，已输出新素材；原分镜未覆盖；保留区域 y=17.9% h=53.3%（含黑边检测）"
"238_千岛湖_玩水互动_裁剪分割__CV022_S032.mp4","D:\Download\素材下载\团建视频\千岛湖智能镜头分类\05_项目活动\玩水互动\裁切废料\238_千岛湖_玩水互动_裁剪分割__CV022_S032__裁切废料.mp4","0.86","@{x=0; y=14.969; w=100; h=56.188}","裁剪完成，已输出新素材；原分镜未覆盖；保留区域 y=15.0% h=56.2%（含黑边检测）"
"239_千岛湖_玩水互动_裁剪分割__CV022_S033.mp4","D:\Download\素材下载\团建视频\千岛湖智能镜头分类\05_项目活动\玩水互动\裁切废料\239_千岛湖_玩水互动_裁剪分割__CV022_S033__裁切废料.mp4","0.86","@{x=0; y=12.904; w=100; h=57.22}","裁剪完成，已输出新素材；原分镜未覆盖；保留区域 y=12.9% h=57.2%（含黑边检测）"
"240_千岛湖_玩水互动_裁剪分割__CV022_S034.mp4","D:\Download\素材下载\团建视频\千岛湖智能镜头分类\05_项目活动\玩水互动\裁切废料\240_千岛湖_玩水互动_裁剪分割__CV022_S034__裁切废料.mp4","0.7","@{x=0; y=17.9; w=100; h=53.085}","裁剪完成，已输出新素材；原分镜未覆盖；保留区域 y=17.9% h=53.1%（含黑边检测）"
"241_千岛湖_玩水互动_裁剪分割__CV022_S035.mp4","D:\Download\素材下载\团建视频\千岛湖智能镜头分类\05_项目活动\玩水互动\裁切废料\241_千岛湖_玩水互动_裁剪分割__CV022_S035__裁切废料.mp4","0.86","@{x=0; y=15.314; w=100; h=55.498}","裁剪完成，已输出新素材；原分镜未覆盖；保留区域 y=15.3% h=55.5%（含黑边检测）"
"242_千岛湖_玩水互动_裁剪分割__CV022_S036.mp4","D:\Download\素材下载\团建视频\千岛湖智能镜头分类\05_项目活动\玩水互动\裁切废料\242_千岛湖_玩水互动_裁剪分割__CV022_S036__裁切废料.mp4","0.95","@{x=0; y=4.131; w=100; h=66.681}","裁剪完成，已输出新素材；原分镜未覆盖；保留区域 y=4.1% h=66.7%（含黑边检测）"
"243_千岛湖_玩水互动_裁剪分割__CV022_S037.mp4","D:\Download\素材下载\团建视频\千岛湖智能镜头分类\05_项目活动\玩水互动\裁切废料\243_千岛湖_玩水互动_裁剪分割__CV022_S037__裁切废料.mp4","0.86","@{x=0; y=14.286; w=100; h=56.182}","裁剪完成，已输出新素材；原分镜未覆盖；保留区域 y=14.3% h=56.2%（含黑边检测）"
"244_千岛湖_玩水互动_裁剪分割__CV022_S038.mp4","D:\Download\素材下载\团建视频\千岛湖智能镜头分类\05_项目活动\玩水互动\裁切废料\244_千岛湖_玩水互动_裁剪分割__CV022_S038__裁切废料.mp4","0.58","@{x=0; y=0.0; w=100; h=62.034}","裁剪完成，已输出新素材；原分镜未覆盖；保留区域 y=0.0% h=62.0%（含黑边检测）"
"245_千岛湖_玩水互动_裁剪分割__CV022_S039.mp4","D:\Download\素材下载\团建视频\千岛湖智能镜头分类\05_项目活动\玩水互动\裁切废料\245_千岛湖_玩水互动_裁剪分割__CV022_S039__裁切废料.mp4","0.7","@{x=0; y=5.336; w=100; h=65.476}","裁剪完成，已输出新素材；原分镜未覆盖；保留区域 y=5.3% h=65.5%（含黑边检测）"
"246_千岛湖_玩水互动_裁剪分割__CV022_S040.mp4","D:\Download\素材下载\团建视频\千岛湖智能镜头分类\05_项目活动\玩水互动\裁切废料\246_千岛湖_玩水互动_裁剪分割__CV022_S040__裁切废料.mp4","0.86","@{x=0; y=17.9; w=100; h=53.257}","裁剪完成，已输出新素材；原分镜未覆盖；保留区域 y=17.9% h=53.3%（含黑边检测）"
"247_千岛湖_玩水互动_裁剪分割__CV022_S041.mp4","D:\Download\素材下载\团建视频\千岛湖智能镜头分类\05_项目活动\玩水互动\裁切废料\247_千岛湖_玩水互动_裁剪分割__CV022_S041__裁切废料.mp4","0.86","@{x=0; y=5.336; w=100; h=65.821}","裁剪完成，已输出新素材；原分镜未覆盖；保留区域 y=5.3% h=65.8%（含黑边检测）"
"248_千岛湖_玩水互动_裁剪分割__CV022_S042.mp4","D:\Download\素材下载\团建视频\千岛湖智能镜头分类\05_项目活动\玩水互动\裁切废料\248_千岛湖_玩水互动_裁剪分割__CV022_S042__裁切废料.mp4","0.58","@{x=0; y=0.0; w=100; h=80.623}","裁剪完成，已输出新素材；原分镜未覆盖；保留区域 y=0.0% h=80.6%（含黑边检测）"
"249_千岛湖_玩水互动_裁剪分割__CV022_S043.mp4","D:\Download\素材下载\团建视频\千岛湖智能镜头分类\05_项目活动\玩水互动\裁切废料\249_千岛湖_玩水互动_裁剪分割__CV022_S043__裁切废料.mp4","0.86","@{x=0; y=15.663; w=100; h=63.927}","裁剪完成，已输出新素材；原分镜未覆盖；保留区域 y=15.7% h=63.9%（含黑边检测）"
"250_千岛湖_玩水互动_裁剪分割__CV022_S044.mp4","D:\Download\素材下载\团建视频\千岛湖智能镜头分类\05_项目活动\玩水互动\裁切废料\250_千岛湖_玩水互动_裁剪分割__CV022_S044__裁切废料.mp4","0.86","@{x=0; y=7.573; w=100; h=54.634}","裁剪完成，已输出新素材；原分镜未覆盖；保留区域 y=7.6% h=54.6%（含黑边检测）"
"251_千岛湖_玩水互动_裁剪分割__CV022_S045.mp4","D:\Download\素材下载\团建视频\千岛湖智能镜头分类\05_项目活动\玩水互动\裁切废料\251_千岛湖_玩水互动_裁剪分割__CV022_S045__裁切废料.mp4","0.86","@{x=0; y=10.322; w=100; h=62.039}","裁剪完成，已输出新素材；原分镜未覆盖；保留区域 y=10.3% h=62.0%（含黑边检测）"
"252_千岛湖_玩水互动_裁剪分割__CV022_S046.mp4","D:\Download\素材下载\团建视频\千岛湖智能镜头分类\05_项目活动\玩水互动\裁切废料\252_千岛湖_玩水互动_裁剪分割__CV022_S046__裁切废料.mp4","0.7","@{x=0; y=0.0; w=100; h=71.673}","裁剪完成，已输出新素材；原分镜未覆盖；保留区域 y=0.0% h=71.7%（含黑边检测）"
"253_千岛湖_玩水互动_裁剪分割__CV026_S006.mp4","D:\Download\素材下载\团建视频\千岛湖智能镜头分类\05_项目活动\玩水互动\裁切废料\253_千岛湖_玩水互动_裁剪分割__CV026_S006__裁切废料.mp4","0.7","@{x=0; y=7.409; w=100; h=69.362}","裁剪完成，已输出新素材；原分镜未覆盖；保留区域 y=7.4% h=69.4%（含黑边检测）"
"254_千岛湖_玩水互动_裁剪分割__CV026_S007.mp4","D:\Download\素材下载\团建视频\千岛湖智能镜头分类\05_项目活动\玩水互动\裁切废料\254_千岛湖_玩水互动_裁剪分割__CV026_S007__裁切废料.mp4","0.86","@{x=0; y=17.974; w=100; h=61.085}","裁剪完成，已输出新素材；原分镜未覆盖；保留区域 y=18.0% h=61.1%（含黑边检测）"
"255_千岛湖_玩水互动_裁剪分割__CV026_S008.mp4","D:\Download\素材下载\团建视频\千岛湖智能镜头分类\05_项目活动\玩水互动\裁切废料\255_千岛湖_玩水互动_裁剪分割__CV026_S008__裁切废料.mp4","0.7","@{x=0; y=3.922; w=100; h=73.666}","裁剪完成，已输出新素材；原分镜未覆盖；保留区域 y=3.9% h=73.7%（含黑边检测）"
"256_千岛湖_玩水互动_裁剪分割__CV026_S009.mp4","D:\Download\素材下载\团建视频\千岛湖智能镜头分类\05_项目活动\玩水互动\裁切废料\256_千岛湖_玩水互动_裁剪分割__CV026_S009__裁切废料.mp4","0.74","@{x=0; y=3.651; w=100; h=73.61}","裁剪完成，已输出新素材；原分镜未覆盖；保留区域 y=3.7% h=73.6%（含黑边检测）"
"257_千岛湖_玩水互动_裁剪分割__CV026_S010.mp4","D:\Download\素材下载\团建视频\千岛湖智能镜头分类\05_项目活动\玩水互动\裁切废料\257_千岛湖_玩水互动_裁剪分割__CV026_S010__裁切废料.mp4","0.7","@{x=0; y=6.699; w=100; h=60.759}","裁剪完成，已输出新素材；原分镜未覆盖；保留区域 y=6.7% h=60.8%（含黑边检测）"
"258_千岛湖_玩水互动_裁剪分割__CV026_S011.mp4","D:\Download\素材下载\团建视频\千岛湖智能镜头分类\05_项目活动\玩水互动\裁切废料\258_千岛湖_玩水互动_裁剪分割__CV026_S011__裁切废料.mp4","0.95","@{x=0; y=17.974; w=100; h=58.961}","裁剪完成，已输出新素材；原分镜未覆盖；保留区域 y=18.0% h=59.0%（含黑边检测）"
"259_千岛湖_玩水互动_裁剪分割__CV026_S012.mp4","D:\Download\素材下载\团建视频\千岛湖智能镜头分类\05_项目活动\玩水互动\裁切废料\259_千岛湖_玩水互动_裁剪分割__CV026_S012__裁切废料.mp4","0.86","@{x=0; y=6.373; w=100; h=70.562}","裁剪完成，已输出新素材；原分镜未覆盖；保留区域 y=6.4% h=70.6%（含黑边检测）"
"260_千岛湖_玩水互动_裁剪分割__CV026_S013.mp4","D:\Download\素材下载\团建视频\千岛湖智能镜头分类\05_项目活动\玩水互动\裁切废料\260_千岛湖_玩水互动_裁剪分割__CV026_S013__裁切废料.mp4","0.7","@{x=0; y=17.974; w=100; h=58.307}","裁剪完成，已输出新素材；原分镜未覆盖；保留区域 y=18.0% h=58.3%（含黑边检测）"
"261_千岛湖_玩水互动_裁剪分割__CV026_S014.mp4","D:\Download\素材下载\团建视频\千岛湖智能镜头分类\05_项目活动\玩水互动\裁切废料\261_千岛湖_玩水互动_裁剪分割__CV026_S014__裁切废料.mp4","0.58","@{x=0; y=16.886; w=100; h=45.016}","裁剪完成，已输出新素材；原分镜未覆盖；保留区域 y=16.9% h=45.0%（含黑边检测）"
"262_千岛湖_玩水互动_裁剪分割__CV026_S015.mp4","D:\Download\素材下载\团建视频\千岛湖智能镜头分类\05_项目活动\玩水互动\裁切废料\262_千岛湖_玩水互动_裁剪分割__CV026_S015__裁切废料.mp4","0.7","@{x=0; y=8.824; w=100; h=53.078}","裁剪完成，已输出新素材；原分镜未覆盖；保留区域 y=8.8% h=53.1%（含黑边检测）"
"263_千岛湖_玩水互动_裁剪分割__CV026_S016.mp4","D:\Download\素材下载\团建视频\千岛湖智能镜头分类\05_项目活动\玩水互动\裁切废料\263_千岛湖_玩水互动_裁剪分割__CV026_S016__裁切废料.mp4","0.74","@{x=0; y=11.984; w=100; h=51.389}","裁剪完成，已输出新素材；原分镜未覆盖；保留区域 y=12.0% h=51.4%（含黑边检测）"
"264_千岛湖_玩水互动_裁剪分割__CV026_S017.mp4","D:\Download\素材下载\团建视频\千岛湖智能镜头分类\05_项目活动\玩水互动\裁切废料\264_千岛湖_玩水互动_裁剪分割__CV026_S017__裁切废料.mp4","0.7","@{x=0; y=17.974; w=100; h=57.49}","裁剪完成，已输出新素材；原分镜未覆盖；保留区域 y=18.0% h=57.5%（含黑边检测）"
"265_千岛湖_玩水互动_裁剪分割__CV026_S018.mp4","D:\Download\素材下载\团建视频\千岛湖智能镜头分类\05_项目活动\玩水互动\裁切废料\265_千岛湖_玩水互动_裁剪分割__CV026_S018__裁切废料.mp4","0.7","@{x=0; y=11.765; w=100; h=63.699}","裁剪完成，已输出新素材；原分镜未覆盖；保留区域 y=11.8% h=63.7%（含黑边检测）"
"266_千岛湖_玩水互动_裁剪分割__CV026_S019.mp4","D:\Download\素材下载\团建视频\千岛湖智能镜头分类\05_项目活动\玩水互动\裁切废料\266_千岛湖_玩水互动_裁剪分割__CV026_S019__裁切废料.mp4","0.95","@{x=0; y=8.333; w=100; h=53.732}","裁剪完成，已输出新素材；原分镜未覆盖；保留区域 y=8.3% h=53.7%（含黑边检测）"
"267_千岛湖_玩水互动_裁剪分割__CV026_S020.mp4","D:\Download\素材下载\团建视频\千岛湖智能镜头分类\05_项目活动\玩水互动\裁切废料\267_千岛湖_玩水互动_裁剪分割__CV026_S020__裁切废料.mp4","0.86","@{x=0; y=11.438; w=100; h=64.68}","裁剪完成，已输出新素材；原分镜未覆盖；保留区域 y=11.4% h=64.7%（含黑边检测）"
"268_千岛湖_玩水互动_裁剪分割__CV026_S021.mp4","D:\Download\素材下载\团建视频\千岛湖智能镜头分类\05_项目活动\玩水互动\裁切废料\268_千岛湖_玩水互动_裁剪分割__CV026_S021__裁切废料.mp4","0.86","@{x=0; y=12.745; w=100; h=64.026}","裁剪完成，已输出新素材；原分镜未覆盖；保留区域 y=12.7% h=64.0%（含黑边检测）"
"269_千岛湖_玩水互动_裁剪分割__CV026_S022.mp4","D:\Download\素材下载\团建视频\千岛湖智能镜头分类\05_项目活动\玩水互动\裁切废料\269_千岛湖_玩水互动_裁剪分割__CV026_S022__裁切废料.mp4","0.86","@{x=0; y=17.974; w=100; h=58.797}","裁剪完成，已输出新素材；原分镜未覆盖；保留区域 y=18.0% h=58.8%（含黑边检测）"
"270_千岛湖_玩水互动_裁剪分割__CV026_S023.mp4","D:\Download\素材下载\团建视频\千岛湖智能镜头分类\05_项目活动\玩水互动\裁切废料\270_千岛湖_玩水互动_裁剪分割__CV026_S023__裁切废料.mp4","0.9","@{x=0; y=0.0; w=100; h=76.935}","裁剪完成，已输出新素材；原分镜未覆盖；保留区域 y=0.0% h=76.9%（含黑边检测）"
"271_千岛湖_玩水互动_裁剪分割__CV026_S024.mp4","D:\Download\素材下载\团建视频\千岛湖智能镜头分类\05_项目活动\玩水互动\裁切废料\271_千岛湖_玩水互动_裁剪分割__CV026_S024__裁切废料.mp4","0.74","@{x=0; y=0.0; w=100; h=62.065}","裁剪完成，已输出新素材；原分镜未覆盖；保留区域 y=0.0% h=62.1%（含黑边检测）"
"272_千岛湖_玩水互动_裁剪分割__CV026_S025.mp4","D:\Download\素材下载\团建视频\千岛湖智能镜头分类\05_项目活动\玩水互动\裁切废料\272_千岛湖_玩水互动_裁剪分割__CV026_S025__裁切废料.mp4","0.74","@{x=0; y=0.0; w=100; h=62.392}","裁剪完成，已输出新素材；原分镜未覆盖；保留区域 y=0.0% h=62.4%（含黑边检测）"
"273_千岛湖_玩水互动_裁剪分割__CV026_S026.mp4","D:\Download\素材下载\团建视频\千岛湖智能镜头分类\05_项目活动\玩水互动\裁切废料\273_千岛湖_玩水互动_裁剪分割__CV026_S026__裁切废料.mp4","0.58","@{x=0; y=0.0; w=100; h=62.065}","裁剪完成，已输出新素材；原分镜未覆盖；保留区域 y=0.0% h=62.1%（含黑边检测）"
"274_千岛湖_玩水互动_裁剪分割__CV026_S027.mp4","D:\Download\素材下载\团建视频\千岛湖智能镜头分类\05_项目活动\玩水互动\裁切废料\274_千岛湖_玩水互动_裁剪分割__CV026_S027__裁切废料.mp4","0.58","@{x=0; y=0.0; w=100; h=79.712}","裁剪完成，已输出新素材；原分镜未覆盖；保留区域 y=0.0% h=79.7%（含黑边检测）"
"275_千岛湖_玩水互动_裁剪分割__CV026_S028.mp4","D:\Download\素材下载\团建视频\千岛湖智能镜头分类\05_项目活动\玩水互动\裁切废料\275_千岛湖_玩水互动_裁剪分割__CV026_S028__裁切废料.mp4","0.58","@{x=0; y=0.0; w=100; h=62.065}","裁剪完成，已输出新素材；原分镜未覆盖；保留区域 y=0.0% h=62.1%（含黑边检测）"
"276_千岛湖_玩水互动_裁剪分割__CV026_S029.mp4","D:\Download\素材下载\团建视频\千岛湖智能镜头分类\05_项目活动\玩水互动\裁切废料\276_千岛湖_玩水互动_裁剪分割__CV026_S029__裁切废料.mp4","0.58","@{x=0; y=0.0; w=100; h=61.902}","裁剪完成，已输出新素材；原分镜未覆盖；保留区域 y=0.0% h=61.9%（含黑边检测）"
"277_千岛湖_玩水互动_裁剪分割__CV026_S030.mp4","D:\Download\素材下载\团建视频\千岛湖智能镜头分类\05_项目活动\玩水互动\裁切废料\277_千岛湖_玩水互动_裁剪分割__CV026_S030__裁切废料.mp4","0.86","@{x=0; y=17.974; w=100; h=58.797}","裁剪完成，已输出新素材；原分镜未覆盖；保留区域 y=18.0% h=58.8%（含黑边检测）"
"278_千岛湖_玩水互动_裁剪分割__CV026_S031.mp4","D:\Download\素材下载\团建视频\千岛湖智能镜头分类\05_项目活动\玩水互动\裁切废料\278_千岛湖_玩水互动_裁剪分割__CV026_S031__裁切废料.mp4","0.7","@{x=0; y=18.0; w=100; h=45.0}","裁剪完成，已输出新素材；原分镜未覆盖；保留区域 y=18.0% h=45.0%（含黑边检测）"
"279_千岛湖_玩水互动_裁剪分割__CV026_S032.mp4","D:\Download\素材下载\团建视频\千岛湖智能镜头分类\05_项目活动\玩水互动\裁切废料\279_千岛湖_玩水互动_裁剪分割__CV026_S032__裁切废料.mp4","0.86","@{x=0; y=10.621; w=100; h=66.314}","裁剪完成，已输出新素材；原分镜未覆盖；保留区域 y=10.6% h=66.3%（含黑边检测）"
"280_千岛湖_玩水互动_裁剪分割__CV026_S033.mp4","D:\Download\素材下载\团建视频\千岛湖智能镜头分类\05_项目活动\玩水互动\裁切废料\280_千岛湖_玩水互动_裁剪分割__CV026_S033__裁切废料.mp4","0.95","@{x=0; y=5.065; w=100; h=72.36}","裁剪完成，已输出新素材；原分镜未覆盖；保留区域 y=5.1% h=72.4%（含黑边检测）"
"281_千岛湖_玩水互动_裁剪分割__CV026_S034.mp4","D:\Download\素材下载\团建视频\千岛湖智能镜头分类\05_项目活动\玩水互动\裁切废料\281_千岛湖_玩水互动_裁剪分割__CV026_S034__裁切废料.mp4","0.74","@{x=0; y=0.0; w=100; h=78.078}","裁剪完成，已输出新素材；原分镜未覆盖；保留区域 y=0.0% h=78.1%（含黑边检测）"
"282_千岛湖_玩水互动_裁剪分割__CV026_S035.mp4","D:\Download\素材下载\团建视频\千岛湖智能镜头分类\05_项目活动\玩水互动\裁切废料\282_千岛湖_玩水互动_裁剪分割__CV026_S035__裁切废料.mp4","0.86","@{x=0; y=17.974; w=100; h=58.797}","裁剪完成，已输出新素材；原分镜未覆盖；保留区域 y=18.0% h=58.8%（含黑边检测）"
"283_千岛湖_玩水互动_裁剪分割__CV026_S036.mp4","D:\Download\素材下载\团建视频\千岛湖智能镜头分类\05_项目活动\玩水互动\裁切废料\283_千岛湖_玩水互动_裁剪分割__CV026_S036__裁切废料.mp4","0.86","@{x=0; y=17.974; w=100; h=58.961}","裁剪完成，已输出新素材；原分镜未覆盖；保留区域 y=18.0% h=59.0%（含黑边检测）"
"284_千岛湖_玩水互动_裁剪分割__CV026_S037.mp4","D:\Download\素材下载\团建视频\千岛湖智能镜头分类\05_项目活动\玩水互动\裁切废料\284_千岛湖_玩水互动_裁剪分割__CV026_S037__裁切废料.mp4","0.86","@{x=0; y=15.196; w=100; h=61.739}","裁剪完成，已输出新素材；原分镜未覆盖；保留区域 y=15.2% h=61.7%（含黑边检测）"
"285_千岛湖_玩水互动_裁剪分割__CV026_S038.mp4","D:\Download\素材下载\团建视频\千岛湖智能镜头分类\05_项目活动\玩水互动\裁切废料\285_千岛湖_玩水互动_裁剪分割__CV026_S038__裁切废料.mp4","0.86","@{x=0; y=17.974; w=100; h=59.287}","裁剪完成，已输出新素材；原分镜未覆盖；保留区域 y=18.0% h=59.3%（含黑边检测）"
"286_千岛湖_玩水互动_裁剪分割__CV026_S039.mp4","D:\Download\素材下载\团建视频\千岛湖智能镜头分类\05_项目活动\玩水互动\裁切废料\286_千岛湖_玩水互动_裁剪分割__CV026_S039__裁切废料.mp4","0.9","@{x=0; y=10.841; w=100; h=65.93}","裁剪完成，已输出新素材；原分镜未覆盖；保留区域 y=10.8% h=65.9%（含黑边检测）"
"287_千岛湖_玩水互动_裁剪分割__CV026_S040.mp4","D:\Download\素材下载\团建视频\千岛湖智能镜头分类\05_项目活动\玩水互动\裁切废料\287_千岛湖_玩水互动_裁剪分割__CV026_S040__裁切废料.mp4","0.95","@{x=0; y=5.719; w=100; h=71.216}","裁剪完成，已输出新素材；原分镜未覆盖；保留区域 y=5.7% h=71.2%（含黑边检测）"
"288_千岛湖_玩水互动_裁剪分割__CV026_S041.mp4","D:\Download\素材下载\团建视频\千岛湖智能镜头分类\05_项目活动\玩水互动\裁切废料\288_千岛湖_玩水互动_裁剪分割__CV026_S041__裁切废料.mp4","0.7","@{x=0; y=3.595; w=100; h=73.176}","裁剪完成，已输出新素材；原分镜未覆盖；保留区域 y=3.6% h=73.2%（含黑边检测）"
"289_千岛湖_玩水互动_裁剪分割__CV026_S042.mp4","D:\Download\素材下载\团建视频\千岛湖智能镜头分类\05_项目活动\玩水互动\裁切废料\289_千岛湖_玩水互动_裁剪分割__CV026_S042__裁切废料.mp4","0.95","@{x=0; y=17.974; w=100; h=58.307}","裁剪完成，已输出新素材；原分镜未覆盖；保留区域 y=18.0% h=58.3%（含黑边检测）"
"290_千岛湖_玩水互动_裁剪分割__CV026_S043.mp4","D:\Download\素材下载\团建视频\千岛湖智能镜头分类\05_项目活动\玩水互动\裁切废料\290_千岛湖_玩水互动_裁剪分割__CV026_S043__裁切废料.mp4","0.95","@{x=0; y=17.974; w=100; h=45.0}","裁剪完成，已输出新素材；原分镜未覆盖；保留区域 y=18.0% h=45.0%（含黑边检测）"
"291_千岛湖_玩水互动_裁剪分割__CV026_S044.mp4","D:\Download\素材下载\团建视频\千岛湖智能镜头分类\05_项目活动\玩水互动\裁切废料\291_千岛湖_玩水互动_裁剪分割__CV026_S044__裁切废料.mp4","0.95","@{x=0; y=17.974; w=100; h=58.307}","裁剪完成，已输出新素材；原分镜未覆盖；保留区域 y=18.0% h=58.3%（含黑边检测）"
"292_千岛湖_玩水互动_裁剪分割__CV026_S045.mp4","D:\Download\素材下载\团建视频\千岛湖智能镜头分类\05_项目活动\玩水互动\裁切废料\292_千岛湖_玩水互动_裁剪分割__CV026_S045__裁切废料.mp4","0.74","@{x=0; y=17.213; w=100; h=59.558}","裁剪完成，已输出新素材；原分镜未覆盖；保留区域 y=17.2% h=59.6%（含黑边检测）"
"293_千岛湖_玩水互动_裁剪分割__CV026_S046.mp4","D:\Download\素材下载\团建视频\千岛湖智能镜头分类\05_项目活动\玩水互动\裁切废料\293_千岛湖_玩水互动_裁剪分割__CV026_S046__裁切废料.mp4","0.86","@{x=0; y=8.007; w=100; h=53.895}","裁剪完成，已输出新素材；原分镜未覆盖；保留区域 y=8.0% h=53.9%（含黑边检测）"
"294_千岛湖_玩水互动_裁剪分割__CV026_S047.mp4","D:\Download\素材下载\团建视频\千岛湖智能镜头分类\05_项目活动\玩水互动\裁切废料\294_千岛湖_玩水互动_裁剪分割__CV026_S047__裁切废料.mp4","0.86","@{x=0; y=0.0; w=100; h=76.935}","裁剪完成，已输出新素材；原分镜未覆盖；保留区域 y=0.0% h=76.9%（含黑边检测）"
"295_千岛湖_玩水互动_裁剪分割__CV026_S048.mp4","D:\Download\素材下载\团建视频\千岛湖智能镜头分类\05_项目活动\玩水互动\裁切废料\295_千岛湖_玩水互动_裁剪分割__CV026_S048__裁切废料.mp4","0.7","@{x=0; y=11.438; w=100; h=62.719}","裁剪完成，已输出新素材；原分镜未覆盖；保留区域 y=11.4% h=62.7%（含黑边检测）"
"296_千岛湖_玩水互动_裁剪分割__CV026_S049.mp4","D:\Download\素材下载\团建视频\千岛湖智能镜头分类\05_项目活动\玩水互动\裁切废料\296_千岛湖_玩水互动_裁剪分割__CV026_S049__裁切废料.mp4","0.58","@{x=0; y=0.0; w=100; h=76.935}","裁剪完成，已输出新素材；原分镜未覆盖；保留区域 y=0.0% h=76.9%（含黑边检测）"
"297_千岛湖_玩水互动_裁剪分割__CV026_S050.mp4","D:\Download\素材下载\团建视频\千岛湖智能镜头分类\05_项目活动\玩水互动\裁切废料\297_千岛湖_玩水互动_裁剪分割__CV026_S050__裁切废料.mp4","0.7","@{x=0; y=6.373; w=100; h=70.562}","裁剪完成，已输出新素材；原分镜未覆盖；保留区域 y=6.4% h=70.6%（含黑边检测）"
"001_千岛湖_皮划艇__S_V003_S005.mp4","D:\Download\素材下载\团建视频\千岛湖智能镜头分类\05_项目活动\皮划艇\裁切废料\001_千岛湖_皮划艇__S_V003_S005__裁切废料.mp4","0.58","@{x=0; y=0.0; w=100; h=77.238}","裁剪完成，已输出新素材；原分镜未覆盖；保留区域 y=0.0% h=77.2%（含黑边检测）"
"002_千岛湖_皮划艇__S_V003_S012.mp4","D:\Download\素材下载\团建视频\千岛湖智能镜头分类\05_项目活动\皮划艇\裁切废料\002_千岛湖_皮划艇__S_V003_S012__裁切废料.mp4","0.9","@{x=0; y=0.0; w=100; h=80.264}","裁剪完成，已输出新素材；原分镜未覆盖；保留区域 y=0.0% h=80.3%（含黑边检测）"
"003_千岛湖_皮划艇__A_V011_S003.mp4","D:\Download\素材下载\团建视频\千岛湖智能镜头分类\05_项目活动\皮划艇\裁切废料\003_千岛湖_皮划艇__A_V011_S003__裁切废料.mp4","0.58","@{x=0; y=0.0; w=100; h=70.904}","裁剪完成，已输出新素材；原分镜未覆盖；保留区域 y=0.0% h=70.9%（含黑边检测）"
"165_千岛湖_皮划艇_裁剪分割__CV020_S001.mp4","D:\Download\素材下载\团建视频\千岛湖智能镜头分类\05_项目活动\皮划艇\裁切废料\165_千岛湖_皮划艇_裁剪分割__CV020_S001__裁切废料.mp4","0.7","@{x=0; y=17.883; w=100; h=46.051}","裁剪完成，已输出新素材；原分镜未覆盖；保留区域 y=17.9% h=46.1%（含黑边检测）"
"166_千岛湖_皮划艇_裁剪分割__CV020_S002.mp4","D:\Download\素材下载\团建视频\千岛湖智能镜头分类\05_项目活动\皮划艇\裁切废料\166_千岛湖_皮划艇_裁剪分割__CV020_S002__裁切废料.mp4","0.58","@{x=0; y=0.0; w=100; h=73.971}","裁剪完成，已输出新素材；原分镜未覆盖；保留区域 y=0.0% h=74.0%（含黑边检测）"
"167_千岛湖_皮划艇_裁剪分割__CV020_S003.mp4","D:\Download\素材下载\团建视频\千岛湖智能镜头分类\05_项目活动\皮划艇\裁切废料\167_千岛湖_皮划艇_裁剪分割__CV020_S003__裁切废料.mp4","0.86","@{x=0; y=17.883; w=100; h=56.088}","裁剪完成，已输出新素材；原分镜未覆盖；保留区域 y=17.9% h=56.1%（含黑边检测）"
"168_千岛湖_皮划艇_裁剪分割__CV020_S004.mp4","D:\Download\素材下载\团建视频\千岛湖智能镜头分类\05_项目活动\皮划艇\裁切废料\168_千岛湖_皮划艇_裁剪分割__CV020_S004__裁切废料.mp4","0.7","@{x=0; y=17.883; w=100; h=56.27}","裁剪完成，已输出新素材；原分镜未覆盖；保留区域 y=17.9% h=56.3%（含黑边检测）"
"169_千岛湖_皮划艇_裁剪分割__CV020_S005.mp4","D:\Download\素材下载\团建视频\千岛湖智能镜头分类\05_项目活动\皮划艇\裁切废料\169_千岛湖_皮划艇_裁剪分割__CV020_S005__裁切废料.mp4","0.86","@{x=0; y=17.883; w=100; h=52.073}","裁剪完成，已输出新素材；原分镜未覆盖；保留区域 y=17.9% h=52.1%（含黑边检测）"
"170_千岛湖_皮划艇_裁剪分割__CV020_S006.mp4","D:\Download\素材下载\团建视频\千岛湖智能镜头分类\05_项目活动\皮划艇\裁切废料\170_千岛湖_皮划艇_裁剪分割__CV020_S006__裁切废料.mp4","0.58","@{x=0; y=0.0; w=100; h=72.511}","裁剪完成，已输出新素材；原分镜未覆盖；保留区域 y=0.0% h=72.5%（含黑边检测）"
"171_千岛湖_皮划艇_裁剪分割__CV020_S007.mp4","D:\Download\素材下载\团建视频\千岛湖智能镜头分类\05_项目活动\皮划艇\裁切废料\171_千岛湖_皮划艇_裁剪分割__CV020_S007__裁切废料.mp4","0.58","@{x=0; y=0.0; w=100; h=73.971}","裁剪完成，已输出新素材；原分镜未覆盖；保留区域 y=0.0% h=74.0%（含黑边检测）"
"172_千岛湖_皮划艇_裁剪分割__CV020_S008.mp4","D:\Download\素材下载\团建视频\千岛湖智能镜头分类\05_项目活动\皮划艇\裁切废料\172_千岛湖_皮划艇_裁剪分割__CV020_S008__裁切废料.mp4","0.9","@{x=0; y=16.711; w=100; h=56.895}","裁剪完成，已输出新素材；原分镜未覆盖；保留区域 y=16.7% h=56.9%（含黑边检测）"
"173_千岛湖_皮划艇_裁剪分割__CV020_S009.mp4","D:\Download\素材下载\团建视频\千岛湖智能镜头分类\05_项目活动\皮划艇\裁切废料\173_千岛湖_皮划艇_裁剪分割__CV020_S009__裁切废料.mp4","0.58","@{x=0; y=0.0; w=100; h=69.409}","裁剪完成，已输出新素材；原分镜未覆盖；保留区域 y=0.0% h=69.4%（含黑边检测）"
"174_千岛湖_皮划艇_裁剪分割__CV020_S010.mp4","D:\Download\素材下载\团建视频\千岛湖智能镜头分类\05_项目活动\皮划艇\裁切废料\174_千岛湖_皮划艇_裁剪分割__CV020_S010__裁切废料.mp4","0.86","@{x=0; y=17.883; w=100; h=56.453}","裁剪完成，已输出新素材；原分镜未覆盖；保留区域 y=17.9% h=56.5%（含黑边检测）"
"175_千岛湖_皮划艇_裁剪分割__CV020_S011.mp4","D:\Download\素材下载\团建视频\千岛湖智能镜头分类\05_项目活动\皮划艇\裁切废料\175_千岛湖_皮划艇_裁剪分割__CV020_S011__裁切废料.mp4","0.86","@{x=0; y=7.482; w=100; h=66.854}","裁剪完成，已输出新素材；原分镜未覆盖；保留区域 y=7.5% h=66.9%（含黑边检测）"
"176_千岛湖_皮划艇_裁剪分割__CV020_S012.mp4","D:\Download\素材下载\团建视频\千岛湖智能镜头分类\05_项目活动\皮划艇\裁切废料\176_千岛湖_皮划艇_裁剪分割__CV020_S012__裁切废料.mp4","0.86","@{x=0; y=4.667; w=100; h=69.121}","裁剪完成，已输出新素材；原分镜未覆盖；保留区域 y=4.7% h=69.1%（含黑边检测）"
"177_千岛湖_皮划艇_裁剪分割__CV020_S013.mp4","D:\Download\素材下载\团建视频\千岛湖智能镜头分类\05_项目活动\皮划艇\裁切废料\177_千岛湖_皮划艇_裁剪分割__CV020_S013__裁切废料.mp4","0.7","@{x=0; y=4.927; w=100; h=68.314}","裁剪完成，已输出新素材；原分镜未覆盖；保留区域 y=4.9% h=68.3%（含黑边检测）"
"178_千岛湖_皮划艇_裁剪分割__CV020_S014.mp4","D:\Download\素材下载\团建视频\千岛湖智能镜头分类\05_项目活动\皮划艇\裁切废料\178_千岛湖_皮划艇_裁剪分割__CV020_S014__裁切废料.mp4","0.58","@{x=0; y=11.966; w=100; h=61.822}","裁剪完成，已输出新素材；原分镜未覆盖；保留区域 y=12.0% h=61.8%（含黑边检测）"
"179_千岛湖_皮划艇_裁剪分割__CV020_S015.mp4","D:\Download\素材下载\团建视频\千岛湖智能镜头分类\05_项目活动\皮划艇\裁切废料\179_千岛湖_皮划艇_裁剪分割__CV020_S015__裁切废料.mp4","0.58","@{x=0; y=0.0; w=100; h=61.927}","裁剪完成，已输出新素材；原分镜未覆盖；保留区域 y=0.0% h=61.9%（含黑边检测）"
"180_千岛湖_皮划艇_裁剪分割__CV020_S016.mp4","D:\Download\素材下载\团建视频\千岛湖智能镜头分类\05_项目活动\皮划艇\裁切废料\180_千岛湖_皮划艇_裁剪分割__CV020_S016__裁切废料.mp4","0.7","@{x=0; y=12.774; w=100; h=56.087}","裁剪完成，已输出新素材；原分镜未覆盖；保留区域 y=12.8% h=56.1%（含黑边检测）"
"181_千岛湖_皮划艇_裁剪分割__CV020_S017.mp4","D:\Download\素材下载\团建视频\千岛湖智能镜头分类\05_项目活动\皮划艇\裁切废料\181_千岛湖_皮划艇_裁剪分割__CV020_S017__裁切废料.mp4","0.58","@{x=0; y=7.952; w=100; h=53.975}","裁剪完成，已输出新素材；原分镜未覆盖；保留区域 y=8.0% h=54.0%（含黑边检测）"
"182_千岛湖_皮划艇_裁剪分割__CV020_S018.mp4","D:\Download\素材下载\团建视频\千岛湖智能镜头分类\05_项目活动\皮划艇\裁切废料\182_千岛湖_皮划艇_裁剪分割__CV020_S018__裁切废料.mp4","0.74","@{x=0; y=0.0; w=100; h=74.153}","裁剪完成，已输出新素材；原分镜未覆盖；保留区域 y=0.0% h=74.2%（含黑边检测）"
"183_千岛湖_皮划艇_裁剪分割__CV020_S019.mp4","D:\Download\素材下载\团建视频\千岛湖智能镜头分类\05_项目活动\皮划艇\裁切废料\183_千岛湖_皮划艇_裁剪分割__CV020_S019__裁切废料.mp4","0.74","@{x=0; y=0.0; w=100; h=74.153}","裁剪完成，已输出新素材；原分镜未覆盖；保留区域 y=0.0% h=74.2%（含黑边检测）"
"184_千岛湖_皮划艇_裁剪分割__CV020_S020.mp4","D:\Download\素材下载\团建视频\千岛湖智能镜头分类\05_项目活动\皮划艇\裁切废料\184_千岛湖_皮划艇_裁剪分割__CV020_S020__裁切废料.mp4","0.58","@{x=0; y=0.0; w=100; h=61.927}","裁剪完成，已输出新素材；原分镜未覆盖；保留区域 y=0.0% h=61.9%（含黑边检测）"
"185_千岛湖_皮划艇_裁剪分割__CV020_S021.mp4","D:\Download\素材下载\团建视频\千岛湖智能镜头分类\05_项目活动\皮划艇\裁切废料\185_千岛湖_皮划艇_裁剪分割__CV020_S021__裁切废料.mp4","0.58","@{x=0; y=17.988; w=100; h=45.0}","裁剪完成，已输出新素材；原分镜未覆盖；保留区域 y=18.0% h=45.0%（含黑边检测）"
"186_千岛湖_皮划艇_裁剪分割__CV020_S022.mp4","D:\Download\素材下载\团建视频\千岛湖智能镜头分类\05_项目活动\皮划艇\裁切废料\186_千岛湖_皮划艇_裁剪分割__CV020_S022__裁切废料.mp4","0.74","@{x=0; y=0.0; w=100; h=62.474}","裁剪完成，已输出新素材；原分镜未覆盖；保留区域 y=0.0% h=62.5%（含黑边检测）"
"187_千岛湖_皮划艇_裁剪分割__CV020_S023.mp4","D:\Download\素材下载\团建视频\千岛湖智能镜头分类\05_项目活动\皮划艇\裁切废料\187_千岛湖_皮划艇_裁剪分割__CV020_S023__裁切废料.mp4","0.58","@{x=0; y=0.0; w=100; h=62.474}","裁剪完成，已输出新素材；原分镜未覆盖；保留区域 y=0.0% h=62.5%（含黑边检测）"
"188_千岛湖_皮划艇_裁剪分割__CV020_S024.mp4","D:\Download\素材下载\团建视频\千岛湖智能镜头分类\05_项目活动\皮划艇\裁切废料\188_千岛湖_皮划艇_裁剪分割__CV020_S024__裁切废料.mp4","0.74","@{x=0; y=0.0; w=100; h=66.489}","裁剪完成，已输出新素材；原分镜未覆盖；保留区域 y=0.0% h=66.5%（含黑边检测）"
"189_千岛湖_皮划艇_裁剪分割__CV020_S025.mp4","D:\Download\素材下载\团建视频\千岛湖智能镜头分类\05_项目活动\皮划艇\裁切废料\189_千岛湖_皮划艇_裁剪分割__CV020_S025__裁切废料.mp4","0.58","@{x=0; y=0.0; w=100; h=74.153}","裁剪完成，已输出新素材；原分镜未覆盖；保留区域 y=0.0% h=74.2%（含黑边检测）"
"190_千岛湖_皮划艇_裁剪分割__CV020_S026.mp4","D:\Download\素材下载\团建视频\千岛湖智能镜头分类\05_项目活动\皮划艇\裁切废料\190_千岛湖_皮划艇_裁剪分割__CV020_S026__裁切废料.mp4","0.58","@{x=0; y=14.704; w=100; h=59.267}","裁剪完成，已输出新素材；原分镜未覆盖；保留区域 y=14.7% h=59.3%（含黑边检测）"
"191_千岛湖_皮划艇_裁剪分割__CV020_S027.mp4","D:\Download\素材下载\团建视频\千岛湖智能镜头分类\05_项目活动\皮划艇\裁切废料\191_千岛湖_皮划艇_裁剪分割__CV020_S027__裁切废料.mp4","0.86","@{x=0; y=17.883; w=100; h=56.088}","裁剪完成，已输出新素材；原分镜未覆盖；保留区域 y=17.9% h=56.1%（含黑边检测）"
"192_千岛湖_皮划艇_裁剪分割__CV020_S028.mp4","D:\Download\素材下载\团建视频\千岛湖智能镜头分类\05_项目活动\皮划艇\裁切废料\192_千岛湖_皮划艇_裁剪分割__CV020_S028__裁切废料.mp4","0.7","@{x=0; y=1.93; w=100; h=72.041}","裁剪完成，已输出新素材；原分镜未覆盖；保留区域 y=1.9% h=72.0%（含黑边检测）"
"193_千岛湖_皮划艇_裁剪分割__CV020_S029.mp4","D:\Download\素材下载\团建视频\千岛湖智能镜头分类\05_项目活动\皮划艇\裁切废料\193_千岛湖_皮划艇_裁剪分割__CV020_S029__裁切废料.mp4","0.95","@{x=0; y=17.883; w=100; h=56.27}","裁剪完成，已输出新素材；原分镜未覆盖；保留区域 y=17.9% h=56.3%（含黑边检测）"
"194_千岛湖_皮划艇_裁剪分割__CV020_S030.mp4","D:\Download\素材下载\团建视频\千岛湖智能镜头分类\05_项目活动\皮划艇\裁切废料\194_千岛湖_皮划艇_裁剪分割__CV020_S030__裁切废料.mp4","0.58","@{x=0; y=0.0; w=100; h=73.971}","裁剪完成，已输出新素材；原分镜未覆盖；保留区域 y=0.0% h=74.0%（含黑边检测）"
"195_千岛湖_皮划艇_裁剪分割__CV020_S031.mp4","D:\Download\素材下载\团建视频\千岛湖智能镜头分类\05_项目活动\皮划艇\裁切废料\195_千岛湖_皮划艇_裁剪分割__CV020_S031__裁切废料.mp4","0.58","@{x=0; y=0.0; w=100; h=73.971}","裁剪完成，已输出新素材；原分镜未覆盖；保留区域 y=0.0% h=74.0%（含黑边检测）"
"196_千岛湖_皮划艇_裁剪分割__CV020_S032.mp4","D:\Download\素材下载\团建视频\千岛湖智能镜头分类\05_项目活动\皮划艇\裁切废料\196_千岛湖_皮划艇_裁剪分割__CV020_S032__裁切废料.mp4","0.7","@{x=0; y=16.058; w=100; h=58.095}","裁剪完成，已输出新素材；原分镜未覆盖；保留区域 y=16.1% h=58.1%（含黑边检测）"
"197_千岛湖_皮划艇_裁剪分割__CV020_S033.mp4","D:\Download\素材下载\团建视频\千岛湖智能镜头分类\05_项目活动\皮划艇\裁切废料\197_千岛湖_皮划艇_裁剪分割__CV020_S033__裁切废料.mp4","0.86","@{x=0; y=11.314; w=100; h=62.839}","裁剪完成，已输出新素材；原分镜未覆盖；保留区域 y=11.3% h=62.8%（含黑边检测）"
"198_千岛湖_皮划艇_裁剪分割__CV020_S034.mp4","D:\Download\素材下载\团建视频\千岛湖智能镜头分类\05_项目活动\皮划艇\裁切废料\198_千岛湖_皮划艇_裁剪分割__CV020_S034__裁切废料.mp4","0.7","@{x=0; y=4.745; w=100; h=69.226}","裁剪完成，已输出新素材；原分镜未覆盖；保留区域 y=4.7% h=69.2%（含黑边检测）"
"199_千岛湖_皮划艇_裁剪分割__CV020_S035.mp4","D:\Download\素材下载\团建视频\千岛湖智能镜头分类\05_项目活动\皮划艇\裁切废料\199_千岛湖_皮划艇_裁剪分割__CV020_S035__裁切废料.mp4","0.7","@{x=0; y=11.419; w=100; h=62.552}","裁剪完成，已输出新素材；原分镜未覆盖；保留区域 y=11.4% h=62.6%（含黑边检测）"
"200_千岛湖_皮划艇_裁剪分割__CV020_S036.mp4","D:\Download\素材下载\团建视频\千岛湖智能镜头分类\05_项目活动\皮划艇\裁切废料\200_千岛湖_皮划艇_裁剪分割__CV020_S036__裁切废料.mp4","0.86","@{x=0; y=17.883; w=100; h=57.73}","裁剪完成，已输出新素材；原分镜未覆盖；保留区域 y=17.9% h=57.7%（含黑边检测）"
"201_千岛湖_皮划艇_裁剪分割__CV020_S037.mp4","D:\Download\素材下载\团建视频\千岛湖智能镜头分类\05_项目活动\皮划艇\裁切废料\201_千岛湖_皮划艇_裁剪分割__CV020_S037__裁切废料.mp4","0.86","@{x=0; y=4.015; w=100; h=70.321}","裁剪完成，已输出新素材；原分镜未覆盖；保留区域 y=4.0% h=70.3%（含黑边检测）"
"202_千岛湖_皮划艇_裁剪分割__CV020_S038.mp4","D:\Download\素材下载\团建视频\千岛湖智能镜头分类\05_项目活动\皮划艇\裁切废料\202_千岛湖_皮划艇_裁剪分割__CV020_S038__裁切废料.mp4","0.86","@{x=0; y=17.883; w=100; h=45.0}","裁剪完成，已输出新素材；原分镜未覆盖；保留区域 y=17.9% h=45.0%（含黑边检测）"
"203_千岛湖_皮划艇_裁剪分割__CV020_S039.mp4","D:\Download\素材下载\团建视频\千岛湖智能镜头分类\05_项目活动\皮划艇\裁切废料\203_千岛湖_皮划艇_裁剪分割__CV020_S039__裁切废料.mp4","0.58","@{x=0; y=0.0; w=100; h=61.927}","裁剪完成，已输出新素材；原分镜未覆盖；保留区域 y=0.0% h=61.9%（含黑边检测）"
"204_千岛湖_皮划艇_裁剪分割__CV020_S040.mp4","D:\Download\素材下载\团建视频\千岛湖智能镜头分类\05_项目活动\皮划艇\裁切废料\204_千岛湖_皮划艇_裁剪分割__CV020_S040__裁切废料.mp4","0.74","@{x=0; y=0.0; w=100; h=74.153}","裁剪完成，已输出新素材；原分镜未覆盖；保留区域 y=0.0% h=74.2%（含黑边检测）"
"205_千岛湖_皮划艇_裁剪分割__CV020_S041.mp4","D:\Download\素材下载\团建视频\千岛湖智能镜头分类\05_项目活动\皮划艇\裁切废料\205_千岛湖_皮划艇_裁剪分割__CV020_S041__裁切废料.mp4","0.86","@{x=0; y=10.766; w=100; h=63.387}","裁剪完成，已输出新素材；原分镜未覆盖；保留区域 y=10.8% h=63.4%（含黑边检测）"
"206_千岛湖_皮划艇_裁剪分割__CV020_S042.mp4","D:\Download\素材下载\团建视频\千岛湖智能镜头分类\05_项目活动\皮划艇\裁切废料\206_千岛湖_皮划艇_裁剪分割__CV020_S042__裁切废料.mp4","0.95","@{x=0; y=12.409; w=100; h=61.744}","裁剪完成，已输出新素材；原分镜未覆盖；保留区域 y=12.4% h=61.7%（含黑边检测）"
"207_千岛湖_皮划艇_裁剪分割__CV020_S043.mp4","D:\Download\素材下载\团建视频\千岛湖智能镜头分类\05_项目活动\皮划艇\裁切废料\207_千岛湖_皮划艇_裁剪分割__CV020_S043__裁切废料.mp4","0.95","@{x=0; y=6.569; w=100; h=55.358}","裁剪完成，已输出新素材；原分镜未覆盖；保留区域 y=6.6% h=55.4%（含黑边检测）"
"208_千岛湖_皮划艇_裁剪分割__CV020_S044.mp4","D:\Download\素材下载\团建视频\千岛湖智能镜头分类\05_项目活动\皮划艇\裁切废料\208_千岛湖_皮划艇_裁剪分割__CV020_S044__裁切废料.mp4","0.9","@{x=0; y=11.784; w=100; h=62.369}","裁剪完成，已输出新素材；原分镜未覆盖；保留区域 y=11.8% h=62.4%（含黑边检测）"
"209_千岛湖_皮划艇_裁剪分割__CV020_S045.mp4","D:\Download\素材下载\团建视频\千岛湖智能镜头分类\05_项目活动\皮划艇\裁切废料\209_千岛湖_皮划艇_裁剪分割__CV020_S045__裁切废料.mp4","0.58","@{x=0; y=0.0; w=100; h=67.766}","裁剪完成，已输出新素材；原分镜未覆盖；保留区域 y=0.0% h=67.8%（含黑边检测）"
"001_千岛湖_烧烤__S_V003_S022.mp4","D:\Download\素材下载\团建视频\千岛湖智能镜头分类\07_烧烤露营夜场\烧烤\裁切废料\001_千岛湖_烧烤__S_V003_S022__裁切废料.mp4","0.58","@{x=0; y=0.0; w=100; h=61.853}","裁剪完成，已输出新素材；原分镜未覆盖；保留区域 y=0.0% h=61.9%（含黑边检测）"
"002_千岛湖_烧烤__S_V003_S023.mp4","D:\Download\素材下载\团建视频\千岛湖智能镜头分类\07_烧烤露营夜场\烧烤\裁切废料\002_千岛湖_烧烤__S_V003_S023__裁切废料.mp4","0.58","@{x=0; y=0.0; w=100; h=62.454}","裁剪完成，已输出新素材；原分镜未覆盖；保留区域 y=0.0% h=62.5%（含黑边检测）"
"004_千岛湖_烧烤__S_V003_S025.mp4","D:\Download\素材下载\团建视频\千岛湖智能镜头分类\07_烧烤露营夜场\烧烤\裁切废料\004_千岛湖_烧烤__S_V003_S025__裁切废料.mp4","0.58","@{x=0; y=0.0; w=100; h=61.966}","裁剪完成，已输出新素材；原分镜未覆盖；保留区域 y=0.0% h=62.0%（含黑边检测）"
"009_千岛湖_待人工分类_裁剪分割__CV003_S003.mp4","D:\Download\素材下载\团建视频\千岛湖智能镜头分类\90_待人工分类\裁剪分割待复核\裁切废料\009_千岛湖_待人工分类_裁剪分割__CV003_S003__裁切废料.mp4","0.58","@{x=0; y=0.0; w=100; h=61.891}","裁剪完成，已输出新素材；原分镜未覆盖；保留区域 y=0.0% h=61.9%（含黑边检测）"
"010_千岛湖_待人工分类_裁剪分割__CV003_S004.mp4","D:\Download\素材下载\团建视频\千岛湖智能镜头分类\90_待人工分类\裁剪分割待复核\裁切废料\010_千岛湖_待人工分类_裁剪分割__CV003_S004__裁切废料.mp4","0.7","@{x=0; y=4.62; w=100; h=66.782}","裁剪完成，已输出新素材；原分镜未覆盖；保留区域 y=4.6% h=66.8%（含黑边检测）"
"011_千岛湖_待人工分类_裁剪分割__CV003_S005.mp4","D:\Download\素材下载\团建视频\千岛湖智能镜头分类\90_待人工分类\裁剪分割待复核\裁切废料\011_千岛湖_待人工分类_裁剪分割__CV003_S005__裁切废料.mp4","0.74","@{x=0; y=0.0; w=100; h=65.696}","裁剪完成，已输出新素材；原分镜未覆盖；保留区域 y=0.0% h=65.7%（含黑边检测）"
"012_千岛湖_待人工分类_裁剪分割__CV003_S006.mp4","D:\Download\素材下载\团建视频\千岛湖智能镜头分类\90_待人工分类\裁剪分割待复核\裁切废料\012_千岛湖_待人工分类_裁剪分割__CV003_S006__裁切废料.mp4","0.86","@{x=0; y=17.935; w=100; h=58.494}","裁剪完成，已输出新素材；原分镜未覆盖；保留区域 y=17.9% h=58.5%（含黑边检测）"
"013_千岛湖_待人工分类_裁剪分割__CV003_S007.mp4","D:\Download\素材下载\团建视频\千岛湖智能镜头分类\90_待人工分类\裁剪分割待复核\裁切废料\013_千岛湖_待人工分类_裁剪分割__CV003_S007__裁切废料.mp4","0.86","@{x=0; y=17.935; w=100; h=51.429}","裁剪完成，已输出新素材；原分镜未覆盖；保留区域 y=17.9% h=51.4%（含黑边检测）"
"014_千岛湖_待人工分类_裁剪分割__CV003_S008.mp4","D:\Download\素材下载\团建视频\千岛湖智能镜头分类\90_待人工分类\裁剪分割待复核\裁切废料\014_千岛湖_待人工分类_裁剪分割__CV003_S008__裁切废料.mp4","0.7","@{x=0; y=1.608; w=100; h=60.283}","裁剪完成，已输出新素材；原分镜未覆盖；保留区域 y=1.6% h=60.3%（含黑边检测）"
"015_千岛湖_待人工分类_裁剪分割__CV004_S001.mp4","D:\Download\素材下载\团建视频\千岛湖智能镜头分类\90_待人工分类\裁剪分割待复核\裁切废料\015_千岛湖_待人工分类_裁剪分割__CV004_S001__裁切废料.mp4","0.7","@{x=0; y=5.596; w=100; h=70.66}","裁剪完成，已输出新素材；原分镜未覆盖；保留区域 y=5.6% h=70.7%（含黑边检测）"
"016_千岛湖_待人工分类_裁剪分割__CV004_S002.mp4","D:\Download\素材下载\团建视频\千岛湖智能镜头分类\90_待人工分类\裁剪分割待复核\裁切废料\016_千岛湖_待人工分类_裁剪分割__CV004_S002__裁切废料.mp4","0.7","@{x=0; y=4.735; w=100; h=66.808}","裁剪完成，已输出新素材；原分镜未覆盖；保留区域 y=4.7% h=66.8%（含黑边检测）"
"017_千岛湖_待人工分类_裁剪分割__CV004_S003.mp4","D:\Download\素材下载\团建视频\千岛湖智能镜头分类\90_待人工分类\裁剪分割待复核\裁切废料\017_千岛湖_待人工分类_裁剪分割__CV004_S003__裁切废料.mp4","0.7","@{x=0; y=8.122; w=100; h=69.607}","裁剪完成，已输出新素材；原分镜未覆盖；保留区域 y=8.1% h=69.6%（含黑边检测）"
"018_千岛湖_待人工分类_裁剪分割__CV004_S004.mp4","D:\Download\素材下载\团建视频\千岛湖智能镜头分类\90_待人工分类\裁剪分割待复核\裁切废料\018_千岛湖_待人工分类_裁剪分割__CV004_S004__裁切废料.mp4","0.7","@{x=0; y=17.4; w=100; h=45.0}","裁剪完成，已输出新素材；原分镜未覆盖；保留区域 y=17.4% h=45.0%（含黑边检测）"
"019_千岛湖_待人工分类_裁剪分割__CV004_S005.mp4","D:\Download\素材下载\团建视频\千岛湖智能镜头分类\90_待人工分类\裁剪分割待复核\裁切废料\019_千岛湖_待人工分类_裁剪分割__CV004_S005__裁切废料.mp4","0.58","@{x=0; y=0.0; w=100; h=76.698}","裁剪完成，已输出新素材；原分镜未覆盖；保留区域 y=0.0% h=76.7%（含黑边检测）"
"020_千岛湖_待人工分类_裁剪分割__CV004_S006.mp4","D:\Download\素材下载\团建视频\千岛湖智能镜头分类\90_待人工分类\裁剪分割待复核\裁切废料\020_千岛湖_待人工分类_裁剪分割__CV004_S006__裁切废料.mp4","0.58","@{x=0; y=0.0; w=100; h=61.971}","裁剪完成，已输出新素材；原分镜未覆盖；保留区域 y=0.0% h=62.0%（含黑边检测）"
"021_千岛湖_待人工分类_裁剪分割__CV004_S007.mp4","D:\Download\素材下载\团建视频\千岛湖智能镜头分类\90_待人工分类\裁剪分割待复核\裁切废料\021_千岛湖_待人工分类_裁剪分割__CV004_S007__裁切废料.mp4","0.58","@{x=0; y=0.0; w=100; h=77.582}","裁剪完成，已输出新素材；原分镜未覆盖；保留区域 y=0.0% h=77.6%（含黑边检测）"
"022_千岛湖_待人工分类_裁剪分割__CV004_S008.mp4","D:\Download\素材下载\团建视频\千岛湖智能镜头分类\90_待人工分类\裁剪分割待复核\裁切废料\022_千岛湖_待人工分类_裁剪分割__CV004_S008__裁切废料.mp4","0.7","@{x=0; y=10.751; w=100; h=69.482}","裁剪完成，已输出新素材；原分镜未覆盖；保留区域 y=10.8% h=69.5%（含黑边检测）"
"024_千岛湖_待人工分类_裁剪分割__CV004_S010.mp4","D:\Download\素材下载\团建视频\千岛湖智能镜头分类\90_待人工分类\裁剪分割待复核\裁切废料\024_千岛湖_待人工分类_裁剪分割__CV004_S010__裁切废料.mp4","0.7","@{x=0; y=12.54; w=100; h=58.856}","裁剪完成，已输出新素材；原分镜未覆盖；保留区域 y=12.5% h=58.9%（含黑边检测）"
"025_千岛湖_待人工分类_裁剪分割__CV004_S011.mp4","D:\Download\素材下载\团建视频\千岛湖智能镜头分类\90_待人工分类\裁剪分割待复核\裁切废料\025_千岛湖_待人工分类_裁剪分割__CV004_S011__裁切废料.mp4","0.58","@{x=0; y=5.324; w=100; h=57.088}","裁剪完成，已输出新素材；原分镜未覆盖；保留区域 y=5.3% h=57.1%（含黑边检测）"
"026_千岛湖_待人工分类_裁剪分割__CV004_S012.mp4","D:\Download\素材下载\团建视频\千岛湖智能镜头分类\90_待人工分类\裁剪分割待复核\裁切废料\026_千岛湖_待人工分类_裁剪分割__CV004_S012__裁切废料.mp4","0.7","@{x=0; y=17.968; w=100; h=60.497}","裁剪完成，已输出新素材；原分镜未覆盖；保留区域 y=18.0% h=60.5%（含黑边检测）"
"027_千岛湖_待人工分类_裁剪分割__CV004_S013.mp4","D:\Download\素材下载\团建视频\千岛湖智能镜头分类\90_待人工分类\裁剪分割待复核\裁切废料\027_千岛湖_待人工分类_裁剪分割__CV004_S013__裁切废料.mp4","0.7","@{x=0; y=5.744; w=100; h=68.598}","裁剪完成，已输出新素材；原分镜未覆盖；保留区域 y=5.7% h=68.6%（含黑边检测）"
"030_千岛湖_待人工分类_裁剪分割__CV004_S016.mp4","D:\Download\素材下载\团建视频\千岛湖智能镜头分类\90_待人工分类\裁剪分割待复核\裁切废料\030_千岛湖_待人工分类_裁剪分割__CV004_S016__裁切废料.mp4","0.7","@{x=0; y=15.633; w=100; h=64.747}","裁剪完成，已输出新素材；原分镜未覆盖；保留区域 y=15.6% h=64.7%（含黑边检测）"
"031_千岛湖_待人工分类_裁剪分割__CV004_S017.mp4","D:\Download\素材下载\团建视频\千岛湖智能镜头分类\90_待人工分类\裁剪分割待复核\裁切废料\031_千岛湖_待人工分类_裁剪分割__CV004_S017__裁切废料.mp4","0.7","@{x=0; y=17.968; w=100; h=54.459}","裁剪完成，已输出新素材；原分镜未覆盖；保留区域 y=18.0% h=54.5%（含黑边检测）"
"032_千岛湖_待人工分类_裁剪分割__CV004_S018.mp4","D:\Download\素材下载\团建视频\千岛湖智能镜头分类\90_待人工分类\裁剪分割待复核\裁切废料\032_千岛湖_待人工分类_裁剪分割__CV004_S018__裁切废料.mp4","0.7","@{x=0; y=5.449; w=100; h=59.909}","裁剪完成，已输出新素材；原分镜未覆盖；保留区域 y=5.4% h=59.9%（含黑边检测）"
"033_千岛湖_待人工分类_裁剪分割__CV004_S019.mp4","D:\Download\素材下载\团建视频\千岛湖智能镜头分类\90_待人工分类\裁剪分割待复核\裁切废料\033_千岛湖_待人工分类_裁剪分割__CV004_S019__裁切废料.mp4","0.7","@{x=0; y=14.286; w=100; h=61.97}","裁剪完成，已输出新素材；原分镜未覆盖；保留区域 y=14.3% h=62.0%（含黑边检测）"
"034_千岛湖_待人工分类_裁剪分割__CV004_S020.mp4","D:\Download\素材下载\团建视频\千岛湖智能镜头分类\90_待人工分类\裁剪分割待复核\裁切废料\034_千岛湖_待人工分类_裁剪分割__CV004_S020__裁切废料.mp4","0.82","@{x=0; y=17.968; w=100; h=45.0}","裁剪完成，已输出新素材；原分镜未覆盖；保留区域 y=18.0% h=45.0%（含黑边检测）"
"035_千岛湖_待人工分类_裁剪分割__CV004_S021.mp4","D:\Download\素材下载\团建视频\千岛湖智能镜头分类\90_待人工分类\裁剪分割待复核\裁切废料\035_千岛湖_待人工分类_裁剪分割__CV004_S021__裁切废料.mp4","0.7","@{x=0; y=17.968; w=100; h=62.854}","裁剪完成，已输出新素材；原分镜未覆盖；保留区域 y=18.0% h=62.9%（含黑边检测）"
"036_千岛湖_待人工分类_裁剪分割__CV004_S022.mp4","D:\Download\素材下载\团建视频\千岛湖智能镜头分类\90_待人工分类\裁剪分割待复核\裁切废料\036_千岛湖_待人工分类_裁剪分割__CV004_S022__裁切废料.mp4","0.86","@{x=0; y=13.571; w=100; h=61.654}","裁剪完成，已输出新素材；原分镜未覆盖；保留区域 y=13.6% h=61.7%（含黑边检测）"
"038_千岛湖_待人工分类_裁剪分割__CV005_S001.mp4","D:\Download\素材下载\团建视频\千岛湖智能镜头分类\90_待人工分类\裁剪分割待复核\裁切废料\038_千岛湖_待人工分类_裁剪分割__CV005_S001__裁切废料.mp4","0.95","@{x=0; y=17.84; w=100; h=58.595}","裁剪完成，已输出新素材；原分镜未覆盖；保留区域 y=17.8% h=58.6%（含黑边检测）"
"039_千岛湖_待人工分类_裁剪分割__CV005_S002.mp4","D:\Download\素材下载\团建视频\千岛湖智能镜头分类\90_待人工分类\裁剪分割待复核\裁切废料\039_千岛湖_待人工分类_裁剪分割__CV005_S002__裁切废料.mp4","0.95","@{x=0; y=17.84; w=100; h=51.23}","裁剪完成，已输出新素材；原分镜未覆盖；保留区域 y=17.8% h=51.2%（含黑边检测）"
"052_千岛湖_待人工分类_裁剪分割__CV009_S001.mp4","D:\Download\素材下载\团建视频\千岛湖智能镜头分类\90_待人工分类\裁剪分割待复核\裁切废料\052_千岛湖_待人工分类_裁剪分割__CV009_S001__裁切废料.mp4","0.9","@{x=0; y=0.0; w=100; h=76.858}","裁剪完成，已输出新素材；原分镜未覆盖；保留区域 y=0.0% h=76.9%（含黑边检测）"
"053_千岛湖_待人工分类_裁剪分割__CV009_S002.mp4","D:\Download\素材下载\团建视频\千岛湖智能镜头分类\90_待人工分类\裁剪分割待复核\裁切废料\053_千岛湖_待人工分类_裁剪分割__CV009_S002__裁切废料.mp4","0.95","@{x=0; y=17.908; w=100; h=45.0}","裁剪完成，已输出新素材；原分镜未覆盖；保留区域 y=17.9% h=45.0%（含黑边检测）"
"054_千岛湖_待人工分类_裁剪分割__CV009_S003.mp4","D:\Download\素材下载\团建视频\千岛湖智能镜头分类\90_待人工分类\裁剪分割待复核\裁切废料\054_千岛湖_待人工分类_裁剪分割__CV009_S003__裁切废料.mp4","0.9","@{x=0; y=0.0; w=100; h=80.404}","裁剪完成，已输出新素材；原分镜未覆盖；保留区域 y=0.0% h=80.4%（含黑边检测）"
"055_千岛湖_待人工分类_裁剪分割__CV009_S004.mp4","D:\Download\素材下载\团建视频\千岛湖智能镜头分类\90_待人工分类\裁剪分割待复核\裁切废料\055_千岛湖_待人工分类_裁剪分割__CV009_S004__裁切废料.mp4","0.9","@{x=0; y=0.0; w=100; h=80.759}","裁剪完成，已输出新素材；原分镜未覆盖；保留区域 y=0.0% h=80.8%（含黑边检测）"
"056_千岛湖_待人工分类_裁剪分割__CV009_S005.mp4","D:\Download\素材下载\团建视频\千岛湖智能镜头分类\90_待人工分类\裁剪分割待复核\裁切废料\056_千岛湖_待人工分类_裁剪分割__CV009_S005__裁切废料.mp4","0.58","@{x=0; y=0.0; w=100; h=62.142}","裁剪完成，已输出新素材；原分镜未覆盖；保留区域 y=0.0% h=62.1%（含黑边检测）"
"057_千岛湖_待人工分类_裁剪分割__CV009_S006.mp4","D:\Download\素材下载\团建视频\千岛湖智能镜头分类\90_待人工分类\裁剪分割待复核\裁切废料\057_千岛湖_待人工分类_裁剪分割__CV009_S006__裁切废料.mp4","0.9","@{x=0; y=0.0; w=100; h=78.631}","裁剪完成，已输出新素材；原分镜未覆盖；保留区域 y=0.0% h=78.6%（含黑边检测）"
"058_千岛湖_待人工分类_裁剪分割__CV010_S001.mp4","D:\Download\素材下载\团建视频\千岛湖智能镜头分类\90_待人工分类\裁剪分割待复核\裁切废料\058_千岛湖_待人工分类_裁剪分割__CV010_S001__裁切废料.mp4","0.95","@{x=0; y=17.839; w=100; h=51.125}","裁剪完成，已输出新素材；原分镜未覆盖；保留区域 y=17.8% h=51.1%（含黑边检测）"
"059_千岛湖_待人工分类_裁剪分割__CV012_S001.mp4","D:\Download\素材下载\团建视频\千岛湖智能镜头分类\90_待人工分类\裁剪分割待复核\裁切废料\059_千岛湖_待人工分类_裁剪分割__CV012_S001__裁切废料.mp4","0.95","@{x=0; y=8.69; w=100; h=60.729}","裁剪完成，已输出新素材；原分镜未覆盖；保留区域 y=8.7% h=60.7%（含黑边检测）"
"060_千岛湖_待人工分类_裁剪分割__CV012_S002.mp4","D:\Download\素材下载\团建视频\千岛湖智能镜头分类\90_待人工分类\裁剪分割待复核\裁切废料\060_千岛湖_待人工分类_裁剪分割__CV012_S002__裁切废料.mp4","0.86","@{x=0; y=17.899; w=100; h=49.834}","裁剪完成，已输出新素材；原分镜未覆盖；保留区域 y=17.9% h=49.8%（含黑边检测）"
"061_千岛湖_待人工分类_裁剪分割__CV012_S003.mp4","D:\Download\素材下载\团建视频\千岛湖智能镜头分类\90_待人工分类\裁剪分割待复核\裁切废料\061_千岛湖_待人工分类_裁剪分割__CV012_S003__裁切废料.mp4","0.95","@{x=0; y=17.899; w=100; h=50.093}","裁剪完成，已输出新素材；原分镜未覆盖；保留区域 y=17.9% h=50.1%（含黑边检测）"
"062_千岛湖_待人工分类_裁剪分割__CV012_S004.mp4","D:\Download\素材下载\团建视频\千岛湖智能镜头分类\90_待人工分类\裁剪分割待复核\裁切废料\062_千岛湖_待人工分类_裁剪分割__CV012_S004__裁切废料.mp4","0.95","@{x=0; y=9.501; w=100; h=69.775}","裁剪完成，已输出新素材；原分镜未覆盖；保留区域 y=9.5% h=69.8%（含黑边检测）"
"063_千岛湖_待人工分类_裁剪分割__CV012_S005.mp4","D:\Download\素材下载\团建视频\千岛湖智能镜头分类\90_待人工分类\裁剪分割待复核\裁切废料\063_千岛湖_待人工分类_裁剪分割__CV012_S005__裁切废料.mp4","0.7","@{x=0; y=7.393; w=100; h=54.763}","裁剪完成，已输出新素材；原分镜未覆盖；保留区域 y=7.4% h=54.8%（含黑边检测）"
"064_千岛湖_待人工分类_裁剪分割__CV012_S006.mp4","D:\Download\素材下载\团建视频\千岛湖智能镜头分类\90_待人工分类\裁剪分割待复核\裁切废料\064_千岛湖_待人工分类_裁剪分割__CV012_S006__裁切废料.mp4","0.95","@{x=0; y=4.41; w=100; h=76.293}","裁剪完成，已输出新素材；原分镜未覆盖；保留区域 y=4.4% h=76.3%（含黑边检测）"
"001_安吉_大巴集合出发__S_V008_S009.mp4","D:\Download\素材下载\团建视频\安吉智能镜头分类\02_出发抵达\大巴集合出发\裁切废料\001_安吉_大巴集合出发__S_V008_S009__裁切废料.mp4","0.58","@{x=0; y=0.0; w=100; h=65.696}","裁剪完成，已输出新素材；原分镜未覆盖；保留区域 y=0.0% h=65.7%（含黑边检测）"
"003_安吉_大巴集合出发__S_V009_S001.mp4","D:\Download\素材下载\团建视频\安吉智能镜头分类\02_出发抵达\大巴集合出发\裁切废料\003_安吉_大巴集合出发__S_V009_S001__裁切废料.mp4","0.58","@{x=0; y=0.0; w=100; h=70.649}","裁剪完成，已输出新素材；原分镜未覆盖；保留区域 y=0.0% h=70.6%（含黑边检测）"
"004_安吉_山路抵达__S_V011_S005.mp4","D:\Download\素材下载\团建视频\安吉智能镜头分类\02_出发抵达\山路抵达\裁切废料\004_安吉_山路抵达__S_V011_S005__裁切废料.mp4","0.9","@{x=0; y=0.0; w=100; h=77.486}","裁剪完成，已输出新素材；原分镜未覆盖；保留区域 y=0.0% h=77.5%（含黑边检测）"
"009_安吉_菜品餐桌__S_V008_S015.mp4","D:\Download\素材下载\团建视频\安吉智能镜头分类\04_餐饮美食\菜品餐桌\裁切废料\009_安吉_菜品餐桌__S_V008_S015__裁切废料.mp4","0.7","@{x=0; y=4.927; w=100; h=57.73}","裁剪完成，已输出新素材；原分镜未覆盖；保留区域 y=4.9% h=57.7%（含黑边检测）"
"002_安吉_漂流_裁剪分割__CV008_S001.mp4","D:\Download\素材下载\团建视频\安吉智能镜头分类\05_项目活动\漂流\裁切废料\002_安吉_漂流_裁剪分割__CV008_S001__裁切废料.mp4","0.58","@{x=0; y=0.0; w=100; h=72.078}","裁剪完成，已输出新素材；原分镜未覆盖；保留区域 y=0.0% h=72.1%（含黑边检测）"
"003_安吉_漂流_裁剪分割__CV008_S002.mp4","D:\Download\素材下载\团建视频\安吉智能镜头分类\05_项目活动\漂流\裁切废料\003_安吉_漂流_裁剪分割__CV008_S002__裁切废料.mp4","0.7","@{x=0; y=17.209; w=100; h=61.535}","裁剪完成，已输出新素材；原分镜未覆盖；保留区域 y=17.2% h=61.5%（含黑边检测）"
"004_安吉_漂流_裁剪分割__CV008_S003.mp4","D:\Download\素材下载\团建视频\安吉智能镜头分类\05_项目活动\漂流\裁切废料\004_安吉_漂流_裁剪分割__CV008_S003__裁切废料.mp4","0.7","@{x=0; y=4.341; w=100; h=57.814}","裁剪完成，已输出新素材；原分镜未覆盖；保留区域 y=4.3% h=57.8%（含黑边检测）"
"005_安吉_漂流_裁剪分割__CV008_S004.mp4","D:\Download\素材下载\团建视频\安吉智能镜头分类\05_项目活动\漂流\裁切废料\005_安吉_漂流_裁剪分割__CV008_S004__裁切废料.mp4","0.74","@{x=0; y=0.0; w=100; h=72.078}","裁剪完成，已输出新素材；原分镜未覆盖；保留区域 y=0.0% h=72.1%（含黑边检测）"
"006_安吉_漂流_裁剪分割__CV008_S005.mp4","D:\Download\素材下载\团建视频\安吉智能镜头分类\05_项目活动\漂流\裁切废料\006_安吉_漂流_裁剪分割__CV008_S005__裁切废料.mp4","0.7","@{x=0; y=5.116; w=100; h=66.806}","裁剪完成，已输出新素材；原分镜未覆盖；保留区域 y=5.1% h=66.8%（含黑边检测）"
"007_安吉_漂流_裁剪分割__CV008_S006.mp4","D:\Download\素材下载\团建视频\安吉智能镜头分类\05_项目活动\漂流\裁切废料\007_安吉_漂流_裁剪分割__CV008_S006__裁切废料.mp4","0.58","@{x=0; y=0.0; w=100; h=71.922}","裁剪完成，已输出新素材；原分镜未覆盖；保留区域 y=0.0% h=71.9%（含黑边检测）"
"008_安吉_漂流_裁剪分割__CV008_S007.mp4","D:\Download\素材下载\团建视频\安吉智能镜头分类\05_项目活动\漂流\裁切废料\008_安吉_漂流_裁剪分割__CV008_S007__裁切废料.mp4","0.58","@{x=0; y=0.0; w=100; h=71.922}","裁剪完成，已输出新素材；原分镜未覆盖；保留区域 y=0.0% h=71.9%（含黑边检测）"
"009_安吉_漂流_裁剪分割__CV008_S008.mp4","D:\Download\素材下载\团建视频\安吉智能镜头分类\05_项目活动\漂流\裁切废料\009_安吉_漂流_裁剪分割__CV008_S008__裁切废料.mp4","0.86","@{x=0; y=17.984; w=100; h=50.528}","裁剪完成，已输出新素材；原分镜未覆盖；保留区域 y=18.0% h=50.5%（含黑边检测）"
"010_安吉_漂流_裁剪分割__CV008_S013.mp4","D:\Download\素材下载\团建视频\安吉智能镜头分类\05_项目活动\漂流\裁切废料\010_安吉_漂流_裁剪分割__CV008_S013__裁切废料.mp4","0.7","@{x=0; y=15.039; w=100; h=65.101}","裁剪完成，已输出新素材；原分镜未覆盖；保留区域 y=15.0% h=65.1%（含黑边检测）"
"011_安吉_漂流_裁剪分割__CV008_S015.mp4","D:\Download\素材下载\团建视频\安吉智能镜头分类\05_项目活动\漂流\裁切废料\011_安吉_漂流_裁剪分割__CV008_S015__裁切废料.mp4","0.58","@{x=0; y=0.0; w=100; h=71.922}","裁剪完成，已输出新素材；原分镜未覆盖；保留区域 y=0.0% h=71.9%（含黑边检测）"
"012_安吉_漂流_裁剪分割__CV008_S016.mp4","D:\Download\素材下载\团建视频\安吉智能镜头分类\05_项目活动\漂流\裁切废料\012_安吉_漂流_裁剪分割__CV008_S016__裁切废料.mp4","0.58","@{x=0; y=0.0; w=100; h=71.922}","裁剪完成，已输出新素材；原分镜未覆盖；保留区域 y=0.0% h=71.9%（含黑边检测）"
"013_安吉_漂流_裁剪分割__CV008_S017.mp4","D:\Download\素材下载\团建视频\安吉智能镜头分类\05_项目活动\漂流\裁切废料\013_安吉_漂流_裁剪分割__CV008_S017__裁切废料.mp4","0.7","@{x=0; y=5.736; w=100; h=56.264}","裁剪完成，已输出新素材；原分镜未覆盖；保留区域 y=5.7% h=56.3%（含黑边检测）"
"014_安吉_漂流_裁剪分割__CV008_S018.mp4","D:\Download\素材下载\团建视频\安吉智能镜头分类\05_项目活动\漂流\裁切废料\014_安吉_漂流_裁剪分割__CV008_S018__裁切废料.mp4","0.74","@{x=0; y=0.0; w=100; h=72.078}","裁剪完成，已输出新素材；原分镜未覆盖；保留区域 y=0.0% h=72.1%（含黑边检测）"
"015_安吉_漂流_裁剪分割__CV008_S019.mp4","D:\Download\素材下载\团建视频\安吉智能镜头分类\05_项目活动\漂流\裁切废料\015_安吉_漂流_裁剪分割__CV008_S019__裁切废料.mp4","0.7","@{x=0; y=17.984; w=100; h=52.698}","裁剪完成，已输出新素材；原分镜未覆盖；保留区域 y=18.0% h=52.7%（含黑边检测）"
"016_安吉_漂流_裁剪分割__CV008_S020.mp4","D:\Download\素材下载\团建视频\安吉智能镜头分类\05_项目活动\漂流\裁切废料\016_安吉_漂流_裁剪分割__CV008_S020__裁切废料.mp4","0.7","@{x=0; y=17.984; w=100; h=53.938}","裁剪完成，已输出新素材；原分镜未覆盖；保留区域 y=18.0% h=53.9%（含黑边检测）"
"017_安吉_漂流_裁剪分割__CV008_S022.mp4","D:\Download\素材下载\团建视频\安吉智能镜头分类\05_项目活动\漂流\裁切废料\017_安吉_漂流_裁剪分割__CV008_S022__裁切废料.mp4","0.74","@{x=0; y=0.0; w=100; h=70.837}","裁剪完成，已输出新素材；原分镜未覆盖；保留区域 y=0.0% h=70.8%（含黑边检测）"
"018_安吉_漂流_裁剪分割__CV008_S025.mp4","D:\Download\素材下载\团建视频\安吉智能镜头分类\05_项目活动\漂流\裁切废料\018_安吉_漂流_裁剪分割__CV008_S025__裁切废料.mp4","0.86","@{x=0; y=17.984; w=100; h=54.094}","裁剪完成，已输出新素材；原分镜未覆盖；保留区域 y=18.0% h=54.1%（含黑边检测）"
"019_安吉_漂流_裁剪分割__CV008_S027.mp4","D:\Download\素材下载\团建视频\安吉智能镜头分类\05_项目活动\漂流\裁切废料\019_安吉_漂流_裁剪分割__CV008_S027__裁切废料.mp4","0.74","@{x=0; y=0.0; w=100; h=80.915}","裁剪完成，已输出新素材；原分镜未覆盖；保留区域 y=0.0% h=80.9%（含黑边检测）"
"020_安吉_漂流_裁剪分割__CV008_S032.mp4","D:\Download\素材下载\团建视频\安吉智能镜头分类\05_项目活动\漂流\裁切废料\020_安吉_漂流_裁剪分割__CV008_S032__裁切废料.mp4","0.86","@{x=0; y=17.984; w=100; h=53.938}","裁剪完成，已输出新素材；原分镜未覆盖；保留区域 y=18.0% h=53.9%（含黑边检测）"
"021_安吉_漂流_裁剪分割__CV008_S033.mp4","D:\Download\素材下载\团建视频\安吉智能镜头分类\05_项目活动\漂流\裁切废料\021_安吉_漂流_裁剪分割__CV008_S033__裁切废料.mp4","0.86","@{x=0; y=9.612; w=100; h=53.318}","裁剪完成，已输出新素材；原分镜未覆盖；保留区域 y=9.6% h=53.3%（含黑边检测）"
"022_安吉_漂流_裁剪分割__CV008_S034.mp4","D:\Download\素材下载\团建视频\安吉智能镜头分类\05_项目活动\漂流\裁切废料\022_安吉_漂流_裁剪分割__CV008_S034__裁切废料.mp4","0.86","@{x=0; y=17.984; w=100; h=53.938}","裁剪完成，已输出新素材；原分镜未覆盖；保留区域 y=18.0% h=53.9%（含黑边检测）"
"023_安吉_漂流_裁剪分割__CV008_S036.mp4","D:\Download\素材下载\团建视频\安吉智能镜头分类\05_项目活动\漂流\裁切废料\023_安吉_漂流_裁剪分割__CV008_S036__裁切废料.mp4","0.7","@{x=0; y=17.984; w=100; h=60.76}","裁剪完成，已输出新素材；原分镜未覆盖；保留区域 y=18.0% h=60.8%（含黑边检测）"
"024_安吉_漂流_裁剪分割__CV008_S037.mp4","D:\Download\素材下载\团建视频\安吉智能镜头分类\05_项目活动\漂流\裁切废料\024_安吉_漂流_裁剪分割__CV008_S037__裁切废料.mp4","0.74","@{x=0; y=0.0; w=100; h=72.543}","裁剪完成，已输出新素材；原分镜未覆盖；保留区域 y=0.0% h=72.5%（含黑边检测）"
"025_安吉_漂流_裁剪分割__CV008_S038.mp4","D:\Download\素材下载\团建视频\安吉智能镜头分类\05_项目活动\漂流\裁切废料\025_安吉_漂流_裁剪分割__CV008_S038__裁切废料.mp4","0.86","@{x=0; y=5.891; w=100; h=66.031}","裁剪完成，已输出新素材；原分镜未覆盖；保留区域 y=5.9% h=66.0%（含黑边检测）"
"026_安吉_漂流__S_V011_S008.mp4","D:\Download\素材下载\团建视频\安吉智能镜头分类\05_项目活动\漂流\裁切废料\026_安吉_漂流__S_V011_S008__裁切废料.mp4","0.9","@{x=0; y=0.0; w=100; h=75.929}","裁剪完成，已输出新素材；原分镜未覆盖；保留区域 y=0.0% h=75.9%（含黑边检测）"
"026_安吉_漂流_裁剪分割__CV008_S040.mp4","D:\Download\素材下载\团建视频\安吉智能镜头分类\05_项目活动\漂流\裁切废料\026_安吉_漂流_裁剪分割__CV008_S040__裁切废料.mp4","0.58","@{x=0; y=0.0; w=100; h=64.636}","裁剪完成，已输出新素材；原分镜未覆盖；保留区域 y=0.0% h=64.6%（含黑边检测）"
"027_安吉_漂流_裁剪分割__CV008_S044.mp4","D:\Download\素材下载\团建视频\安吉智能镜头分类\05_项目活动\漂流\裁切废料\027_安吉_漂流_裁剪分割__CV008_S044__裁切废料.mp4","0.7","@{x=0; y=17.984; w=100; h=45.0}","裁剪完成，已输出新素材；原分镜未覆盖；保留区域 y=18.0% h=45.0%（含黑边检测）"
"029_安吉_漂流__S_V011_S022.mp4","D:\Download\素材下载\团建视频\安吉智能镜头分类\05_项目活动\漂流\裁切废料\029_安吉_漂流__S_V011_S022__裁切废料.mp4","0.9","@{x=0; y=0.0; w=100; h=78.021}","裁剪完成，已输出新素材；原分镜未覆盖；保留区域 y=0.0% h=78.0%（含黑边检测）"
"001_安吉_皮划艇__S_V009_S002.mp4","D:\Download\素材下载\团建视频\安吉智能镜头分类\05_项目活动\皮划艇\裁切废料\001_安吉_皮划艇__S_V009_S002__裁切废料.mp4","0.74","@{x=0; y=0.0; w=100; h=77.941}","裁剪完成，已输出新素材；原分镜未覆盖；保留区域 y=0.0% h=77.9%（含黑边检测）"
"017_安吉_高山游乐__S_V009_S014.mp4","D:\Download\素材下载\团建视频\安吉智能镜头分类\05_项目活动\高山游乐\裁切废料\017_安吉_高山游乐__S_V009_S014__裁切废料.mp4","0.58","@{x=0; y=0.0; w=100; h=69.067}","裁剪完成，已输出新素材；原分镜未覆盖；保留区域 y=0.0% h=69.1%（含黑边检测）"
"003_安吉_夜间团队互动__A_V008_S041.mp4","D:\Download\素材下载\团建视频\安吉智能镜头分类\06_团队互动\夜间团队互动\裁切废料\003_安吉_夜间团队互动__A_V008_S041__裁切废料.mp4","0.7","@{x=0; y=0.0; w=100; h=74.754}","裁剪完成，已输出新素材；原分镜未覆盖；保留区域 y=0.0% h=74.8%（含黑边检测）"
"005_安吉_夜间团队互动__A_V008_S043.mp4","D:\Download\素材下载\团建视频\安吉智能镜头分类\06_团队互动\夜间团队互动\裁切废料\005_安吉_夜间团队互动__A_V008_S043__裁切废料.mp4","0.7","@{x=0; y=0.0; w=100; h=65.152}","裁剪完成，已输出新素材；原分镜未覆盖；保留区域 y=0.0% h=65.2%（含黑边检测）"
"003_安吉_烧烤__S_V008_S007.mp4","D:\Download\素材下载\团建视频\安吉智能镜头分类\07_烧烤露营夜场\烧烤\裁切废料\003_安吉_烧烤__S_V008_S007__裁切废料.mp4","0.58","@{x=0; y=0.0; w=100; h=78.465}","裁剪完成，已输出新素材；原分镜未覆盖；保留区域 y=0.0% h=78.5%（含黑边检测）"
"001_安吉_水球装备特写__S_V008_S005.mp4","D:\Download\素材下载\团建视频\安吉智能镜头分类\09_细节特写\水球装备特写\裁切废料\001_安吉_水球装备特写__S_V008_S005__裁切废料.mp4","0.58","@{x=0; y=0.0; w=100; h=74.21}","裁剪完成，已输出新素材；原分镜未覆盖；保留区域 y=0.0% h=74.2%（含黑边检测）"
"005_安吉_口播讲解__S_V011_S013.mp4","D:\Download\素材下载\团建视频\安吉智能镜头分类\90_待人工分类\口播讲解\裁切废料\005_安吉_口播讲解__S_V011_S013__裁切废料.mp4","0.9","@{x=0; y=0.0; w=100; h=72.94}","裁剪完成，已输出新素材；原分镜未覆盖；保留区域 y=0.0% h=72.9%（含黑边检测）"
"008_安吉_口播讲解__S_V011_S017.mp4","D:\Download\素材下载\团建视频\安吉智能镜头分类\90_待人工分类\口播讲解\裁切废料\008_安吉_口播讲解__S_V011_S017__裁切废料.mp4","0.9","@{x=0; y=0.0; w=100; h=72.985}","裁剪完成，已输出新素材；原分镜未覆盖；保留区域 y=0.0% h=73.0%（含黑边检测）"
"001_安吉_地图截图__S_V011_S012_待人工确认.mp4","D:\Download\素材下载\团建视频\安吉智能镜头分类\90_待人工分类\地图截图\裁切废料\001_安吉_地图截图__S_V011_S012_待人工确认__裁切废料.mp4","0.9","@{x=0; y=0.0; w=100; h=77.637}","裁剪完成，已输出新素材；原分镜未覆盖；保留区域 y=0.0% h=77.6%（含黑边检测）"
"001_安吉_店铺截图__S_V011_S016.mp4","D:\Download\素材下载\团建视频\安吉智能镜头分类\90_待人工分类\店铺截图\裁切废料\001_安吉_店铺截图__S_V011_S016__裁切废料.mp4","0.9","@{x=0; y=0.0; w=100; h=77.212}","裁剪完成，已输出新素材；原分镜未覆盖；保留区域 y=0.0% h=77.2%（含黑边检测）"
"007_莫干山_竹林山景__S_V023_S036.mp4","D:\Download\素材下载\团建视频\莫干山智能镜头分类\01_环境空镜\竹林山景\裁切废料\007_莫干山_竹林山景__S_V023_S036__裁切废料.mp4","0.9","@{x=0; y=0.0; w=100; h=80.165}","裁剪完成，已输出新素材；原分镜未覆盖；保留区域 y=0.0% h=80.2%（含黑边检测）"
"010_莫干山_莫干山风景__S_V013_S020.mp4","D:\Download\素材下载\团建视频\莫干山智能镜头分类\01_环境空镜\莫干山风景\裁切废料\010_莫干山_莫干山风景__S_V013_S020__裁切废料.mp4","0.7","@{x=0; y=8.84; w=100; h=53.086}","裁剪完成，已输出新素材；原分镜未覆盖；保留区域 y=8.8% h=53.1%（含黑边检测）"
"001_莫干山_大巴集合出发__S_V005_S004.mp4","D:\Download\素材下载\团建视频\莫干山智能镜头分类\02_出发抵达\大巴集合出发\裁切废料\001_莫干山_大巴集合出发__S_V005_S004__裁切废料.mp4","0.58","@{x=0; y=0.0; w=100; h=78.071}","裁剪完成，已输出新素材；原分镜未覆盖；保留区域 y=0.0% h=78.1%（含黑边检测）"
"003_莫干山_大巴集合出发__S_V013_S006.mp4","D:\Download\素材下载\团建视频\莫干山智能镜头分类\02_出发抵达\大巴集合出发\裁切废料\003_莫干山_大巴集合出发__S_V013_S006__裁切废料.mp4","0.74","@{x=0; y=0.0; w=100; h=78.796}","裁剪完成，已输出新素材；原分镜未覆盖；保留区域 y=0.0% h=78.8%（含黑边检测）"
"225_莫干山_住宿空间_裁剪分割__CV016_S005.mp4","D:\Download\素材下载\团建视频\莫干山智能镜头分类\03_住宿空间\裁切废料\225_莫干山_住宿空间_裁剪分割__CV016_S005__裁切废料.mp4","0.58","@{x=0; y=0.0; w=100; h=61.934}","裁剪完成，已输出新素材；原分镜未覆盖；保留区域 y=0.0% h=61.9%（含黑边检测）"
"226_莫干山_住宿空间_裁剪分割__CV016_S006.mp4","D:\Download\素材下载\团建视频\莫干山智能镜头分类\03_住宿空间\裁切废料\226_莫干山_住宿空间_裁剪分割__CV016_S006__裁切废料.mp4","0.74","@{x=0; y=0.0; w=100; h=70.158}","裁剪完成，已输出新素材；原分镜未覆盖；保留区域 y=0.0% h=70.2%（含黑边检测）"
"227_莫干山_住宿空间_裁剪分割__CV016_S007.mp4","D:\Download\素材下载\团建视频\莫干山智能镜头分类\03_住宿空间\裁切废料\227_莫干山_住宿空间_裁剪分割__CV016_S007__裁切废料.mp4","0.74","@{x=0; y=0.0; w=100; h=72.296}","裁剪完成，已输出新素材；原分镜未覆盖；保留区域 y=0.0% h=72.3%（含黑边检测）"
"228_莫干山_住宿空间_裁剪分割__CV016_S008.mp4","D:\Download\素材下载\团建视频\莫干山智能镜头分类\03_住宿空间\裁切废料\228_莫干山_住宿空间_裁剪分割__CV016_S008__裁切废料.mp4","0.58","@{x=0; y=0.0; w=100; h=65.717}","裁剪完成，已输出新素材；原分镜未覆盖；保留区域 y=0.0% h=65.7%（含黑边检测）"
"229_莫干山_住宿空间_裁剪分割__CV016_S009.mp4","D:\Download\素材下载\团建视频\莫干山智能镜头分类\03_住宿空间\裁切废料\229_莫干山_住宿空间_裁剪分割__CV016_S009__裁切废料.mp4","0.86","@{x=0; y=6.908; w=100; h=55.026}","裁剪完成，已输出新素材；原分镜未覆盖；保留区域 y=6.9% h=55.0%（含黑边检测）"
"230_莫干山_住宿空间_裁剪分割__CV016_S010.mp4","D:\Download\素材下载\团建视频\莫干山智能镜头分类\03_住宿空间\裁切废料\230_莫干山_住宿空间_裁剪分割__CV016_S010__裁切废料.mp4","0.74","@{x=0; y=0.0; w=100; h=61.934}","裁剪完成，已输出新素材；原分镜未覆盖；保留区域 y=0.0% h=61.9%（含黑边检测）"
"231_莫干山_住宿空间_裁剪分割__CV016_S011.mp4","D:\Download\素材下载\团建视频\莫干山智能镜头分类\03_住宿空间\裁切废料\231_莫干山_住宿空间_裁剪分割__CV016_S011__裁切废料.mp4","0.74","@{x=0; y=0.0; w=100; h=80.026}","裁剪完成，已输出新素材；原分镜未覆盖；保留区域 y=0.0% h=80.0%（含黑边检测）"
"232_莫干山_住宿空间_裁剪分割__CV016_S012.mp4","D:\Download\素材下载\团建视频\莫干山智能镜头分类\03_住宿空间\裁切废料\232_莫干山_住宿空间_裁剪分割__CV016_S012__裁切废料.mp4","0.86","@{x=0; y=9.046; w=100; h=71.145}","裁剪完成，已输出新素材；原分镜未覆盖；保留区域 y=9.0% h=71.1%（含黑边检测）"
"233_莫干山_住宿空间_裁剪分割__CV016_S013.mp4","D:\Download\素材下载\团建视频\莫干山智能镜头分类\03_住宿空间\裁切废料\233_莫干山_住宿空间_裁剪分割__CV016_S013__裁切废料.mp4","0.7","@{x=0; y=8.882; w=100; h=65.223}","裁剪完成，已输出新素材；原分镜未覆盖；保留区域 y=8.9% h=65.2%（含黑边检测）"
"234_莫干山_住宿空间_裁剪分割__CV016_S014.mp4","D:\Download\素材下载\团建视频\莫干山智能镜头分类\03_住宿空间\裁切废料\234_莫干山_住宿空间_裁剪分割__CV016_S014__裁切废料.mp4","0.74","@{x=0; y=0.0; w=100; h=71.803}","裁剪完成，已输出新素材；原分镜未覆盖；保留区域 y=0.0% h=71.8%（含黑边检测）"
"235_莫干山_住宿空间_裁剪分割__CV016_S015.mp4","D:\Download\素材下载\团建视频\莫干山智能镜头分类\03_住宿空间\裁切废料\235_莫干山_住宿空间_裁剪分割__CV016_S015__裁切废料.mp4","0.7","@{x=0; y=17.928; w=100; h=53.875}","裁剪完成，已输出新素材；原分镜未覆盖；保留区域 y=17.9% h=53.9%（含黑边检测）"
"001_莫干山_别墅KTV棋牌室__S_V007_S010.mp4","D:\Download\素材下载\团建视频\莫干山智能镜头分类\03_住宿空间\别墅KTV棋牌室\裁切废料\001_莫干山_别墅KTV棋牌室__S_V007_S010__裁切废料.mp4","0.86","@{x=0; y=4.918; w=100; h=67.975}","裁剪完成，已输出新素材；原分镜未覆盖；保留区域 y=4.9% h=68.0%（含黑边检测）"
"001_莫干山_民宿庭院__S_V007_S019.mp4","D:\Download\素材下载\团建视频\莫干山智能镜头分类\03_住宿空间\民宿庭院\裁切废料\001_莫干山_民宿庭院__S_V007_S019__裁切废料.mp4","0.95","@{x=0; y=16.352; w=100; h=62.261}","裁剪完成，已输出新素材；原分镜未覆盖；保留区域 y=16.4% h=62.3%（含黑边检测）"
"001_莫干山_酒店民宿房间__S_V001_S025.mp4","D:\Download\素材下载\团建视频\莫干山智能镜头分类\03_住宿空间\酒店民宿房间\裁切废料\001_莫干山_酒店民宿房间__S_V001_S025__裁切废料.mp4","0.74","@{x=0; y=0.0; w=100; h=78.852}","裁剪完成，已输出新素材；原分镜未覆盖；保留区域 y=0.0% h=78.9%（含黑边检测）"
"002_莫干山_酒店民宿房间__S_V005_S009.mp4","D:\Download\素材下载\团建视频\莫干山智能镜头分类\03_住宿空间\酒店民宿房间\裁切废料\002_莫干山_酒店民宿房间__S_V005_S009__裁切废料.mp4","0.58","@{x=0; y=0.0; w=100; h=76.118}","裁剪完成，已输出新素材；原分镜未覆盖；保留区域 y=0.0% h=76.1%（含黑边检测）"
"004_莫干山_酒店民宿房间__S_V007_S004.mp4","D:\Download\素材下载\团建视频\莫干山智能镜头分类\03_住宿空间\酒店民宿房间\裁切废料\004_莫干山_酒店民宿房间__S_V007_S004__裁切废料.mp4","0.74","@{x=0; y=0.0; w=100; h=79.808}","裁剪完成，已输出新素材；原分镜未覆盖；保留区域 y=0.0% h=79.8%（含黑边检测）"
"005_莫干山_酒店民宿房间__S_V007_S015.mp4","D:\Download\素材下载\团建视频\莫干山智能镜头分类\03_住宿空间\酒店民宿房间\裁切废料\005_莫干山_酒店民宿房间__S_V007_S015__裁切废料.mp4","0.74","@{x=0; y=0.0; w=100; h=73.071}","裁剪完成，已输出新素材；原分镜未覆盖；保留区域 y=0.0% h=73.1%（含黑边检测）"
"008_莫干山_酒店民宿房间__S_V007_S020.mp4","D:\Download\素材下载\团建视频\莫干山智能镜头分类\03_住宿空间\酒店民宿房间\裁切废料\008_莫干山_酒店民宿房间__S_V007_S020__裁切废料.mp4","0.58","@{x=0; y=17.389; w=100; h=53.313}","裁剪完成，已输出新素材；原分镜未覆盖；保留区域 y=17.4% h=53.3%（含黑边检测）"
"012_莫干山_酒店民宿房间__S_V013_S025.mp4","D:\Download\素材下载\团建视频\莫干山智能镜头分类\03_住宿空间\酒店民宿房间\裁切废料\012_莫干山_酒店民宿房间__S_V013_S025__裁切废料.mp4","0.74","@{x=0; y=11.993; w=100; h=64.779}","裁剪完成，已输出新素材；原分镜未覆盖；保留区域 y=12.0% h=64.8%（含黑边检测）"
"001_莫干山_农家菜__A_V001_S010.mp4","D:\Download\素材下载\团建视频\莫干山智能镜头分类\04_餐饮美食\农家菜\裁切废料\001_莫干山_农家菜__A_V001_S010__裁切废料.mp4","0.86","@{x=0; y=17.845; w=100; h=45.0}","裁剪完成，已输出新素材；原分镜未覆盖；保留区域 y=17.8% h=45.0%（含黑边检测）"
"003_莫干山_农家菜__S_V004_S013.mp4","D:\Download\素材下载\团建视频\莫干山智能镜头分类\04_餐饮美食\农家菜\裁切废料\003_莫干山_农家菜__S_V004_S013__裁切废料.mp4","0.86","@{x=0; y=6.757; w=100; h=55.142}","裁剪完成，已输出新素材；原分镜未覆盖；保留区域 y=6.8% h=55.1%（含黑边检测）"
"004_莫干山_农家菜__S_V004_S014.mp4","D:\Download\素材下载\团建视频\莫干山智能镜头分类\04_餐饮美食\农家菜\裁切废料\004_莫干山_农家菜__S_V004_S014__裁切废料.mp4","0.7","@{x=0; y=6.475; w=100; h=55.561}","裁剪完成，已输出新素材；原分镜未覆盖；保留区域 y=6.5% h=55.6%（含黑边检测）"
"028_莫干山_农家菜__S_V021_S014.mp4","D:\Download\素材下载\团建视频\莫干山智能镜头分类\04_餐饮美食\农家菜\裁切废料\028_莫干山_农家菜__S_V021_S014__裁切废料.mp4","0.74","@{x=0; y=0.0; w=100; h=80.77}","裁剪完成，已输出新素材；原分镜未覆盖；保留区域 y=0.0% h=80.8%（含黑边检测）"
"002_莫干山_早餐__S_V013_S018.mp4","D:\Download\素材下载\团建视频\莫干山智能镜头分类\04_餐饮美食\早餐\裁切废料\002_莫干山_早餐__S_V013_S018__裁切废料.mp4","0.58","@{x=0; y=10.138; w=100; h=66.297}","裁剪完成，已输出新素材；原分镜未覆盖；保留区域 y=10.1% h=66.3%（含黑边检测）"
"002_莫干山_菜品特写__S_V005_S016.mp4","D:\Download\素材下载\团建视频\莫干山智能镜头分类\04_餐饮美食\菜品特写\裁切废料\002_莫干山_菜品特写__S_V005_S016__裁切废料.mp4","0.58","@{x=0; y=0.0; w=100; h=62.18}","裁剪完成，已输出新素材；原分镜未覆盖；保留区域 y=0.0% h=62.2%（含黑边检测）"
"006_莫干山_菜品特写__S_V005_S027.mp4","D:\Download\素材下载\团建视频\莫干山智能镜头分类\04_餐饮美食\菜品特写\裁切废料\006_莫干山_菜品特写__S_V005_S027__裁切废料.mp4","0.58","@{x=0; y=9.259; w=100; h=68.895}","裁剪完成，已输出新素材；原分镜未覆盖；保留区域 y=9.3% h=68.9%（含黑边检测）"
"009_莫干山_菜品特写__A_V016_S024.mp4","D:\Download\素材下载\团建视频\莫干山智能镜头分类\04_餐饮美食\菜品特写\裁切废料\009_莫干山_菜品特写__A_V016_S024__裁切废料.mp4","0.58","@{x=0; y=0.0; w=100; h=81.139}","裁剪完成，已输出新素材；原分镜未覆盖；保留区域 y=0.0% h=81.1%（含黑边检测）"
"008_莫干山_菜品餐桌__S_V023_S012.mp4","D:\Download\素材下载\团建视频\莫干山智能镜头分类\04_餐饮美食\菜品餐桌\裁切废料\008_莫干山_菜品餐桌__S_V023_S012__裁切废料.mp4","0.74","@{x=0; y=0.0; w=100; h=78.296}","裁剪完成，已输出新素材；原分镜未覆盖；保留区域 y=0.0% h=78.3%（含黑边检测）"
"009_莫干山_菜品餐桌__S_V023_S039.mp4","D:\Download\素材下载\团建视频\莫干山智能镜头分类\04_餐饮美食\菜品餐桌\裁切废料\009_莫干山_菜品餐桌__S_V023_S039__裁切废料.mp4","0.74","@{x=0; y=16.796; w=100; h=54.378}","裁剪完成，已输出新素材；原分镜未覆盖；保留区域 y=16.8% h=54.4%（含黑边检测）"
"001_莫干山_KTV唱歌__S_V013_S004.mp4","D:\Download\素材下载\团建视频\莫干山智能镜头分类\05_项目活动\KTV唱歌\裁切废料\001_莫干山_KTV唱歌__S_V013_S004__裁切废料.mp4","0.86","@{x=0; y=8.677; w=100; h=71.454}","裁剪完成，已输出新素材；原分镜未覆盖；保留区域 y=8.7% h=71.5%（含黑边检测）"
"001_莫干山_农事体验__S_V005_S025.mp4","D:\Download\素材下载\团建视频\莫干山智能镜头分类\05_项目活动\农事体验\裁切废料\001_莫干山_农事体验__S_V005_S025__裁切废料.mp4","0.58","@{x=0; y=0.0; w=100; h=75.357}","裁剪完成，已输出新素材；原分镜未覆盖；保留区域 y=0.0% h=75.4%（含黑边检测）"
"002_莫干山_射箭__S_V001_S018.mp4","D:\Download\素材下载\团建视频\莫干山智能镜头分类\05_项目活动\射箭\裁切废料\002_莫干山_射箭__S_V001_S018__裁切废料.mp4","0.58","@{x=0; y=0.0; w=100; h=62.1}","裁剪完成，已输出新素材；原分镜未覆盖；保留区域 y=0.0% h=62.1%（含黑边检测）"
"005_莫干山_射箭__S_V023_S018.mp4","D:\Download\素材下载\团建视频\莫干山智能镜头分类\05_项目活动\射箭\裁切废料\005_莫干山_射箭__S_V023_S018__裁切废料.mp4","0.58","@{x=0; y=0.0; w=100; h=61.889}","裁剪完成，已输出新素材；原分镜未覆盖；保留区域 y=0.0% h=61.9%（含黑边检测）"
"001_莫干山_山地越野车__S_V005_S007.mp4","D:\Download\素材下载\团建视频\莫干山智能镜头分类\05_项目活动\山地越野车\裁切废料\001_莫干山_山地越野车__S_V005_S007__裁切废料.mp4","0.58","@{x=0; y=0.0; w=100; h=80.396}","裁剪完成，已输出新素材；原分镜未覆盖；保留区域 y=0.0% h=80.4%（含黑边检测）"
"015_莫干山_山地越野车__S_V021_S003.mp4","D:\Download\素材下载\团建视频\莫干山智能镜头分类\05_项目活动\山地越野车\裁切废料\015_莫干山_山地越野车__S_V021_S003__裁切废料.mp4","0.9","@{x=0; y=0.0; w=100; h=80.007}","裁剪完成，已输出新素材；原分镜未覆盖；保留区域 y=0.0% h=80.0%（含黑边检测）"
"016_莫干山_山地越野车__S_V021_S016.mp4","D:\Download\素材下载\团建视频\莫干山智能镜头分类\05_项目活动\山地越野车\裁切废料\016_莫干山_山地越野车__S_V021_S016__裁切废料.mp4","0.58","@{x=0; y=0.0; w=100; h=73.129}","裁剪完成，已输出新素材；原分镜未覆盖；保留区域 y=0.0% h=73.1%（含黑边检测）"
"001_莫干山_彩虹滑道__S_V005_S022.mp4","D:\Download\素材下载\团建视频\莫干山智能镜头分类\05_项目活动\彩虹滑道\裁切废料\001_莫干山_彩虹滑道__S_V005_S022__裁切废料.mp4","0.58","@{x=0; y=0.0; w=100; h=74.771}","裁剪完成，已输出新素材；原分镜未覆盖；保留区域 y=0.0% h=74.8%（含黑边检测）"
"004_莫干山_彩虹滑道__S_V021_S015.mp4","D:\Download\素材下载\团建视频\莫干山智能镜头分类\05_项目活动\彩虹滑道\裁切废料\004_莫干山_彩虹滑道__S_V021_S015__裁切废料.mp4","0.95","@{x=0; y=17.864; w=100; h=63.215}","裁剪完成，已输出新素材；原分镜未覆盖；保留区域 y=17.9% h=63.2%（含黑边检测）"
"001_莫干山_桌游__S_V007_S005.mp4","D:\Download\素材下载\团建视频\莫干山智能镜头分类\05_项目活动\桌游\裁切废料\001_莫干山_桌游__S_V007_S005__裁切废料.mp4","0.74","@{x=0; y=0.0; w=100; h=79.143}","裁剪完成，已输出新素材；原分镜未覆盖；保留区域 y=0.0% h=79.1%（含黑边检测）"
"002_莫干山_桌游__S_V013_S017.mp4","D:\Download\素材下载\团建视频\莫干山智能镜头分类\05_项目活动\桌游\裁切废料\002_莫干山_桌游__S_V013_S017__裁切废料.mp4","0.7","@{x=0; y=15.663; w=100; h=56.698}","裁剪完成，已输出新素材；原分镜未覆盖；保留区域 y=15.7% h=56.7%（含黑边检测）"
"001_莫干山_水上乐园__S_V001_S038.mp4","D:\Download\素材下载\团建视频\莫干山智能镜头分类\05_项目活动\水上乐园\裁切废料\001_莫干山_水上乐园__S_V001_S038__裁切废料.mp4","0.74","@{x=0; y=0.0; w=100; h=77.906}","裁剪完成，已输出新素材；原分镜未覆盖；保留区域 y=0.0% h=77.9%（含黑边检测）"
"002_莫干山_水上乐园__S_V016_S001.mp4","D:\Download\素材下载\团建视频\莫干山智能镜头分类\05_项目活动\水上乐园\裁切废料\002_莫干山_水上乐园__S_V016_S001__裁切废料.mp4","0.74","@{x=0; y=16.382; w=100; h=55.717}","裁剪完成，已输出新素材；原分镜未覆盖；保留区域 y=16.4% h=55.7%（含黑边检测）"
"003_莫干山_水上乐园__A_V016_S050.mp4","D:\Download\素材下载\团建视频\莫干山智能镜头分类\05_项目活动\水上乐园\裁切废料\003_莫干山_水上乐园__A_V016_S050__裁切废料.mp4","0.58","@{x=0; y=0.0; w=100; h=77.253}","裁剪完成，已输出新素材；原分镜未覆盖；保留区域 y=0.0% h=77.3%（含黑边检测）"
"006_莫干山_水上乐园__S_V021_S032.mp4","D:\Download\素材下载\团建视频\莫干山智能镜头分类\05_项目活动\水上乐园\裁切废料\006_莫干山_水上乐园__S_V021_S032__裁切废料.mp4","0.86","@{x=0; y=17.857; w=100; h=59.5}","裁剪完成，已输出新素材；原分镜未覆盖；保留区域 y=17.9% h=59.5%（含黑边检测）"
"001_莫干山_水上拓展__S_V001_S036.mp4","D:\Download\素材下载\团建视频\莫干山智能镜头分类\05_项目活动\水上拓展\裁切废料\001_莫干山_水上拓展__S_V001_S036__裁切废料.mp4","0.58","@{x=0; y=0.0; w=100; h=63.703}","裁剪完成，已输出新素材；原分镜未覆盖；保留区域 y=0.0% h=63.7%（含黑边检测）"
"002_莫干山_水上拓展__S_V016_S007.mp4","D:\Download\素材下载\团建视频\莫干山智能镜头分类\05_项目活动\水上拓展\裁切废料\002_莫干山_水上拓展__S_V016_S007__裁切废料.mp4","0.74","@{x=0; y=0.0; w=100; h=71.382}","裁剪完成，已输出新素材；原分镜未覆盖；保留区域 y=0.0% h=71.4%（含黑边检测）"
"003_莫干山_水上拓展__S_V016_S028.mp4","D:\Download\素材下载\团建视频\莫干山智能镜头分类\05_项目活动\水上拓展\裁切废料\003_莫干山_水上拓展__S_V016_S028__裁切废料.mp4","0.58","@{x=0; y=0.0; w=100; h=63.458}","裁剪完成，已输出新素材；原分镜未覆盖；保留区域 y=0.0% h=63.5%（含黑边检测）"
"004_莫干山_水上拓展__S_V016_S029.mp4","D:\Download\素材下载\团建视频\莫干山智能镜头分类\05_项目活动\水上拓展\裁切废料\004_莫干山_水上拓展__S_V016_S029__裁切废料.mp4","0.86","@{x=0; y=17.94; w=100; h=53.927}","裁剪完成，已输出新素材；原分镜未覆盖；保留区域 y=17.9% h=53.9%（含黑边检测）"
"005_莫干山_水上拓展__S_V016_S030.mp4","D:\Download\素材下载\团建视频\莫干山智能镜头分类\05_项目活动\水上拓展\裁切废料\005_莫干山_水上拓展__S_V016_S030__裁切废料.mp4","0.74","@{x=0; y=0.0; w=100; h=70.924}","裁剪完成，已输出新素材；原分镜未覆盖；保留区域 y=0.0% h=70.9%（含黑边检测）"
"002_莫干山_溯溪玩水__S_V005_S047.mp4","D:\Download\素材下载\团建视频\莫干山智能镜头分类\05_项目活动\溯溪玩水\裁切废料\002_莫干山_溯溪玩水__S_V005_S047__裁切废料.mp4","0.58","@{x=0; y=0.0; w=100; h=73.513}","裁剪完成，已输出新素材；原分镜未覆盖；保留区域 y=0.0% h=73.5%（含黑边检测）"
"003_莫干山_溯溪玩水__S_V005_S048.mp4","D:\Download\素材下载\团建视频\莫干山智能镜头分类\05_项目活动\溯溪玩水\裁切废料\003_莫干山_溯溪玩水__S_V005_S048__裁切废料.mp4","0.58","@{x=0; y=0.0; w=100; h=72.701}","裁剪完成，已输出新素材；原分镜未覆盖；保留区域 y=0.0% h=72.7%（含黑边检测）"
"004_莫干山_溯溪玩水__S_V005_S049.mp4","D:\Download\素材下载\团建视频\莫干山智能镜头分类\05_项目活动\溯溪玩水\裁切废料\004_莫干山_溯溪玩水__S_V005_S049__裁切废料.mp4","0.7","@{x=0; y=2.671; w=100; h=68.811}","裁剪完成，已输出新素材；原分镜未覆盖；保留区域 y=2.7% h=68.8%（含黑边检测）"
"005_莫干山_溯溪玩水__S_V005_S050.mp4","D:\Download\素材下载\团建视频\莫干山智能镜头分类\05_项目活动\溯溪玩水\裁切废料\005_莫干山_溯溪玩水__S_V005_S050__裁切废料.mp4","0.7","@{x=0; y=4.0; w=100; h=69.652}","裁剪完成，已输出新素材；原分镜未覆盖；保留区域 y=4.0% h=69.7%（含黑边检测）"
"006_莫干山_溯溪玩水__S_V006_S023.mp4","D:\Download\素材下载\团建视频\莫干山智能镜头分类\05_项目活动\溯溪玩水\裁切废料\006_莫干山_溯溪玩水__S_V006_S023__裁切废料.mp4","0.7","@{x=0; y=0.0; w=100; h=65.755}","裁剪完成，已输出新素材；原分镜未覆盖；保留区域 y=0.0% h=65.8%（含黑边检测）"
"008_莫干山_溯溪玩水__S_V023_S003.mp4","D:\Download\素材下载\团建视频\莫干山智能镜头分类\05_项目活动\溯溪玩水\裁切废料\008_莫干山_溯溪玩水__S_V023_S003__裁切废料.mp4","0.58","@{x=0; y=0.0; w=100; h=75.274}","裁剪完成，已输出新素材；原分镜未覆盖；保留区域 y=0.0% h=75.3%（含黑边检测）"
"009_莫干山_溯溪玩水__S_V023_S033.mp4","D:\Download\素材下载\团建视频\莫干山智能镜头分类\05_项目活动\溯溪玩水\裁切废料\009_莫干山_溯溪玩水__S_V023_S033__裁切废料.mp4","0.95","@{x=0; y=6.636; w=100; h=74.592}","裁剪完成，已输出新素材；原分镜未覆盖；保留区域 y=6.6% h=74.6%（含黑边检测）"
"010_莫干山_溯溪玩水__S_V023_S034.mp4","D:\Download\素材下载\团建视频\莫干山智能镜头分类\05_项目活动\溯溪玩水\裁切废料\010_莫干山_溯溪玩水__S_V023_S034__裁切废料.mp4","0.86","@{x=0; y=14.362; w=100; h=59.127}","裁剪完成，已输出新素材；原分镜未覆盖；保留区域 y=14.4% h=59.1%（含黑边检测）"
"011_莫干山_溯溪玩水__S_V023_S035.mp4","D:\Download\素材下载\团建视频\莫干山智能镜头分类\05_项目活动\溯溪玩水\裁切废料\011_莫干山_溯溪玩水__S_V023_S035__裁切废料.mp4","0.74","@{x=0; y=0.0; w=100; h=71.649}","裁剪完成，已输出新素材；原分镜未覆盖；保留区域 y=0.0% h=71.6%（含黑边检测）"
"001_莫干山_漂流__S_V001_S028.mp4","D:\Download\素材下载\团建视频\莫干山智能镜头分类\05_项目活动\漂流\裁切废料\001_莫干山_漂流__S_V001_S028__裁切废料.mp4","0.7","@{x=0; y=4.064; w=100; h=71.752}","裁剪完成，已输出新素材；原分镜未覆盖；保留区域 y=4.1% h=71.8%（含黑边检测）"
"002_莫干山_漂流__S_V001_S029.mp4","D:\Download\素材下载\团建视频\莫干山智能镜头分类\05_项目活动\漂流\裁切废料\002_莫干山_漂流__S_V001_S029__裁切废料.mp4","0.7","@{x=0; y=6.186; w=100; h=69.285}","裁剪完成，已输出新素材；原分镜未覆盖；保留区域 y=6.2% h=69.3%（含黑边检测）"
"003_莫干山_漂流__S_V001_S030.mp4","D:\Download\素材下载\团建视频\莫干山智能镜头分类\05_项目活动\漂流\裁切废料\003_莫干山_漂流__S_V001_S030__裁切废料.mp4","0.58","@{x=0; y=0.0; w=100; h=61.937}","裁剪完成，已输出新素材；原分镜未覆盖；保留区域 y=0.0% h=61.9%（含黑边检测）"
"004_莫干山_漂流__S_V001_S031.mp4","D:\Download\素材下载\团建视频\莫干山智能镜头分类\05_项目活动\漂流\裁切废料\004_莫干山_漂流__S_V001_S031__裁切废料.mp4","0.7","@{x=0; y=2.992; w=100; h=77.433}","裁剪完成，已输出新素材；原分镜未覆盖；保留区域 y=3.0% h=77.4%（含黑边检测）"
"005_莫干山_漂流__S_V001_S032.mp4","D:\Download\素材下载\团建视频\莫干山智能镜头分类\05_项目活动\漂流\裁切废料\005_莫干山_漂流__S_V001_S032__裁切废料.mp4","0.58","@{x=0; y=0.0; w=100; h=62.0}","裁剪完成，已输出新素材；原分镜未覆盖；保留区域 y=0.0% h=62.0%（含黑边检测）"
"006_莫干山_漂流__S_V001_S033.mp4","D:\Download\素材下载\团建视频\莫干山智能镜头分类\05_项目活动\漂流\裁切废料\006_莫干山_漂流__S_V001_S033__裁切废料.mp4","0.86","@{x=0; y=17.963; w=100; h=59.778}","裁剪完成，已输出新素材；原分镜未覆盖；保留区域 y=18.0% h=59.8%（含黑边检测）"
"008_莫干山_漂流__S_V005_S001.mp4","D:\Download\素材下载\团建视频\莫干山智能镜头分类\05_项目活动\漂流\裁切废料\008_莫干山_漂流__S_V005_S001__裁切废料.mp4","0.58","@{x=0; y=0.0; w=100; h=80.795}","裁剪完成，已输出新素材；原分镜未覆盖；保留区域 y=0.0% h=80.8%（含黑边检测）"
"010_莫干山_漂流__S_V005_S003.mp4","D:\Download\素材下载\团建视频\莫干山智能镜头分类\05_项目活动\漂流\裁切废料\010_莫干山_漂流__S_V005_S003__裁切废料.mp4","0.7","@{x=0; y=17.949; w=100; h=53.111}","裁剪完成，已输出新素材；原分镜未覆盖；保留区域 y=17.9% h=53.1%（含黑边检测）"
"012_莫干山_漂流__S_V005_S039.mp4","D:\Download\素材下载\团建视频\莫干山智能镜头分类\05_项目活动\漂流\裁切废料\012_莫干山_漂流__S_V005_S039__裁切废料.mp4","0.7","@{x=0; y=17.89; w=100; h=45.0}","裁剪完成，已输出新素材；原分镜未覆盖；保留区域 y=17.9% h=45.0%（含黑边检测）"
"013_莫干山_漂流__S_V005_S040.mp4","D:\Download\素材下载\团建视频\莫干山智能镜头分类\05_项目活动\漂流\裁切废料\013_莫干山_漂流__S_V005_S040__裁切废料.mp4","0.58","@{x=0; y=0.0; w=100; h=61.969}","裁剪完成，已输出新素材；原分镜未覆盖；保留区域 y=0.0% h=62.0%（含黑边检测）"
"014_莫干山_漂流__S_V005_S041.mp4","D:\Download\素材下载\团建视频\莫干山智能镜头分类\05_项目活动\漂流\裁切废料\014_莫干山_漂流__S_V005_S041__裁切废料.mp4","0.58","@{x=0; y=0.0; w=100; h=73.616}","裁剪完成，已输出新素材；原分镜未覆盖；保留区域 y=0.0% h=73.6%（含黑边检测）"
"015_莫干山_漂流__S_V005_S042.mp4","D:\Download\素材下载\团建视频\莫干山智能镜头分类\05_项目活动\漂流\裁切废料\015_莫干山_漂流__S_V005_S042__裁切废料.mp4","0.7","@{x=0; y=17.857; w=100; h=51.048}","裁剪完成，已输出新素材；原分镜未覆盖；保留区域 y=17.9% h=51.0%（含黑边检测）"
"021_莫干山_漂流__S_V016_S003.mp4","D:\Download\素材下载\团建视频\莫干山智能镜头分类\05_项目活动\漂流\裁切废料\021_莫干山_漂流__S_V016_S003__裁切废料.mp4","0.58","@{x=0; y=0.0; w=100; h=80.536}","裁剪完成，已输出新素材；原分镜未覆盖；保留区域 y=0.0% h=80.5%（含黑边检测）"
"023_莫干山_漂流__S_V016_S010.mp4","D:\Download\素材下载\团建视频\莫干山智能镜头分类\05_项目活动\漂流\裁切废料\023_莫干山_漂流__S_V016_S010__裁切废料.mp4","0.86","@{x=0; y=2.397; w=100; h=72.069}","裁剪完成，已输出新素材；原分镜未覆盖；保留区域 y=2.4% h=72.1%（含黑边检测）"
"024_莫干山_漂流__S_V016_S049.mp4","D:\Download\素材下载\团建视频\莫干山智能镜头分类\05_项目活动\漂流\裁切废料\024_莫干山_漂流__S_V016_S049__裁切废料.mp4","0.9","@{x=0; y=0.0; w=100; h=79.838}","裁剪完成，已输出新素材；原分镜未覆盖；保留区域 y=0.0% h=79.8%（含黑边检测）"
"029_莫干山_漂流__S_V021_S035.mp4","D:\Download\素材下载\团建视频\莫干山智能镜头分类\05_项目活动\漂流\裁切废料\029_莫干山_漂流__S_V021_S035__裁切废料.mp4","0.7","@{x=0; y=11.849; w=100; h=63.867}","裁剪完成，已输出新素材；原分镜未覆盖；保留区域 y=11.8% h=63.9%（含黑边检测）"
"075_莫干山_漂流_裁剪分割__CV006_S001.mp4","D:\Download\素材下载\团建视频\莫干山智能镜头分类\05_项目活动\漂流\裁切废料\075_莫干山_漂流_裁剪分割__CV006_S001__裁切废料.mp4","0.7","@{x=0; y=5.216; w=100; h=71.121}","裁剪完成，已输出新素材；原分镜未覆盖；保留区域 y=5.2% h=71.1%（含黑边检测）"
"076_莫干山_漂流_裁剪分割__CV006_S002.mp4","D:\Download\素材下载\团建视频\莫干山智能镜头分类\05_项目活动\漂流\裁切废料\076_莫干山_漂流_裁剪分割__CV006_S002__裁切废料.mp4","0.7","@{x=0; y=17.437; w=100; h=45.487}","裁剪完成，已输出新素材；原分镜未覆盖；保留区域 y=17.4% h=45.5%（含黑边检测）"
"077_莫干山_漂流_裁剪分割__CV006_S003.mp4","D:\Download\素材下载\团建视频\莫干山智能镜头分类\05_项目活动\漂流\裁切废料\077_莫干山_漂流_裁剪分割__CV006_S003__裁切废料.mp4","0.7","@{x=0; y=17.884; w=100; h=55.323}","裁剪完成，已输出新素材；原分镜未覆盖；保留区域 y=17.9% h=55.3%（含黑边检测）"
"078_莫干山_漂流_裁剪分割__CV006_S004.mp4","D:\Download\素材下载\团建视频\莫干山智能镜头分类\05_项目活动\漂流\裁切废料\078_莫干山_漂流_裁剪分割__CV006_S004__裁切废料.mp4","0.58","@{x=0; y=0.0; w=100; h=62.775}","裁剪完成，已输出新素材；原分镜未覆盖；保留区域 y=0.0% h=62.8%（含黑边检测）"
"079_莫干山_漂流_裁剪分割__CV006_S005.mp4","D:\Download\素材下载\团建视频\莫干山智能镜头分类\05_项目活动\漂流\裁切废料\079_莫干山_漂流_裁剪分割__CV006_S005__裁切废料.mp4","0.86","@{x=0; y=14.762; w=100; h=62.32}","裁剪完成，已输出新素材；原分镜未覆盖；保留区域 y=14.8% h=62.3%（含黑边检测）"
"080_莫干山_漂流_裁剪分割__CV006_S006.mp4","D:\Download\素材下载\团建视频\莫干山智能镜头分类\05_项目活动\漂流\裁切废料\080_莫干山_漂流_裁剪分割__CV006_S006__裁切废料.mp4","0.74","@{x=0; y=4.479; w=100; h=65.151}","裁剪完成，已输出新素材；原分镜未覆盖；保留区域 y=4.5% h=65.2%（含黑边检测）"
"081_莫干山_漂流_裁剪分割__CV006_S007.mp4","D:\Download\素材下载\团建视频\莫干山智能镜头分类\05_项目活动\漂流\裁切废料\081_莫干山_漂流_裁剪分割__CV006_S007__裁切废料.mp4","0.7","@{x=0; y=17.884; w=100; h=52.193}","裁剪完成，已输出新素材；原分镜未覆盖；保留区域 y=17.9% h=52.2%（含黑边检测）"
"082_莫干山_漂流_裁剪分割__CV006_S008.mp4","D:\Download\素材下载\团建视频\莫干山智能镜头分类\05_项目活动\漂流\裁切废料\082_莫干山_漂流_裁剪分割__CV006_S008__裁切废料.mp4","0.86","@{x=0; y=14.903; w=100; h=46.978}","裁剪完成，已输出新素材；原分镜未覆盖；保留区域 y=14.9% h=47.0%（含黑边检测）"
"083_莫干山_漂流_裁剪分割__CV006_S009.mp4","D:\Download\素材下载\团建视频\莫干山智能镜头分类\05_项目活动\漂流\裁切废料\083_莫干山_漂流_裁剪分割__CV006_S009__裁切废料.mp4","0.58","@{x=0; y=0.0; w=100; h=70.077}","裁剪完成，已输出新素材；原分镜未覆盖；保留区域 y=0.0% h=70.1%（含黑边检测）"
"084_莫干山_漂流_裁剪分割__CV006_S010.mp4","D:\Download\素材下载\团建视频\莫干山智能镜头分类\05_项目活动\漂流\裁切废料\084_莫干山_漂流_裁剪分割__CV006_S010__裁切废料.mp4","0.7","@{x=0; y=17.884; w=100; h=60.688}","裁剪完成，已输出新素材；原分镜未覆盖；保留区域 y=17.9% h=60.7%（含黑边检测）"
"085_莫干山_漂流_裁剪分割__CV006_S011.mp4","D:\Download\素材下载\团建视频\莫干山智能镜头分类\05_项目活动\漂流\裁切废料\085_莫干山_漂流_裁剪分割__CV006_S011__裁切废料.mp4","0.7","@{x=0; y=7.601; w=100; h=61.135}","裁剪完成，已输出新素材；原分镜未覆盖；保留区域 y=7.6% h=61.1%（含黑边检测）"
"086_莫干山_漂流_裁剪分割__CV006_S012.mp4","D:\Download\素材下载\团建视频\莫干山智能镜头分类\05_项目活动\漂流\裁切废料\086_莫干山_漂流_裁剪分割__CV006_S012__裁切废料.mp4","0.86","@{x=0; y=17.884; w=100; h=53.684}","裁剪完成，已输出新素材；原分镜未覆盖；保留区域 y=17.9% h=53.7%（含黑边检测）"
"087_莫干山_漂流_裁剪分割__CV006_S013.mp4","D:\Download\素材下载\团建视频\莫干山智能镜头分类\05_项目活动\漂流\裁切废料\087_莫干山_漂流_裁剪分割__CV006_S013__裁切废料.mp4","0.95","@{x=0; y=17.892; w=100; h=59.637}","裁剪完成，已输出新素材；原分镜未覆盖；保留区域 y=17.9% h=59.6%（含黑边检测）"
"088_莫干山_漂流_裁剪分割__CV006_S014.mp4","D:\Download\素材下载\团建视频\莫干山智能镜头分类\05_项目活动\漂流\裁切废料\088_莫干山_漂流_裁剪分割__CV006_S014__裁切废料.mp4","0.7","@{x=0; y=8.346; w=100; h=53.982}","裁剪完成，已输出新素材；原分镜未覆盖；保留区域 y=8.3% h=54.0%（含黑边检测）"
"089_莫干山_漂流_裁剪分割__CV006_S015.mp4","D:\Download\素材下载\团建视频\莫干山智能镜头分类\05_项目活动\漂流\裁切废料\089_莫干山_漂流_裁剪分割__CV006_S015__裁切废料.mp4","0.7","@{x=0; y=3.726; w=100; h=73.505}","裁剪完成，已输出新素材；原分镜未覆盖；保留区域 y=3.7% h=73.5%（含黑边检测）"
"090_莫干山_漂流_裁剪分割__CV006_S016.mp4","D:\Download\素材下载\团建视频\莫干山智能镜头分类\05_项目活动\漂流\裁切废料\090_莫干山_漂流_裁剪分割__CV006_S016__裁切废料.mp4","0.7","@{x=0; y=4.918; w=100; h=57.112}","裁剪完成，已输出新素材；原分镜未覆盖；保留区域 y=4.9% h=57.1%（含黑边检测）"
"091_莫干山_漂流_裁剪分割__CV006_S017.mp4","D:\Download\素材下载\团建视频\莫干山智能镜头分类\05_项目活动\漂流\裁切废料\091_莫干山_漂流_裁剪分割__CV006_S017__裁切废料.mp4","0.7","@{x=0; y=7.75; w=100; h=54.131}","裁剪完成，已输出新素材；原分镜未覆盖；保留区域 y=7.8% h=54.1%（含黑边检测）"
"092_莫干山_漂流_裁剪分割__CV006_S018.mp4","D:\Download\素材下载\团建视频\莫干山智能镜头分类\05_项目活动\漂流\裁切废料\092_莫干山_漂流_裁剪分割__CV006_S018__裁切废料.mp4","0.7","@{x=0; y=17.884; w=100; h=59.943}","裁剪完成，已输出新素材；原分镜未覆盖；保留区域 y=17.9% h=59.9%（含黑边检测）"
"093_莫干山_漂流_裁剪分割__CV006_S019.mp4","D:\Download\素材下载\团建视频\莫干山智能镜头分类\05_项目活动\漂流\裁切废料\093_莫干山_漂流_裁剪分割__CV006_S019__裁切废料.mp4","0.86","@{x=0; y=18.0; w=100; h=58.784}","裁剪完成，已输出新素材；原分镜未覆盖；保留区域 y=18.0% h=58.8%（含黑边检测）"
"094_莫干山_漂流_裁剪分割__CV006_S020.mp4","D:\Download\素材下载\团建视频\莫干山智能镜头分类\05_项目活动\漂流\裁切废料\094_莫干山_漂流_裁剪分割__CV006_S020__裁切废料.mp4","0.95","@{x=0; y=15.954; w=100; h=62.022}","裁剪完成，已输出新素材；原分镜未覆盖；保留区域 y=16.0% h=62.0%（含黑边检测）"
"095_莫干山_漂流_裁剪分割__CV006_S021.mp4","D:\Download\素材下载\团建视频\莫干山智能镜头分类\05_项目活动\漂流\裁切废料\095_莫干山_漂流_裁剪分割__CV006_S021__裁切废料.mp4","0.86","@{x=0; y=17.884; w=100; h=45.0}","裁剪完成，已输出新素材；原分镜未覆盖；保留区域 y=17.9% h=45.0%（含黑边检测）"
"096_莫干山_漂流_裁剪分割__CV006_S022.mp4","D:\Download\素材下载\团建视频\莫干山智能镜头分类\05_项目活动\漂流\裁切废料\096_莫干山_漂流_裁剪分割__CV006_S022__裁切废料.mp4","0.7","@{x=0; y=3.428; w=100; h=58.453}","裁剪完成，已输出新素材；原分镜未覆盖；保留区域 y=3.4% h=58.5%（含黑边检测）"
"097_莫干山_漂流_裁剪分割__CV006_S023.mp4","D:\Download\素材下载\团建视频\莫干山智能镜头分类\05_项目活动\漂流\裁切废料\097_莫干山_漂流_裁剪分割__CV006_S023__裁切废料.mp4","0.7","@{x=0; y=17.884; w=100; h=60.092}","裁剪完成，已输出新素材；原分镜未覆盖；保留区域 y=17.9% h=60.1%（含黑边检测）"
"098_莫干山_漂流_裁剪分割__CV006_S024.mp4","D:\Download\素材下载\团建视频\莫干山智能镜头分类\05_项目活动\漂流\裁切废料\098_莫干山_漂流_裁剪分割__CV006_S024__裁切废料.mp4","0.58","@{x=0; y=0.0; w=100; h=73.654}","裁剪完成，已输出新素材；原分镜未覆盖；保留区域 y=0.0% h=73.7%（含黑边检测）"
"099_莫干山_漂流_裁剪分割__CV006_S025.mp4","D:\Download\素材下载\团建视频\莫干山智能镜头分类\05_项目活动\漂流\裁切废料\099_莫干山_漂流_裁剪分割__CV006_S025__裁切废料.mp4","0.58","@{x=0; y=0.0; w=100; h=62.775}","裁剪完成，已输出新素材；原分镜未覆盖；保留区域 y=0.0% h=62.8%（含黑边检测）"
"100_莫干山_漂流_裁剪分割__CV006_S026.mp4","D:\Download\素材下载\团建视频\莫干山智能镜头分类\05_项目活动\漂流\裁切废料\100_莫干山_漂流_裁剪分割__CV006_S026__裁切废料.mp4","0.86","@{x=0; y=17.884; w=100; h=45.0}","裁剪完成，已输出新素材；原分镜未覆盖；保留区域 y=17.9% h=45.0%（含黑边检测）"
"101_莫干山_漂流_裁剪分割__CV006_S027.mp4","D:\Download\素材下载\团建视频\莫干山智能镜头分类\05_项目活动\漂流\裁切废料\101_莫干山_漂流_裁剪分割__CV006_S027__裁切废料.mp4","0.58","@{x=0; y=4.181; w=100; h=57.849}","裁剪完成，已输出新素材；原分镜未覆盖；保留区域 y=4.2% h=57.8%（含黑边检测）"
"102_莫干山_漂流_裁剪分割__CV006_S028.mp4","D:\Download\素材下载\团建视频\莫干山智能镜头分类\05_项目活动\漂流\裁切废料\102_莫干山_漂流_裁剪分割__CV006_S028__裁切废料.mp4","0.7","@{x=0; y=17.884; w=100; h=45.0}","裁剪完成，已输出新素材；原分镜未覆盖；保留区域 y=17.9% h=45.0%（含黑边检测）"
"103_莫干山_漂流_裁剪分割__CV006_S029.mp4","D:\Download\素材下载\团建视频\莫干山智能镜头分类\05_项目活动\漂流\裁切废料\103_莫干山_漂流_裁剪分割__CV006_S029__裁切废料.mp4","0.86","@{x=0; y=17.884; w=100; h=61.881}","裁剪完成，已输出新素材；原分镜未覆盖；保留区域 y=17.9% h=61.9%（含黑边检测）"
"104_莫干山_漂流_裁剪分割__CV006_S030.mp4","D:\Download\素材下载\团建视频\莫干山智能镜头分类\05_项目活动\漂流\裁切废料\104_莫干山_漂流_裁剪分割__CV006_S030__裁切废料.mp4","0.7","@{x=0; y=17.884; w=100; h=45.0}","裁剪完成，已输出新素材；原分镜未覆盖；保留区域 y=17.9% h=45.0%（含黑边检测）"
"105_莫干山_漂流_裁剪分割__CV006_S031.mp4","D:\Download\素材下载\团建视频\莫干山智能镜头分类\05_项目活动\漂流\裁切废料\105_莫干山_漂流_裁剪分割__CV006_S031__裁切废料.mp4","0.58","@{x=0; y=17.146; w=100; h=45.778}","裁剪完成，已输出新素材；原分镜未覆盖；保留区域 y=17.1% h=45.8%（含黑边检测）"
"106_莫干山_漂流_裁剪分割__CV006_S032.mp4","D:\Download\素材下载\团建视频\莫干山智能镜头分类\05_项目活动\漂流\裁切废料\106_莫干山_漂流_裁剪分割__CV006_S032__裁切废料.mp4","0.7","@{x=0; y=0.0; w=100; h=62.775}","裁剪完成，已输出新素材；原分镜未覆盖；保留区域 y=0.0% h=62.8%（含黑边检测）"
"107_莫干山_漂流_裁剪分割__CV006_S033.mp4","D:\Download\素材下载\团建视频\莫干山智能镜头分类\05_项目活动\漂流\裁切废料\107_莫干山_漂流_裁剪分割__CV006_S033__裁切废料.mp4","0.82","@{x=0; y=12.221; w=100; h=49.66}","裁剪完成，已输出新素材；原分镜未覆盖；保留区域 y=12.2% h=49.7%（含黑边检测）"
"108_莫干山_漂流_裁剪分割__CV006_S034.mp4","D:\Download\素材下载\团建视频\莫干山智能镜头分类\05_项目活动\漂流\裁切废料\108_莫干山_漂流_裁剪分割__CV006_S034__裁切废料.mp4","0.7","@{x=0; y=7.004; w=100; h=55.771}","裁剪完成，已输出新素材；原分镜未覆盖；保留区域 y=7.0% h=55.8%（含黑边检测）"
"109_莫干山_漂流_裁剪分割__CV006_S035.mp4","D:\Download\素材下载\团建视频\莫干山智能镜头分类\05_项目活动\漂流\裁切废料\109_莫干山_漂流_裁剪分割__CV006_S035__裁切废料.mp4","0.7","@{x=0; y=6.408; w=100; h=56.367}","裁剪完成，已输出新素材；原分镜未覆盖；保留区域 y=6.4% h=56.4%（含黑边检测）"
"110_莫干山_漂流_裁剪分割__CV006_S036.mp4","D:\Download\素材下载\团建视频\莫干山智能镜头分类\05_项目活动\漂流\裁切废料\110_莫干山_漂流_裁剪分割__CV006_S036__裁切废料.mp4","0.86","@{x=0; y=17.884; w=100; h=45.0}","裁剪完成，已输出新素材；原分镜未覆盖；保留区域 y=17.9% h=45.0%（含黑边检测）"
"111_莫干山_漂流_裁剪分割__CV006_S037.mp4","D:\Download\素材下载\团建视频\莫干山智能镜头分类\05_项目活动\漂流\裁切废料\111_莫干山_漂流_裁剪分割__CV006_S037__裁切废料.mp4","0.7","@{x=0; y=9.538; w=100; h=52.343}","裁剪完成，已输出新素材；原分镜未覆盖；保留区域 y=9.5% h=52.3%（含黑边检测）"
"112_莫干山_漂流_裁剪分割__CV006_S038.mp4","D:\Download\素材下载\团建视频\莫干山智能镜头分类\05_项目活动\漂流\裁切废料\112_莫干山_漂流_裁剪分割__CV006_S038__裁切废料.mp4","0.86","@{x=0; y=17.884; w=100; h=45.0}","裁剪完成，已输出新素材；原分镜未覆盖；保留区域 y=17.9% h=45.0%（含黑边检测）"
"113_莫干山_漂流_裁剪分割__CV006_S039.mp4","D:\Download\素材下载\团建视频\莫干山智能镜头分类\05_项目活动\漂流\裁切废料\113_莫干山_漂流_裁剪分割__CV006_S039__裁切废料.mp4","0.7","@{x=0; y=17.884; w=100; h=45.0}","裁剪完成，已输出新素材；原分镜未覆盖；保留区域 y=17.9% h=45.0%（含黑边检测）"
"114_莫干山_漂流_裁剪分割__CV006_S040.mp4","D:\Download\素材下载\团建视频\莫干山智能镜头分类\05_项目活动\漂流\裁切废料\114_莫干山_漂流_裁剪分割__CV006_S040__裁切废料.mp4","0.7","@{x=0; y=17.884; w=100; h=45.04}","裁剪完成，已输出新素材；原分镜未覆盖；保留区域 y=17.9% h=45.0%（含黑边检测）"
"115_莫干山_漂流_裁剪分割__CV006_S041.mp4","D:\Download\素材下载\团建视频\莫干山智能镜头分类\05_项目活动\漂流\裁切废料\115_莫干山_漂流_裁剪分割__CV006_S041__裁切废料.mp4","0.58","@{x=0; y=0.0; w=100; h=62.924}","裁剪完成，已输出新素材；原分镜未覆盖；保留区域 y=0.0% h=62.9%（含黑边检测）"
"116_莫干山_漂流_裁剪分割__CV006_S042.mp4","D:\Download\素材下载\团建视频\莫干山智能镜头分类\05_项目活动\漂流\裁切废料\116_莫干山_漂流_裁剪分割__CV006_S042__裁切废料.mp4","0.7","@{x=0; y=7.303; w=100; h=67.543}","裁剪完成，已输出新素材；原分镜未覆盖；保留区域 y=7.3% h=67.5%（含黑边检测）"
"117_莫干山_漂流_裁剪分割__CV006_S043.mp4","D:\Download\素材下载\团建视频\莫干山智能镜头分类\05_项目活动\漂流\裁切废料\117_莫干山_漂流_裁剪分割__CV006_S043__裁切废料.mp4","0.7","@{x=0; y=7.899; w=100; h=71.12}","裁剪完成，已输出新素材；原分镜未覆盖；保留区域 y=7.9% h=71.1%（含黑边检测）"
"118_莫干山_漂流_裁剪分割__CV006_S044.mp4","D:\Download\素材下载\团建视频\莫干山智能镜头分类\05_项目活动\漂流\裁切废料\118_莫干山_漂流_裁剪分割__CV006_S044__裁切废料.mp4","0.86","@{x=0; y=9.538; w=100; h=53.237}","裁剪完成，已输出新素材；原分镜未覆盖；保留区域 y=9.5% h=53.2%（含黑边检测）"
"119_莫干山_漂流_裁剪分割__CV006_S045.mp4","D:\Download\素材下载\团建视频\莫干山智能镜头分类\05_项目活动\漂流\裁切废料\119_莫干山_漂流_裁剪分割__CV006_S045__裁切废料.mp4","0.74","@{x=0; y=0.0; w=100; h=63.371}","裁剪完成，已输出新素材；原分镜未覆盖；保留区域 y=0.0% h=63.4%（含黑边检测）"
"120_莫干山_漂流_裁剪分割__CV006_S046.mp4","D:\Download\素材下载\团建视频\莫干山智能镜头分类\05_项目活动\漂流\裁切废料\120_莫干山_漂流_裁剪分割__CV006_S046__裁切废料.mp4","0.58","@{x=0; y=0.0; w=100; h=73.654}","裁剪完成，已输出新素材；原分镜未覆盖；保留区域 y=0.0% h=73.7%（含黑边检测）"
"121_莫干山_漂流_裁剪分割__CV006_S047.mp4","D:\Download\素材下载\团建视频\莫干山智能镜头分类\05_项目活动\漂流\裁切废料\121_莫干山_漂流_裁剪分割__CV006_S047__裁切废料.mp4","0.58","@{x=0; y=0.0; w=100; h=63.073}","裁剪完成，已输出新素材；原分镜未覆盖；保留区域 y=0.0% h=63.1%（含黑边检测）"
"122_莫干山_漂流_裁剪分割__CV006_S048.mp4","D:\Download\素材下载\团建视频\莫干山智能镜头分类\05_项目活动\漂流\裁切废料\122_莫干山_漂流_裁剪分割__CV006_S048__裁切废料.mp4","0.7","@{x=0; y=7.303; w=100; h=55.472}","裁剪完成，已输出新素材；原分镜未覆盖；保留区域 y=7.3% h=55.5%（含黑边检测）"
"123_莫干山_漂流_裁剪分割__CV006_S049.mp4","D:\Download\素材下载\团建视频\莫干山智能镜头分类\05_项目活动\漂流\裁切废料\123_莫干山_漂流_裁剪分割__CV006_S049__裁切废料.mp4","0.58","@{x=0; y=0.0; w=100; h=62.775}","裁剪完成，已输出新素材；原分镜未覆盖；保留区域 y=0.0% h=62.8%（含黑边检测）"
"124_莫干山_漂流_裁剪分割__CV006_S050.mp4","D:\Download\素材下载\团建视频\莫干山智能镜头分类\05_项目活动\漂流\裁切废料\124_莫干山_漂流_裁剪分割__CV006_S050__裁切废料.mp4","0.7","@{x=0; y=8.048; w=100; h=54.727}","裁剪完成，已输出新素材；原分镜未覆盖；保留区域 y=8.0% h=54.7%（含黑边检测）"
"125_莫干山_漂流_裁剪分割__CV006_S051.mp4","D:\Download\素材下载\团建视频\莫干山智能镜头分类\05_项目活动\漂流\裁切废料\125_莫干山_漂流_裁剪分割__CV006_S051__裁切废料.mp4","0.7","@{x=0; y=17.884; w=100; h=45.0}","裁剪完成，已输出新素材；原分镜未覆盖；保留区域 y=17.9% h=45.0%（含黑边检测）"
"126_莫干山_漂流_裁剪分割__CV006_S052.mp4","D:\Download\素材下载\团建视频\莫干山智能镜头分类\05_项目活动\漂流\裁切废料\126_莫干山_漂流_裁剪分割__CV006_S052__裁切废料.mp4","0.86","@{x=0; y=9.389; w=100; h=53.535}","裁剪完成，已输出新素材；原分镜未覆盖；保留区域 y=9.4% h=53.5%（含黑边检测）"
"236_莫干山_漂流_裁剪分割__CV017_S001.mp4","D:\Download\素材下载\团建视频\莫干山智能镜头分类\05_项目活动\漂流\裁切废料\236_莫干山_漂流_裁剪分割__CV017_S001__裁切废料.mp4","0.86","@{x=0; y=9.228; w=100; h=67.931}","裁剪完成，已输出新素材；原分镜未覆盖；保留区域 y=9.2% h=67.9%（含黑边检测）"
"237_莫干山_漂流_裁剪分割__CV017_S002.mp4","D:\Download\素材下载\团建视频\莫干山智能镜头分类\05_项目活动\漂流\裁切废料\237_莫干山_漂流_裁剪分割__CV017_S002__裁切废料.mp4","0.9","@{x=0; y=0.0; w=100; h=63.543}","裁剪完成，已输出新素材；原分镜未覆盖；保留区域 y=0.0% h=63.5%（含黑边检测）"
"238_莫干山_漂流_裁剪分割__CV017_S003.mp4","D:\Download\素材下载\团建视频\莫干山智能镜头分类\05_项目活动\漂流\裁切废料\238_莫干山_漂流_裁剪分割__CV017_S003__裁切废料.mp4","0.7","@{x=0; y=3.631; w=100; h=59.004}","裁剪完成，已输出新素材；原分镜未覆盖；保留区域 y=3.6% h=59.0%（含黑边检测）"
"239_莫干山_漂流_裁剪分割__CV017_S004.mp4","D:\Download\素材下载\团建视频\莫干山智能镜头分类\05_项目活动\漂流\裁切废料\239_莫干山_漂流_裁剪分割__CV017_S004__裁切废料.mp4","0.95","@{x=0; y=3.782; w=100; h=67.477}","裁剪完成，已输出新素材；原分镜未覆盖；保留区域 y=3.8% h=67.5%（含黑边检测）"
"240_莫干山_漂流_裁剪分割__CV017_S005.mp4","D:\Download\素材下载\团建视频\莫干山智能镜头分类\05_项目活动\漂流\裁切废料\240_莫干山_漂流_裁剪分割__CV017_S005__裁切废料.mp4","0.82","@{x=0; y=3.782; w=100; h=70.956}","裁剪完成，已输出新素材；原分镜未覆盖；保留区域 y=3.8% h=71.0%（含黑边检测）"
"241_莫干山_漂流_裁剪分割__CV017_S006.mp4","D:\Download\素材下载\团建视频\莫干山智能镜头分类\05_项目活动\漂流\裁切废料\241_莫干山_漂流_裁剪分割__CV017_S006__裁切废料.mp4","0.82","@{x=0; y=8.018; w=100; h=54.769}","裁剪完成，已输出新素材；原分镜未覆盖；保留区域 y=8.0% h=54.8%（含黑边检测）"
"242_莫干山_漂流_裁剪分割__CV017_S007.mp4","D:\Download\素材下载\团建视频\莫干山智能镜头分类\05_项目活动\漂流\裁切废料\242_莫干山_漂流_裁剪分割__CV017_S007__裁切废料.mp4","0.74","@{x=0; y=0.0; w=100; h=74.133}","裁剪完成，已输出新素材；原分镜未覆盖；保留区域 y=0.0% h=74.1%（含黑边检测）"
"243_莫干山_漂流_裁剪分割__CV017_S008.mp4","D:\Download\素材下载\团建视频\莫干山智能镜头分类\05_项目活动\漂流\裁切废料\243_莫干山_漂流_裁剪分割__CV017_S008__裁切废料.mp4","0.7","@{x=0; y=11.498; w=100; h=50.986}","裁剪完成，已输出新素材；原分镜未覆盖；保留区域 y=11.5% h=51.0%（含黑边检测）"
"244_莫干山_漂流_裁剪分割__CV017_S009.mp4","D:\Download\素材下载\团建视频\莫干山智能镜头分类\05_项目活动\漂流\裁切废料\244_莫干山_漂流_裁剪分割__CV017_S009__裁切废料.mp4","0.95","@{x=0; y=5.598; w=100; h=69.14}","裁剪完成，已输出新素材；原分镜未覆盖；保留区域 y=5.6% h=69.1%（含黑边检测）"
"245_莫干山_漂流_裁剪分割__CV017_S010.mp4","D:\Download\素材下载\团建视频\莫干山智能镜头分类\05_项目活动\漂流\裁切废料\245_莫干山_漂流_裁剪分割__CV017_S010__裁切废料.mp4","0.86","@{x=0; y=17.852; w=100; h=61.727}","裁剪完成，已输出新素材；原分镜未覆盖；保留区域 y=17.9% h=61.7%（含黑边检测）"
"246_莫干山_漂流_裁剪分割__CV017_S011.mp4","D:\Download\素材下载\团建视频\莫干山智能镜头分类\05_项目活动\漂流\裁切废料\246_莫干山_漂流_裁剪分割__CV017_S011__裁切废料.mp4","0.95","@{x=0; y=3.177; w=100; h=63.694}","裁剪完成，已输出新素材；原分镜未覆盖；保留区域 y=3.2% h=63.7%（含黑边检测）"
"247_莫干山_漂流_裁剪分割__CV017_S012.mp4","D:\Download\素材下载\团建视频\莫干山智能镜头分类\05_项目活动\漂流\裁切废料\247_莫干山_漂流_裁剪分割__CV017_S012__裁切废料.mp4","0.58","@{x=0; y=0.0; w=100; h=78.369}","裁剪完成，已输出新素材；原分镜未覆盖；保留区域 y=0.0% h=78.4%（含黑边检测）"
"248_莫干山_漂流_裁剪分割__CV017_S013.mp4","D:\Download\素材下载\团建视频\莫干山智能镜头分类\05_项目活动\漂流\裁切废料\248_莫干山_漂流_裁剪分割__CV017_S013__裁切废料.mp4","0.74","@{x=0; y=0.0; w=100; h=74.436}","裁剪完成，已输出新素材；原分镜未覆盖；保留区域 y=0.0% h=74.4%（含黑边检测）"
"249_莫干山_漂流_裁剪分割__CV017_S014.mp4","D:\Download\素材下载\团建视频\莫干山智能镜头分类\05_项目活动\漂流\裁切废料\249_莫干山_漂流_裁剪分割__CV017_S014__裁切废料.mp4","0.74","@{x=0; y=0.0; w=100; h=69.746}","裁剪完成，已输出新素材；原分镜未覆盖；保留区域 y=0.0% h=69.7%（含黑边检测）"
"250_莫干山_漂流_裁剪分割__CV017_S015.mp4","D:\Download\素材下载\团建视频\莫干山智能镜头分类\05_项目活动\漂流\裁切废料\250_莫干山_漂流_裁剪分割__CV017_S015__裁切废料.mp4","0.95","@{x=0; y=17.852; w=100; h=61.425}","裁剪完成，已输出新素材；原分镜未覆盖；保留区域 y=17.9% h=61.4%（含黑边检测）"
"251_莫干山_漂流_裁剪分割__CV017_S016.mp4","D:\Download\素材下载\团建视频\莫干山智能镜头分类\05_项目活动\漂流\裁切废料\251_莫干山_漂流_裁剪分割__CV017_S016__裁切废料.mp4","0.58","@{x=0; y=0.0; w=100; h=62.03}","裁剪完成，已输出新素材；原分镜未覆盖；保留区域 y=0.0% h=62.0%（含黑边检测）"
"252_莫干山_漂流_裁剪分割__CV017_S017.mp4","D:\Download\素材下载\团建视频\莫干山智能镜头分类\05_项目活动\漂流\裁切废料\252_莫干山_漂流_裁剪分割__CV017_S017__裁切废料.mp4","0.58","@{x=0; y=16.177; w=100; h=64.159}","裁剪完成，已输出新素材；原分镜未覆盖；保留区域 y=16.2% h=64.2%（含黑边检测）"
"253_莫干山_漂流_裁剪分割__CV017_S018.mp4","D:\Download\素材下载\团建视频\莫干山智能镜头分类\05_项目活动\漂流\裁切废料\253_莫干山_漂流_裁剪分割__CV017_S018__裁切废料.mp4","0.58","@{x=0; y=0.0; w=100; h=74.89}","裁剪完成，已输出新素材；原分镜未覆盖；保留区域 y=0.0% h=74.9%（含黑边检测）"
"254_莫干山_漂流_裁剪分割__CV017_S019.mp4","D:\Download\素材下载\团建视频\莫干山智能镜头分类\05_项目活动\漂流\裁切废料\254_莫干山_漂流_裁剪分割__CV017_S019__裁切废料.mp4","0.7","@{x=0; y=6.051; w=100; h=55.828}","裁剪完成，已输出新素材；原分镜未覆盖；保留区域 y=6.1% h=55.8%（含黑边检测）"
"255_莫干山_漂流_裁剪分割__CV017_S020.mp4","D:\Download\素材下载\团建视频\莫干山智能镜头分类\05_项目活动\漂流\裁切废料\255_莫干山_漂流_裁剪分割__CV017_S020__裁切废料.mp4","0.95","@{x=0; y=17.852; w=100; h=60.668}","裁剪完成，已输出新素材；原分镜未覆盖；保留区域 y=17.9% h=60.7%（含黑边检测）"
"256_莫干山_漂流_裁剪分割__CV017_S021.mp4","D:\Download\素材下载\团建视频\莫干山智能镜头分类\05_项目活动\漂流\裁切废料\256_莫干山_漂流_裁剪分割__CV017_S021__裁切废料.mp4","0.95","@{x=0; y=18.0; w=100; h=45.0}","裁剪完成，已输出新素材；原分镜未覆盖；保留区域 y=18.0% h=45.0%（含黑边检测）"
"257_莫干山_漂流_裁剪分割__CV017_S022.mp4","D:\Download\素材下载\团建视频\莫干山智能镜头分类\05_项目活动\漂流\裁切废料\257_莫干山_漂流_裁剪分割__CV017_S022__裁切废料.mp4","0.86","@{x=0; y=8.018; w=100; h=54.92}","裁剪完成，已输出新素材；原分镜未覆盖；保留区域 y=8.0% h=54.9%（含黑边检测）"
"258_莫干山_漂流_裁剪分割__CV017_S023.mp4","D:\Download\素材下载\团建视频\莫干山智能镜头分类\05_项目活动\漂流\裁切废料\258_莫干山_漂流_裁剪分割__CV017_S023__裁切废料.mp4","0.95","@{x=0; y=17.852; w=100; h=45.0}","裁剪完成，已输出新素材；原分镜未覆盖；保留区域 y=17.9% h=45.0%（含黑边检测）"
"259_莫干山_漂流_裁剪分割__CV017_S024.mp4","D:\Download\素材下载\团建视频\莫干山智能镜头分类\05_项目活动\漂流\裁切废料\259_莫干山_漂流_裁剪分割__CV017_S024__裁切废料.mp4","0.7","@{x=0; y=9.834; w=100; h=70.804}","裁剪完成，已输出新素材；原分镜未覆盖；保留区域 y=9.8% h=70.8%（含黑边检测）"
"260_莫干山_漂流_裁剪分割__CV017_S025.mp4","D:\Download\素材下载\团建视频\莫干山智能镜头分类\05_项目活动\漂流\裁切废料\260_莫干山_漂流_裁剪分割__CV017_S025__裁切废料.mp4","0.7","@{x=0; y=17.852; w=100; h=45.0}","裁剪完成，已输出新素材；原分镜未覆盖；保留区域 y=17.9% h=45.0%（含黑边检测）"
"261_莫干山_漂流_裁剪分割__CV017_S026.mp4","D:\Download\素材下载\团建视频\莫干山智能镜头分类\05_项目活动\漂流\裁切废料\261_莫干山_漂流_裁剪分割__CV017_S026__裁切废料.mp4","0.58","@{x=0; y=0.0; w=100; h=62.938}","裁剪完成，已输出新素材；原分镜未覆盖；保留区域 y=0.0% h=62.9%（含黑边检测）"
"262_莫干山_漂流_裁剪分割__CV017_S027.mp4","D:\Download\素材下载\团建视频\莫干山智能镜头分类\05_项目活动\漂流\裁切废料\262_莫干山_漂流_裁剪分割__CV017_S027__裁切废料.mp4","0.7","@{x=0; y=3.48; w=100; h=58.399}","裁剪完成，已输出新素材；原分镜未覆盖；保留区域 y=3.5% h=58.4%（含黑边检测）"
"263_莫干山_漂流_裁剪分割__CV017_S028.mp4","D:\Download\素材下载\团建视频\莫干山智能镜头分类\05_项目活动\漂流\裁切废料\263_莫干山_漂流_裁剪分割__CV017_S028__裁切废料.mp4","0.7","@{x=0; y=6.959; w=100; h=55.828}","裁剪完成，已输出新素材；原分镜未覆盖；保留区域 y=7.0% h=55.8%（含黑边检测）"
"264_莫干山_漂流_裁剪分割__CV017_S029.mp4","D:\Download\素材下载\团建视频\莫干山智能镜头分类\05_项目活动\漂流\裁切废料\264_莫干山_漂流_裁剪分割__CV017_S029__裁切废料.mp4","0.86","@{x=0; y=5.598; w=100; h=69.745}","裁剪完成，已输出新素材；原分镜未覆盖；保留区域 y=5.6% h=69.7%（含黑边检测）"
"265_莫干山_漂流_裁剪分割__CV017_S030.mp4","D:\Download\素材下载\团建视频\莫干山智能镜头分类\05_项目活动\漂流\裁切废料\265_莫干山_漂流_裁剪分割__CV017_S030__裁切废料.mp4","0.74","@{x=0; y=12.244; w=100; h=65.671}","裁剪完成，已输出新素材；原分镜未覆盖；保留区域 y=12.2% h=65.7%（含黑边检测）"
"266_莫干山_漂流_裁剪分割__CV017_S031.mp4","D:\Download\素材下载\团建视频\莫干山智能镜头分类\05_项目活动\漂流\裁切废料\266_莫干山_漂流_裁剪分割__CV017_S031__裁切废料.mp4","0.95","@{x=0; y=17.852; w=100; h=60.668}","裁剪完成，已输出新素材；原分镜未覆盖；保留区域 y=17.9% h=60.7%（含黑边检测）"
"267_莫干山_漂流_裁剪分割__CV017_S032.mp4","D:\Download\素材下载\团建视频\莫干山智能镜头分类\05_项目活动\漂流\裁切废料\267_莫干山_漂流_裁剪分割__CV017_S032__裁切废料.mp4","0.7","@{x=0; y=15.129; w=100; h=47.053}","裁剪完成，已输出新素材；原分镜未覆盖；保留区域 y=15.1% h=47.1%（含黑边检测）"
"268_莫干山_漂流_裁剪分割__CV017_S033.mp4","D:\Download\素材下载\团建视频\莫干山智能镜头分类\05_项目活动\漂流\裁切废料\268_莫干山_漂流_裁剪分割__CV017_S033__裁切废料.mp4","0.7","@{x=0; y=10.287; w=100; h=52.348}","裁剪完成，已输出新素材；原分镜未覆盖；保留区域 y=10.3% h=52.3%（含黑边检测）"
"269_莫干山_漂流_裁剪分割__CV017_S034.mp4","D:\Download\素材下载\团建视频\莫干山智能镜头分类\05_项目活动\漂流\裁切废料\269_莫干山_漂流_裁剪分割__CV017_S034__裁切废料.mp4","0.7","@{x=0; y=6.203; w=100; h=56.432}","裁剪完成，已输出新素材；原分镜未覆盖；保留区域 y=6.2% h=56.4%（含黑边检测）"
"270_莫干山_漂流_裁剪分割__CV017_S035.mp4","D:\Download\素材下载\团建视频\莫干山智能镜头分类\05_项目活动\漂流\裁切废料\270_莫干山_漂流_裁剪分割__CV017_S035__裁切废料.mp4","0.86","@{x=0; y=17.852; w=100; h=45.0}","裁剪完成，已输出新素材；原分镜未覆盖；保留区域 y=17.9% h=45.0%（含黑边检测）"
"271_莫干山_漂流_裁剪分割__CV017_S036.mp4","D:\Download\素材下载\团建视频\莫干山智能镜头分类\05_项目活动\漂流\裁切废料\271_莫干山_漂流_裁剪分割__CV017_S036__裁切废料.mp4","0.74","@{x=0; y=0.0; w=100; h=69.443}","裁剪完成，已输出新素材；原分镜未覆盖；保留区域 y=0.0% h=69.4%（含黑边检测）"
"272_莫干山_漂流_裁剪分割__CV017_S037.mp4","D:\Download\素材下载\团建视频\莫干山智能镜头分类\05_项目活动\漂流\裁切废料\272_莫干山_漂流_裁剪分割__CV017_S037__裁切废料.mp4","0.86","@{x=0; y=17.852; w=100; h=60.971}","裁剪完成，已输出新素材；原分镜未覆盖；保留区域 y=17.9% h=61.0%（含黑边检测）"
"273_莫干山_漂流_裁剪分割__CV017_S038.mp4","D:\Download\素材下载\团建视频\莫干山智能镜头分类\05_项目活动\漂流\裁切废料\273_莫干山_漂流_裁剪分割__CV017_S038__裁切废料.mp4","0.95","@{x=0; y=3.933; w=100; h=66.872}","裁剪完成，已输出新素材；原分镜未覆盖；保留区域 y=3.9% h=66.9%（含黑边检测）"
"274_莫干山_漂流_裁剪分割__CV017_S039.mp4","D:\Download\素材下载\团建视频\莫干山智能镜头分类\05_项目活动\漂流\裁切废料\274_莫干山_漂流_裁剪分割__CV017_S039__裁切废料.mp4","0.95","@{x=0; y=3.631; w=100; h=69.594}","裁剪完成，已输出新素材；原分镜未覆盖；保留区域 y=3.6% h=69.6%（含黑边检测）"
"275_莫干山_漂流_裁剪分割__CV017_S040.mp4","D:\Download\素材下载\团建视频\莫干山智能镜头分类\05_项目活动\漂流\裁切废料\275_莫干山_漂流_裁剪分割__CV017_S040__裁切废料.mp4","0.95","@{x=0; y=3.782; w=100; h=77.462}","裁剪完成，已输出新素材；原分镜未覆盖；保留区域 y=3.8% h=77.5%（含黑边检测）"
"276_莫干山_漂流_裁剪分割__CV017_S041.mp4","D:\Download\素材下载\团建视频\莫干山智能镜头分类\05_项目活动\漂流\裁切废料\276_莫干山_漂流_裁剪分割__CV017_S041__裁切废料.mp4","0.58","@{x=0; y=0.0; w=100; h=62.938}","裁剪完成，已输出新素材；原分镜未覆盖；保留区域 y=0.0% h=62.9%（含黑边检测）"
"277_莫干山_漂流_裁剪分割__CV017_S042.mp4","D:\Download\素材下载\团建视频\莫干山智能镜头分类\05_项目活动\漂流\裁切废料\277_莫干山_漂流_裁剪分割__CV017_S042__裁切废料.mp4","0.7","@{x=0; y=8.169; w=100; h=54.315}","裁剪完成，已输出新素材；原分镜未覆盖；保留区域 y=8.2% h=54.3%（含黑边检测）"
"278_莫干山_漂流_裁剪分割__CV017_S043.mp4","D:\Download\素材下载\团建视频\莫干山智能镜头分类\05_项目活动\漂流\裁切废料\278_莫干山_漂流_裁剪分割__CV017_S043__裁切废料.mp4","0.7","@{x=0; y=9.521; w=100; h=53.417}","裁剪完成，已输出新素材；原分镜未覆盖；保留区域 y=9.5% h=53.4%（含黑边检测）"
"279_莫干山_漂流_裁剪分割__CV017_S044.mp4","D:\Download\素材下载\团建视频\莫干山智能镜头分类\05_项目活动\漂流\裁切废料\279_莫干山_漂流_裁剪分割__CV017_S044__裁切废料.mp4","0.7","@{x=0; y=17.247; w=100; h=45.0}","裁剪完成，已输出新素材；原分镜未覆盖；保留区域 y=17.2% h=45.0%（含黑边检测）"
"280_莫干山_漂流_裁剪分割__CV017_S045.mp4","D:\Download\素材下载\团建视频\莫干山智能镜头分类\05_项目活动\漂流\裁切废料\280_莫干山_漂流_裁剪分割__CV017_S045__裁切废料.mp4","0.86","@{x=0; y=8.775; w=100; h=53.86}","裁剪完成，已输出新素材；原分镜未覆盖；保留区域 y=8.8% h=53.9%（含黑边检测）"
"281_莫干山_漂流_裁剪分割__CV017_S046.mp4","D:\Download\素材下载\团建视频\莫干山智能镜头分类\05_项目活动\漂流\裁切废料\281_莫干山_漂流_裁剪分割__CV017_S046__裁切废料.mp4","0.58","@{x=0; y=0.0; w=100; h=62.635}","裁剪完成，已输出新素材；原分镜未覆盖；保留区域 y=0.0% h=62.6%（含黑边检测）"
"282_莫干山_漂流_裁剪分割__CV017_S047.mp4","D:\Download\素材下载\团建视频\莫干山智能镜头分类\05_项目活动\漂流\裁切废料\282_莫干山_漂流_裁剪分割__CV017_S047__裁切废料.mp4","0.86","@{x=0; y=13.313; w=100; h=48.566}","裁剪完成，已输出新素材；原分镜未覆盖；保留区域 y=13.3% h=48.6%（含黑边检测）"
"283_莫干山_漂流_裁剪分割__CV017_S048.mp4","D:\Download\素材下载\团建视频\莫干山智能镜头分类\05_项目活动\漂流\裁切废料\283_莫干山_漂流_裁剪分割__CV017_S048__裁切废料.mp4","0.95","@{x=0; y=6.203; w=100; h=56.584}","裁剪完成，已输出新素材；原分镜未覆盖；保留区域 y=6.2% h=56.6%（含黑边检测）"
"284_莫干山_漂流_裁剪分割__CV017_S049.mp4","D:\Download\素材下载\团建视频\莫干山智能镜头分类\05_项目活动\漂流\裁切废料\284_莫干山_漂流_裁剪分割__CV017_S049__裁切废料.mp4","0.95","@{x=0; y=8.169; w=100; h=63.09}","裁剪完成，已输出新素材；原分镜未覆盖；保留区域 y=8.2% h=63.1%（含黑边检测）"
"285_莫干山_漂流_裁剪分割__CV017_S050.mp4","D:\Download\素材下载\团建视频\莫干山智能镜头分类\05_项目活动\漂流\裁切废料\285_莫干山_漂流_裁剪分割__CV017_S050__裁切废料.mp4","0.7","@{x=0; y=17.852; w=100; h=45.086}","裁剪完成，已输出新素材；原分镜未覆盖；保留区域 y=17.9% h=45.1%（含黑边检测）"
"286_莫干山_漂流_裁剪分割__CV017_S051.mp4","D:\Download\素材下载\团建视频\莫干山智能镜头分类\05_项目活动\漂流\裁切废料\286_莫干山_漂流_裁剪分割__CV017_S051__裁切废料.mp4","0.86","@{x=0; y=15.129; w=100; h=48.263}","裁剪完成，已输出新素材；原分镜未覆盖；保留区域 y=15.1% h=48.3%（含黑边检测）"
"287_莫干山_漂流_裁剪分割__CV017_S052.mp4","D:\Download\素材下载\团建视频\莫干山智能镜头分类\05_项目活动\漂流\裁切废料\287_莫干山_漂流_裁剪分割__CV017_S052__裁切废料.mp4","0.95","@{x=0; y=11.952; w=100; h=58.248}","裁剪完成，已输出新素材；原分镜未覆盖；保留区域 y=12.0% h=58.2%（含黑边检测）"
"288_莫干山_漂流_裁剪分割__CV017_S053.mp4","D:\Download\素材下载\团建视频\莫干山智能镜头分类\05_项目活动\漂流\裁切废料\288_莫干山_漂流_裁剪分割__CV017_S053__裁切废料.mp4","0.95","@{x=0; y=17.852; w=100; h=48.868}","裁剪完成，已输出新素材；原分镜未覆盖；保留区域 y=17.9% h=48.9%（含黑边检测）"
"289_莫干山_漂流_裁剪分割__CV022_S001.mp4","D:\Download\素材下载\团建视频\莫干山智能镜头分类\05_项目活动\漂流\裁切废料\289_莫干山_漂流_裁剪分割__CV022_S001__裁切废料.mp4","0.74","@{x=0; y=0.0; w=100; h=72.735}","裁剪完成，已输出新素材；原分镜未覆盖；保留区域 y=0.0% h=72.7%（含黑边检测）"
"290_莫干山_漂流_裁剪分割__CV022_S002.mp4","D:\Download\素材下载\团建视频\莫干山智能镜头分类\05_项目活动\漂流\裁切废料\290_莫干山_漂流_裁剪分割__CV022_S002__裁切废料.mp4","0.58","@{x=0; y=0.0; w=100; h=72.294}","裁剪完成，已输出新素材；原分镜未覆盖；保留区域 y=0.0% h=72.3%（含黑边检测）"
"291_莫干山_漂流_裁剪分割__CV022_S003.mp4","D:\Download\素材下载\团建视频\莫干山智能镜头分类\05_项目活动\漂流\裁切废料\291_莫干山_漂流_裁剪分割__CV022_S003__裁切废料.mp4","0.9","@{x=0; y=16.641; w=100; h=56.094}","裁剪完成，已输出新素材；原分镜未覆盖；保留区域 y=16.6% h=56.1%（含黑边检测）"
"292_莫干山_漂流_裁剪分割__CV022_S004.mp4","D:\Download\素材下载\团建视频\莫干山智能镜头分类\05_项目活动\漂流\裁切废料\292_莫干山_漂流_裁剪分割__CV022_S004__裁切废料.mp4","0.58","@{x=0; y=0.0; w=100; h=72.588}","裁剪完成，已输出新素材；原分镜未覆盖；保留区域 y=0.0% h=72.6%（含黑边检测）"
"293_莫干山_漂流_裁剪分割__CV022_S005.mp4","D:\Download\素材下载\团建视频\莫干山智能镜头分类\05_项目活动\漂流\裁切废料\293_莫干山_漂流_裁剪分割__CV022_S005__裁切废料.mp4","0.7","@{x=0; y=17.941; w=100; h=54.941}","裁剪完成，已输出新素材；原分镜未覆盖；保留区域 y=17.9% h=54.9%（含黑边检测）"
"294_莫干山_漂流_裁剪分割__CV022_S006.mp4","D:\Download\素材下载\团建视频\莫干山智能镜头分类\05_项目活动\漂流\裁切废料\294_莫干山_漂流_裁剪分割__CV022_S006__裁切废料.mp4","0.58","@{x=0; y=0.0; w=100; h=72.735}","裁剪完成，已输出新素材；原分镜未覆盖；保留区域 y=0.0% h=72.7%（含黑边检测）"
"295_莫干山_漂流_裁剪分割__CV022_S007.mp4","D:\Download\素材下载\团建视频\莫干山智能镜头分类\05_项目活动\漂流\裁切废料\295_莫干山_漂流_裁剪分割__CV022_S007__裁切废料.mp4","0.86","@{x=0; y=17.941; w=100; h=54.5}","裁剪完成，已输出新素材；原分镜未覆盖；保留区域 y=17.9% h=54.5%（含黑边检测）"
"296_莫干山_漂流_裁剪分割__CV022_S008.mp4","D:\Download\素材下载\团建视频\莫干山智能镜头分类\05_项目活动\漂流\裁切废料\296_莫干山_漂流_裁剪分割__CV022_S008__裁切废料.mp4","0.74","@{x=0; y=15.465; w=100; h=57.564}","裁剪完成，已输出新素材；原分镜未覆盖；保留区域 y=15.5% h=57.6%（含黑边检测）"
"297_莫干山_漂流_裁剪分割__CV022_S009.mp4","D:\Download\素材下载\团建视频\莫干山智能镜头分类\05_项目活动\漂流\裁切废料\297_莫干山_漂流_裁剪分割__CV022_S009__裁切废料.mp4","0.7","@{x=0; y=7.818; w=100; h=71.094}","裁剪完成，已输出新素材；原分镜未覆盖；保留区域 y=7.8% h=71.1%（含黑边检测）"
"298_莫干山_漂流_裁剪分割__CV022_S010.mp4","D:\Download\素材下载\团建视频\莫干山智能镜头分类\05_项目活动\漂流\裁切废料\298_莫干山_漂流_裁剪分割__CV022_S010__裁切废料.mp4","0.74","@{x=0; y=0.0; w=100; h=73.029}","裁剪完成，已输出新素材；原分镜未覆盖；保留区域 y=0.0% h=73.0%（含黑边检测）"
"299_莫干山_漂流_裁剪分割__CV022_S011.mp4","D:\Download\素材下载\团建视频\莫干山智能镜头分类\05_项目活动\漂流\裁切废料\299_莫干山_漂流_裁剪分割__CV022_S011__裁切废料.mp4","0.86","@{x=0; y=6.618; w=100; h=55.529}","裁剪完成，已输出新素材；原分镜未覆盖；保留区域 y=6.6% h=55.5%（含黑边检测）"
"300_莫干山_漂流_裁剪分割__CV022_S012.mp4","D:\Download\素材下载\团建视频\莫干山智能镜头分类\05_项目活动\漂流\裁切废料\300_莫干山_漂流_裁剪分割__CV022_S012__裁切废料.mp4","0.7","@{x=0; y=17.941; w=100; h=55.383}","裁剪完成，已输出新素材；原分镜未覆盖；保留区域 y=17.9% h=55.4%（含黑边检测）"
"301_莫干山_漂流_裁剪分割__CV022_S013.mp4","D:\Download\素材下载\团建视频\莫干山智能镜头分类\05_项目活动\漂流\裁切废料\301_莫干山_漂流_裁剪分割__CV022_S013__裁切废料.mp4","0.7","@{x=0; y=5.147; w=100; h=56.853}","裁剪完成，已输出新素材；原分镜未覆盖；保留区域 y=5.1% h=56.9%（含黑边检测）"
"302_莫干山_漂流_裁剪分割__CV022_S014.mp4","D:\Download\素材下载\团建视频\莫干山智能镜头分类\05_项目活动\漂流\裁切废料\302_莫干山_漂流_裁剪分割__CV022_S014__裁切废料.mp4","0.86","@{x=0; y=14.876; w=100; h=58.153}","裁剪完成，已输出新素材；原分镜未覆盖；保留区域 y=14.9% h=58.2%（含黑边检测）"
"303_莫干山_漂流_裁剪分割__CV022_S015.mp4","D:\Download\素材下载\团建视频\莫干山智能镜头分类\05_项目活动\漂流\裁切废料\303_莫干山_漂流_裁剪分割__CV022_S015__裁切废料.mp4","0.95","@{x=0; y=17.353; w=100; h=55.235}","裁剪完成，已输出新素材；原分镜未覆盖；保留区域 y=17.4% h=55.2%（含黑边检测）"
"304_莫干山_漂流_裁剪分割__CV022_S016.mp4","D:\Download\素材下载\团建视频\莫干山智能镜头分类\05_项目活动\漂流\裁切废料\304_莫干山_漂流_裁剪分割__CV022_S016__裁切废料.mp4","0.58","@{x=0; y=0.0; w=100; h=71.706}","裁剪完成，已输出新素材；原分镜未覆盖；保留区域 y=0.0% h=71.7%（含黑边检测）"
"305_莫干山_漂流_裁剪分割__CV022_S017.mp4","D:\Download\素材下载\团建视频\莫干山智能镜头分类\05_项目活动\漂流\裁切废料\305_莫干山_漂流_裁剪分割__CV022_S017__裁切废料.mp4","0.7","@{x=0; y=9.265; w=100; h=62.0}","裁剪完成，已输出新素材；原分镜未覆盖；保留区域 y=9.3% h=62.0%（含黑边检测）"
"306_莫干山_漂流_裁剪分割__CV022_S018.mp4","D:\Download\素材下载\团建视频\莫干山智能镜头分类\05_项目活动\漂流\裁切废料\306_莫干山_漂流_裁剪分割__CV022_S018__裁切废料.mp4","0.58","@{x=0; y=0.0; w=100; h=80.676}","裁剪完成，已输出新素材；原分镜未覆盖；保留区域 y=0.0% h=80.7%（含黑边检测）"
"307_莫干山_漂流_裁剪分割__CV022_S019.mp4","D:\Download\素材下载\团建视频\莫干山智能镜头分类\05_项目活动\漂流\裁切废料\307_莫干山_漂流_裁剪分割__CV022_S019__裁切废料.mp4","0.7","@{x=0; y=7.353; w=100; h=62.294}","裁剪完成，已输出新素材；原分镜未覆盖；保留区域 y=7.4% h=62.3%（含黑边检测）"
"308_莫干山_漂流_裁剪分割__CV022_S020.mp4","D:\Download\素材下载\团建视频\莫干山智能镜头分类\05_项目活动\漂流\裁切废料\308_莫干山_漂流_裁剪分割__CV022_S020__裁切废料.mp4","0.58","@{x=0; y=0.0; w=100; h=73.029}","裁剪完成，已输出新素材；原分镜未覆盖；保留区域 y=0.0% h=73.0%（含黑边检测）"
"309_莫干山_漂流_裁剪分割__CV022_S021.mp4","D:\Download\素材下载\团建视频\莫干山智能镜头分类\05_项目活动\漂流\裁切废料\309_莫干山_漂流_裁剪分割__CV022_S021__裁切废料.mp4","0.58","@{x=0; y=0.0; w=100; h=72.735}","裁剪完成，已输出新素材；原分镜未覆盖；保留区域 y=0.0% h=72.7%（含黑边检测）"
"310_莫干山_漂流_裁剪分割__CV022_S022.mp4","D:\Download\素材下载\团建视频\莫干山智能镜头分类\05_项目活动\漂流\裁切废料\310_莫干山_漂流_裁剪分割__CV022_S022__裁切废料.mp4","0.58","@{x=0; y=0.0; w=100; h=73.029}","裁剪完成，已输出新素材；原分镜未覆盖；保留区域 y=0.0% h=73.0%（含黑边检测）"
"311_莫干山_漂流_裁剪分割__CV022_S023.mp4","D:\Download\素材下载\团建视频\莫干山智能镜头分类\05_项目活动\漂流\裁切废料\311_莫干山_漂流_裁剪分割__CV022_S023__裁切废料.mp4","0.86","@{x=0; y=8.824; w=100; h=63.911}","裁剪完成，已输出新素材；原分镜未覆盖；保留区域 y=8.8% h=63.9%（含黑边检测）"
"312_莫干山_漂流_裁剪分割__CV022_S024.mp4","D:\Download\素材下载\团建视频\莫干山智能镜头分类\05_项目活动\漂流\裁切废料\312_莫干山_漂流_裁剪分割__CV022_S024__裁切废料.mp4","0.74","@{x=0; y=0.0; w=100; h=79.941}","裁剪完成，已输出新素材；原分镜未覆盖；保留区域 y=0.0% h=79.9%（含黑边检测）"
"313_莫干山_漂流_裁剪分割__CV022_S025.mp4","D:\Download\素材下载\团建视频\莫干山智能镜头分类\05_项目活动\漂流\裁切废料\313_莫干山_漂流_裁剪分割__CV022_S025__裁切废料.mp4","0.86","@{x=0; y=12.671; w=100; h=60.211}","裁剪完成，已输出新素材；原分镜未覆盖；保留区域 y=12.7% h=60.2%（含黑边检测）"
"314_莫干山_漂流_裁剪分割__CV022_S026.mp4","D:\Download\素材下载\团建视频\莫干山智能镜头分类\05_项目活动\漂流\裁切废料\314_莫干山_漂流_裁剪分割__CV022_S026__裁切废料.mp4","0.7","@{x=0; y=4.118; w=100; h=68.617}","裁剪完成，已输出新素材；原分镜未覆盖；保留区域 y=4.1% h=68.6%（含黑边检测）"
"315_莫干山_漂流_裁剪分割__CV022_S027.mp4","D:\Download\素材下载\团建视频\莫干山智能镜头分类\05_项目活动\漂流\裁切废料\315_莫干山_漂流_裁剪分割__CV022_S027__裁切废料.mp4","0.74","@{x=0; y=6.935; w=100; h=65.359}","裁剪完成，已输出新素材；原分镜未覆盖；保留区域 y=6.9% h=65.4%（含黑边检测）"
"316_莫干山_漂流_裁剪分割__CV022_S028.mp4","D:\Download\素材下载\团建视频\莫干山智能镜头分类\05_项目活动\漂流\裁切废料\316_莫干山_漂流_裁剪分割__CV022_S028__裁切废料.mp4","0.86","@{x=0; y=17.941; w=100; h=55.383}","裁剪完成，已输出新素材；原分镜未覆盖；保留区域 y=17.9% h=55.4%（含黑边检测）"
"317_莫干山_漂流_裁剪分割__CV022_S029.mp4","D:\Download\素材下载\团建视频\莫干山智能镜头分类\05_项目活动\漂流\裁切废料\317_莫干山_漂流_裁剪分割__CV022_S029__裁切废料.mp4","0.82","@{x=0; y=5.147; w=100; h=67.882}","裁剪完成，已输出新素材；原分镜未覆盖；保留区域 y=5.1% h=67.9%（含黑边检测）"
"318_莫干山_漂流_裁剪分割__CV022_S030.mp4","D:\Download\素材下载\团建视频\莫干山智能镜头分类\05_项目活动\漂流\裁切废料\318_莫干山_漂流_裁剪分割__CV022_S030__裁切废料.mp4","0.82","@{x=0; y=17.647; w=100; h=55.529}","裁剪完成，已输出新素材；原分镜未覆盖；保留区域 y=17.6% h=55.5%（含黑边检测）"
"319_莫干山_漂流_裁剪分割__CV022_S031.mp4","D:\Download\素材下载\团建视频\莫干山智能镜头分类\05_项目活动\漂流\裁切废料\319_莫干山_漂流_裁剪分割__CV022_S031__裁切废料.mp4","0.74","@{x=0; y=0.0; w=100; h=72.735}","裁剪完成，已输出新素材；原分镜未覆盖；保留区域 y=0.0% h=72.7%（含黑边检测）"
"320_莫干山_漂流_裁剪分割__CV022_S032.mp4","D:\Download\素材下载\团建视频\莫干山智能镜头分类\05_项目活动\漂流\裁切废料\320_莫干山_漂流_裁剪分割__CV022_S032__裁切废料.mp4","0.86","@{x=0; y=16.053; w=100; h=64.329}","裁剪完成，已输出新素材；原分镜未覆盖；保留区域 y=16.1% h=64.3%（含黑边检测）"
"321_莫干山_漂流_裁剪分割__CV022_S033.mp4","D:\Download\素材下载\团建视频\莫干山智能镜头分类\05_项目活动\漂流\裁切废料\321_莫干山_漂流_裁剪分割__CV022_S033__裁切废料.mp4","0.7","@{x=0; y=17.941; w=100; h=55.088}","裁剪完成，已输出新素材；原分镜未覆盖；保留区域 y=17.9% h=55.1%（含黑边检测）"
"322_莫干山_漂流_裁剪分割__CV022_S034.mp4","D:\Download\素材下载\团建视频\莫干山智能镜头分类\05_项目活动\漂流\裁切废料\322_莫干山_漂流_裁剪分割__CV022_S034__裁切废料.mp4","0.86","@{x=0; y=7.5; w=100; h=65.382}","裁剪完成，已输出新素材；原分镜未覆盖；保留区域 y=7.5% h=65.4%（含黑边检测）"
"323_莫干山_漂流_裁剪分割__CV022_S035.mp4","D:\Download\素材下载\团建视频\莫干山智能镜头分类\05_项目活动\漂流\裁切废料\323_莫干山_漂流_裁剪分割__CV022_S035__裁切废料.mp4","0.7","@{x=0; y=17.941; w=100; h=52.294}","裁剪完成，已输出新素材；原分镜未覆盖；保留区域 y=17.9% h=52.3%（含黑边检测）"
"324_莫干山_漂流_裁剪分割__CV022_S036.mp4","D:\Download\素材下载\团建视频\莫干山智能镜头分类\05_项目活动\漂流\裁切废料\324_莫干山_漂流_裁剪分割__CV022_S036__裁切废料.mp4","0.7","@{x=0; y=10.906; w=100; h=51.241}","裁剪完成，已输出新素材；原分镜未覆盖；保留区域 y=10.9% h=51.2%（含黑边检测）"
"325_莫干山_漂流_裁剪分割__CV022_S037.mp4","D:\Download\素材下载\团建视频\莫干山智能镜头分类\05_项目活动\漂流\裁切废料\325_莫干山_漂流_裁剪分割__CV022_S037__裁切废料.mp4","0.58","@{x=0; y=0.0; w=100; h=73.029}","裁剪完成，已输出新素材；原分镜未覆盖；保留区域 y=0.0% h=73.0%（含黑边检测）"
"326_莫干山_漂流_裁剪分割__CV022_S038.mp4","D:\Download\素材下载\团建视频\莫干山智能镜头分类\05_项目活动\漂流\裁切废料\326_莫干山_漂流_裁剪分割__CV022_S038__裁切废料.mp4","0.74","@{x=0; y=0.0; w=100; h=72.588}","裁剪完成，已输出新素材；原分镜未覆盖；保留区域 y=0.0% h=72.6%（含黑边检测）"
"327_莫干山_漂流_裁剪分割__CV022_S039.mp4","D:\Download\素材下载\团建视频\莫干山智能镜头分类\05_项目活动\漂流\裁切废料\327_莫干山_漂流_裁剪分割__CV022_S039__裁切废料.mp4","0.86","@{x=0; y=14.118; w=100; h=58.764}","裁剪完成，已输出新素材；原分镜未覆盖；保留区域 y=14.1% h=58.8%（含黑边检测）"
"328_莫干山_漂流_裁剪分割__CV022_S040.mp4","D:\Download\素材下载\团建视频\莫干山智能镜头分类\05_项目活动\漂流\裁切废料\328_莫干山_漂流_裁剪分割__CV022_S040__裁切废料.mp4","0.74","@{x=0; y=17.965; w=100; h=45.0}","裁剪完成，已输出新素材；原分镜未覆盖；保留区域 y=18.0% h=45.0%（含黑边检测）"
"329_莫干山_漂流_裁剪分割__CV022_S041.mp4","D:\Download\素材下载\团建视频\莫干山智能镜头分类\05_项目活动\漂流\裁切废料\329_莫干山_漂流_裁剪分割__CV022_S041__裁切废料.mp4","0.86","@{x=0; y=17.941; w=100; h=61.706}","裁剪完成，已输出新素材；原分镜未覆盖；保留区域 y=17.9% h=61.7%（含黑边检测）"
"330_莫干山_漂流_裁剪分割__CV022_S042.mp4","D:\Download\素材下载\团建视频\莫干山智能镜头分类\05_项目活动\漂流\裁切废料\330_莫干山_漂流_裁剪分割__CV022_S042__裁切废料.mp4","0.86","@{x=0; y=17.941; w=100; h=52.883}","裁剪完成，已输出新素材；原分镜未覆盖；保留区域 y=17.9% h=52.9%（含黑边检测）"
"001_莫干山_田园小火车__S_V006_S035.mp4","D:\Download\素材下载\团建视频\莫干山智能镜头分类\05_项目活动\田园小火车\裁切废料\001_莫干山_田园小火车__S_V006_S035__裁切废料.mp4","0.86","@{x=0; y=0.0; w=100; h=74.238}","裁剪完成，已输出新素材；原分镜未覆盖；保留区域 y=0.0% h=74.2%（含黑边检测）"
"001_莫干山_电竞游戏__A_V016_S046.mp4","D:\Download\素材下载\团建视频\莫干山智能镜头分类\05_项目活动\电竞游戏\裁切废料\001_莫干山_电竞游戏__A_V016_S046__裁切废料.mp4","0.58","@{x=0; y=0.0; w=100; h=73.27}","裁剪完成，已输出新素材；原分镜未覆盖；保留区域 y=0.0% h=73.3%（含黑边检测）"
"003_莫干山_真人CS__S_V021_S018.mp4","D:\Download\素材下载\团建视频\莫干山智能镜头分类\05_项目活动\真人CS\裁切废料\003_莫干山_真人CS__S_V021_S018__裁切废料.mp4","0.58","@{x=0; y=0.0; w=100; h=75.131}","裁剪完成，已输出新素材；原分镜未覆盖；保留区域 y=0.0% h=75.1%（含黑边检测）"
"004_莫干山_竹林徒步__S_V023_S037.mp4","D:\Download\素材下载\团建视频\莫干山智能镜头分类\05_项目活动\竹林徒步\裁切废料\004_莫干山_竹林徒步__S_V023_S037__裁切废料.mp4","0.7","@{x=0; y=17.87; w=100; h=48.968}","裁剪完成，已输出新素材；原分镜未覆盖；保留区域 y=17.9% h=49.0%（含黑边检测）"
"003_莫干山_茶山越野车__S_V001_S017.mp4","D:\Download\素材下载\团建视频\莫干山智能镜头分类\05_项目活动\茶山越野车\裁切废料\003_莫干山_茶山越野车__S_V001_S017__裁切废料.mp4","0.74","@{x=0; y=0.0; w=100; h=79.633}","裁剪完成，已输出新素材；原分镜未覆盖；保留区域 y=0.0% h=79.6%（含黑边检测）"
"004_莫干山_茶山越野车__S_V005_S021.mp4","D:\Download\素材下载\团建视频\莫干山智能镜头分类\05_项目活动\茶山越野车\裁切废料\004_莫干山_茶山越野车__S_V005_S021__裁切废料.mp4","0.86","@{x=0; y=3.764; w=100; h=71.526}","裁剪完成，已输出新素材；原分镜未覆盖；保留区域 y=3.8% h=71.5%（含黑边检测）"
"005_莫干山_茶山越野车__S_V005_S028.mp4","D:\Download\素材下载\团建视频\莫干山智能镜头分类\05_项目活动\茶山越野车\裁切废料\005_莫干山_茶山越野车__S_V005_S028__裁切废料.mp4","0.58","@{x=0; y=0.0; w=100; h=62.144}","裁剪完成，已输出新素材；原分镜未覆盖；保留区域 y=0.0% h=62.1%（含黑边检测）"
"007_莫干山_茶山越野车__S_V023_S019.mp4","D:\Download\素材下载\团建视频\莫干山智能镜头分类\05_项目活动\茶山越野车\裁切废料\007_莫干山_茶山越野车__S_V023_S019__裁切废料.mp4","0.58","@{x=0; y=0.0; w=100; h=61.964}","裁剪完成，已输出新素材；原分镜未覆盖；保留区域 y=0.0% h=62.0%（含黑边检测）"
"001_莫干山_草地滑草__S_V001_S013.mp4","D:\Download\素材下载\团建视频\莫干山智能镜头分类\05_项目活动\草地滑草\裁切废料\001_莫干山_草地滑草__S_V001_S013__裁切废料.mp4","0.74","@{x=0; y=0.0; w=100; h=62.707}","裁剪完成，已输出新素材；原分镜未覆盖；保留区域 y=0.0% h=62.7%（含黑边检测）"
"001_莫干山_高山滑道__S_V001_S002.mp4","D:\Download\素材下载\团建视频\莫干山智能镜头分类\05_项目活动\高山滑道\裁切废料\001_莫干山_高山滑道__S_V001_S002__裁切废料.mp4","0.95","@{x=0; y=17.936; w=100; h=62.034}","裁剪完成，已输出新素材；原分镜未覆盖；保留区域 y=17.9% h=62.0%（含黑边检测）"
"002_莫干山_高山滑道__S_V001_S006.mp4","D:\Download\素材下载\团建视频\莫干山智能镜头分类\05_项目活动\高山滑道\裁切废料\002_莫干山_高山滑道__S_V001_S006__裁切废料.mp4","0.74","@{x=0; y=0.0; w=100; h=62.0}","裁剪完成，已输出新素材；原分镜未覆盖；保留区域 y=0.0% h=62.0%（含黑边检测）"
"009_莫干山_高山滑道__S_V021_S004.mp4","D:\Download\素材下载\团建视频\莫干山智能镜头分类\05_项目活动\高山滑道\裁切废料\009_莫干山_高山滑道__S_V021_S004__裁切废料.mp4","0.58","@{x=0; y=15.362; w=100; h=46.603}","裁剪完成，已输出新素材；原分镜未覆盖；保留区域 y=15.4% h=46.6%（含黑边检测）"
"010_莫干山_高山滑道__S_V021_S021.mp4","D:\Download\素材下载\团建视频\莫干山智能镜头分类\05_项目活动\高山滑道\裁切废料\010_莫干山_高山滑道__S_V021_S021__裁切废料.mp4","0.58","@{x=0; y=0.0; w=100; h=61.968}","裁剪完成，已输出新素材；原分镜未覆盖；保留区域 y=0.0% h=62.0%（含黑边检测）"
"011_莫干山_高山滑道__S_V021_S033.mp4","D:\Download\素材下载\团建视频\莫干山智能镜头分类\05_项目活动\高山滑道\裁切废料\011_莫干山_高山滑道__S_V021_S033__裁切废料.mp4","0.7","@{x=0; y=17.882; w=100; h=45.0}","裁剪完成，已输出新素材；原分镜未覆盖；保留区域 y=17.9% h=45.0%（含黑边检测）"
"012_莫干山_高山滑道__S_V021_S034.mp4","D:\Download\素材下载\团建视频\莫干山智能镜头分类\05_项目活动\高山滑道\裁切废料\012_莫干山_高山滑道__S_V021_S034__裁切废料.mp4","0.86","@{x=0; y=7.745; w=100; h=71.845}","裁剪完成，已输出新素材；原分镜未覆盖；保留区域 y=7.7% h=71.8%（含黑边检测）"
"015_莫干山_高山滑道__S_V023_S022.mp4","D:\Download\素材下载\团建视频\莫干山智能镜头分类\05_项目活动\高山滑道\裁切废料\015_莫干山_高山滑道__S_V023_S022__裁切废料.mp4","0.58","@{x=0; y=0.0; w=100; h=79.674}","裁剪完成，已输出新素材；原分镜未覆盖；保留区域 y=0.0% h=79.7%（含黑边检测）"
"001_莫干山_高空滑索__S_V001_S005.mp4","D:\Download\素材下载\团建视频\莫干山智能镜头分类\05_项目活动\高空滑索\裁切废料\001_莫干山_高空滑索__S_V001_S005__裁切废料.mp4","0.7","@{x=0; y=17.902; w=100; h=46.376}","裁剪完成，已输出新素材；原分镜未覆盖；保留区域 y=17.9% h=46.4%（含黑边检测）"
"007_莫干山_高空滑索__S_V023_S014.mp4","D:\Download\素材下载\团建视频\莫干山智能镜头分类\05_项目活动\高空滑索\裁切废料\007_莫干山_高空滑索__S_V023_S014__裁切废料.mp4","0.58","@{x=0; y=0.0; w=100; h=61.964}","裁剪完成，已输出新素材；原分镜未覆盖；保留区域 y=0.0% h=62.0%（含黑边检测）"
"001_莫干山_麻将__S_V007_S012.mp4","D:\Download\素材下载\团建视频\莫干山智能镜头分类\05_项目活动\麻将\裁切废料\001_莫干山_麻将__S_V007_S012__裁切废料.mp4","0.7","@{x=0; y=7.657; w=100; h=61.786}","裁剪完成，已输出新素材；原分镜未覆盖；保留区域 y=7.7% h=61.8%（含黑边检测）"
"004_莫干山_麻将__A_V016_S044.mp4","D:\Download\素材下载\团建视频\莫干山智能镜头分类\05_项目活动\麻将\裁切废料\004_莫干山_麻将__A_V016_S044__裁切废料.mp4","0.58","@{x=0; y=0.0; w=100; h=72.107}","裁剪完成，已输出新素材；原分镜未覆盖；保留区域 y=0.0% h=72.1%（含黑边检测）"
"002_莫干山_加油欢呼互动__S_V021_S002.mp4","D:\Download\素材下载\团建视频\莫干山智能镜头分类\06_团队互动\加油欢呼互动\裁切废料\002_莫干山_加油欢呼互动__S_V021_S002__裁切废料.mp4","0.58","@{x=0; y=0.0; w=100; h=79.619}","裁剪完成，已输出新素材；原分镜未覆盖；保留区域 y=0.0% h=79.6%（含黑边检测）"
"001_莫干山_团队会议__S_V013_S010.mp4","D:\Download\素材下载\团建视频\莫干山智能镜头分类\06_团队互动\团队会议\裁切废料\001_莫干山_团队会议__S_V013_S010__裁切废料.mp4","0.86","@{x=0; y=17.976; w=100; h=63.118}","裁剪完成，已输出新素材；原分镜未覆盖；保留区域 y=18.0% h=63.1%（含黑边检测）"
"001_莫干山_团队合照__S_V001_S008.mp4","D:\Download\素材下载\团建视频\莫干山智能镜头分类\06_团队互动\团队合照\裁切废料\001_莫干山_团队合照__S_V001_S008__裁切废料.mp4","0.74","@{x=0; y=0.0; w=100; h=63.864}","裁剪完成，已输出新素材；原分镜未覆盖；保留区域 y=0.0% h=63.9%（含黑边检测）"
"002_莫干山_团队合照__S_V013_S003.mp4","D:\Download\素材下载\团建视频\莫干山智能镜头分类\06_团队互动\团队合照\裁切废料\002_莫干山_团队合照__S_V013_S003__裁切废料.mp4","0.7","@{x=0; y=16.865; w=100; h=48.046}","裁剪完成，已输出新素材；原分镜未覆盖；保留区域 y=16.9% h=48.0%（含黑边检测）"
"002_莫干山_团队游戏挑战__S_V006_S014.mp4","D:\Download\素材下载\团建视频\莫干山智能镜头分类\06_团队互动\团队游戏挑战\裁切废料\002_莫干山_团队游戏挑战__S_V006_S014__裁切废料.mp4","0.95","@{x=0; y=0.0; w=100; h=79.834}","裁剪完成，已输出新素材；原分镜未覆盖；保留区域 y=0.0% h=79.8%（含黑边检测）"
"003_莫干山_团队游戏挑战__S_V006_S015.mp4","D:\Download\素材下载\团建视频\莫干山智能镜头分类\06_团队互动\团队游戏挑战\裁切废料\003_莫干山_团队游戏挑战__S_V006_S015__裁切废料.mp4","0.7","@{x=0; y=0.0; w=100; h=76.946}","裁剪完成，已输出新素材；原分镜未覆盖；保留区域 y=0.0% h=76.9%（含黑边检测）"
"004_莫干山_团队游戏挑战__S_V006_S020.mp4","D:\Download\素材下载\团建视频\莫干山智能镜头分类\06_团队互动\团队游戏挑战\裁切废料\004_莫干山_团队游戏挑战__S_V006_S020__裁切废料.mp4","0.7","@{x=0; y=0.0; w=100; h=74.522}","裁剪完成，已输出新素材；原分镜未覆盖；保留区域 y=0.0% h=74.5%（含黑边检测）"
"006_莫干山_团队游戏挑战__S_V013_S011.mp4","D:\Download\素材下载\团建视频\莫干山智能镜头分类\06_团队互动\团队游戏挑战\裁切废料\006_莫干山_团队游戏挑战__S_V013_S011__裁切废料.mp4","0.74","@{x=0; y=0.0; w=100; h=69.253}","裁剪完成，已输出新素材；原分镜未覆盖；保留区域 y=0.0% h=69.3%（含黑边检测）"
"016_莫干山_团队游戏挑战__S_V021_S022_待人工确认.mp4","D:\Download\素材下载\团建视频\莫干山智能镜头分类\06_团队互动\团队游戏挑战\裁切废料\016_莫干山_团队游戏挑战__S_V021_S022_待人工确认__裁切废料.mp4","0.58","@{x=0; y=0.0; w=100; h=75.164}","裁剪完成，已输出新素材；原分镜未覆盖；保留区域 y=0.0% h=75.2%（含黑边检测）"
"019_莫干山_团队游戏挑战__S_V023_S008.mp4","D:\Download\素材下载\团建视频\莫干山智能镜头分类\06_团队互动\团队游戏挑战\裁切废料\019_莫干山_团队游戏挑战__S_V023_S008__裁切废料.mp4","0.74","@{x=0; y=0.0; w=100; h=62.099}","裁剪完成，已输出新素材；原分镜未覆盖；保留区域 y=0.0% h=62.1%（含黑边检测）"
"020_莫干山_团队游戏挑战__S_V023_S016.mp4","D:\Download\素材下载\团建视频\莫干山智能镜头分类\06_团队互动\团队游戏挑战\裁切废料\020_莫干山_团队游戏挑战__S_V023_S016__裁切废料.mp4","0.74","@{x=0; y=0.0; w=100; h=74.197}","裁剪完成，已输出新素材；原分镜未覆盖；保留区域 y=0.0% h=74.2%（含黑边检测）"
"021_莫干山_团队游戏挑战__S_V023_S017.mp4","D:\Download\素材下载\团建视频\莫干山智能镜头分类\06_团队互动\团队游戏挑战\裁切废料\021_莫干山_团队游戏挑战__S_V023_S017__裁切废料.mp4","0.86","@{x=0; y=17.882; w=100; h=61.861}","裁剪完成，已输出新素材；原分镜未覆盖；保留区域 y=17.9% h=61.9%（含黑边检测）"
"002_莫干山_草坪团建游戏__S_V021_S040.mp4","D:\Download\素材下载\团建视频\莫干山智能镜头分类\06_团队互动\草坪团建游戏\裁切废料\002_莫干山_草坪团建游戏__S_V021_S040__裁切废料.mp4","0.74","@{x=0; y=0.0; w=100; h=76.404}","裁剪完成，已输出新素材；原分镜未覆盖；保留区域 y=0.0% h=76.4%（含黑边检测）"
"003_莫干山_草坪团建游戏__S_V023_S015.mp4","D:\Download\素材下载\团建视频\莫干山智能镜头分类\06_团队互动\草坪团建游戏\裁切废料\003_莫干山_草坪团建游戏__S_V023_S015__裁切废料.mp4","0.58","@{x=0; y=0.0; w=100; h=72.433}","裁剪完成，已输出新素材；原分镜未覆盖；保留区域 y=0.0% h=72.4%（含黑边检测）"
"127_莫干山_烧烤露营夜场_裁剪分割__CV008_S004.mp4","D:\Download\素材下载\团建视频\莫干山智能镜头分类\07_烧烤露营夜场\裁切废料\127_莫干山_烧烤露营夜场_裁剪分割__CV008_S004__裁切废料.mp4","0.7","@{x=0; y=17.915; w=100; h=56.267}","裁剪完成，已输出新素材；原分镜未覆盖；保留区域 y=17.9% h=56.3%（含黑边检测）"
"128_莫干山_烧烤露营夜场_裁剪分割__CV008_S005.mp4","D:\Download\素材下载\团建视频\莫干山智能镜头分类\07_烧烤露营夜场\裁切废料\128_莫干山_烧烤露营夜场_裁剪分割__CV008_S005__裁切废料.mp4","0.86","@{x=0; y=12.541; w=100; h=62.293}","裁剪完成，已输出新素材；原分镜未覆盖；保留区域 y=12.5% h=62.3%（含黑边检测）"
"129_莫干山_烧烤露营夜场_裁剪分割__CV008_S006.mp4","D:\Download\素材下载\团建视频\莫干山智能镜头分类\07_烧烤露营夜场\裁切废料\129_莫干山_烧烤露营夜场_裁剪分割__CV008_S006__裁切废料.mp4","0.7","@{x=0; y=12.378; w=100; h=61.967}","裁剪完成，已输出新素材；原分镜未覆盖；保留区域 y=12.4% h=62.0%（含黑边检测）"
"130_莫干山_烧烤露营夜场_裁剪分割__CV008_S007.mp4","D:\Download\素材下载\团建视频\莫干山智能镜头分类\07_烧烤露营夜场\裁切废料\130_莫干山_烧烤露营夜场_裁剪分割__CV008_S007__裁切废料.mp4","0.58","@{x=0; y=0.0; w=100; h=80.86}","裁剪完成，已输出新素材；原分镜未覆盖；保留区域 y=0.0% h=80.9%（含黑边检测）"
"131_莫干山_烧烤露营夜场_裁剪分割__CV008_S008.mp4","D:\Download\素材下载\团建视频\莫干山智能镜头分类\07_烧烤露营夜场\裁切废料\131_莫干山_烧烤露营夜场_裁剪分割__CV008_S008__裁切废料.mp4","0.7","@{x=0; y=17.915; w=100; h=45.0}","裁剪完成，已输出新素材；原分镜未覆盖；保留区域 y=17.9% h=45.0%（含黑边检测）"
"132_莫干山_烧烤露营夜场_裁剪分割__CV008_S009.mp4","D:\Download\素材下载\团建视频\莫干山智能镜头分类\07_烧烤露营夜场\裁切废料\132_莫干山_烧烤露营夜场_裁剪分割__CV008_S009__裁切废料.mp4","0.86","@{x=0; y=14.495; w=100; h=47.472}","裁剪完成，已输出新素材；原分镜未覆盖；保留区域 y=14.5% h=47.5%（含黑边检测）"
"133_莫干山_烧烤露营夜场_裁剪分割__CV008_S010.mp4","D:\Download\素材下载\团建视频\莫干山智能镜头分类\07_烧烤露营夜场\裁切废料\133_莫干山_烧烤露营夜场_裁剪分割__CV008_S010__裁切废料.mp4","0.86","@{x=0; y=6.352; w=100; h=67.83}","裁剪完成，已输出新素材；原分镜未覆盖；保留区域 y=6.4% h=67.8%（含黑边检测）"
"134_莫干山_烧烤露营夜场_裁剪分割__CV008_S011.mp4","D:\Download\素材下载\团建视频\莫干山智能镜头分类\07_烧烤露营夜场\裁切废料\134_莫干山_烧烤露营夜场_裁剪分割__CV008_S011__裁切废料.mp4","0.7","@{x=0; y=17.915; w=100; h=50.73}","裁剪完成，已输出新素材；原分镜未覆盖；保留区域 y=17.9% h=50.7%（含黑边检测）"
"135_莫干山_烧烤露营夜场_裁剪分割__CV008_S012.mp4","D:\Download\素材下载\团建视频\莫干山智能镜头分类\07_烧烤露营夜场\裁切废料\135_莫干山_烧烤露营夜场_裁剪分割__CV008_S012__裁切废料.mp4","0.7","@{x=0; y=6.189; w=100; h=67.831}","裁剪完成，已输出新素材；原分镜未覆盖；保留区域 y=6.2% h=67.8%（含黑边检测）"
"136_莫干山_烧烤露营夜场_裁剪分割__CV008_S013.mp4","D:\Download\素材下载\团建视频\莫干山智能镜头分类\07_烧烤露营夜场\裁切废料\136_莫干山_烧烤露营夜场_裁剪分割__CV008_S013__裁切废料.mp4","0.7","@{x=0; y=17.915; w=100; h=52.684}","裁剪完成，已输出新素材；原分镜未覆盖；保留区域 y=17.9% h=52.7%（含黑边检测）"
"137_莫干山_烧烤露营夜场_裁剪分割__CV008_S014.mp4","D:\Download\素材下载\团建视频\莫干山智能镜头分类\07_烧烤露营夜场\裁切废料\137_莫干山_烧烤露营夜场_裁剪分割__CV008_S014__裁切废料.mp4","0.7","@{x=0; y=2.443; w=100; h=72.228}","裁剪完成，已输出新素材；原分镜未覆盖；保留区域 y=2.4% h=72.2%（含黑边检测）"
"138_莫干山_烧烤露营夜场_裁剪分割__CV008_S015.mp4","D:\Download\素材下载\团建视频\莫干山智能镜头分类\07_烧烤露营夜场\裁切废料\138_莫干山_烧烤露营夜场_裁剪分割__CV008_S015__裁切废料.mp4","0.86","@{x=0; y=15.695; w=100; h=58.487}","裁剪完成，已输出新素材；原分镜未覆盖；保留区域 y=15.7% h=58.5%（含黑边检测）"
"139_莫干山_烧烤露营夜场_裁剪分割__CV008_S016.mp4","D:\Download\素材下载\团建视频\莫干山智能镜头分类\07_烧烤露营夜场\裁切废料\139_莫干山_烧烤露营夜场_裁剪分割__CV008_S016__裁切废料.mp4","0.74","@{x=0; y=0.0; w=100; h=74.345}","裁剪完成，已输出新素材；原分镜未覆盖；保留区域 y=0.0% h=74.3%（含黑边检测）"
"140_莫干山_烧烤露营夜场_裁剪分割__CV008_S017.mp4","D:\Download\素材下载\团建视频\莫干山智能镜头分类\07_烧烤露营夜场\裁切废料\140_莫干山_烧烤露营夜场_裁剪分割__CV008_S017__裁切废料.mp4","0.7","@{x=0; y=6.678; w=100; h=66.853}","裁剪完成，已输出新素材；原分镜未覆盖；保留区域 y=6.7% h=66.9%（含黑边检测）"
"141_莫干山_烧烤露营夜场_裁剪分割__CV008_S018.mp4","D:\Download\素材下载\团建视频\莫干山智能镜头分类\07_烧烤露营夜场\裁切废料\141_莫干山_烧烤露营夜场_裁剪分割__CV008_S018__裁切废料.mp4","0.86","@{x=0; y=9.18; w=100; h=62.722}","裁剪完成，已输出新素材；原分镜未覆盖；保留区域 y=9.2% h=62.7%（含黑边检测）"
"142_莫干山_烧烤露营夜场_裁剪分割__CV008_S019.mp4","D:\Download\素材下载\团建视频\莫干山智能镜头分类\07_烧烤露营夜场\裁切废料\142_莫干山_烧烤露营夜场_裁剪分割__CV008_S019__裁切废料.mp4","0.95","@{x=0; y=17.915; w=100; h=56.267}","裁剪完成，已输出新素材；原分镜未覆盖；保留区域 y=17.9% h=56.3%（含黑边检测）"
"143_莫干山_烧烤露营夜场_裁剪分割__CV008_S020.mp4","D:\Download\素材下载\团建视频\莫干山智能镜头分类\07_烧烤露营夜场\裁切废料\143_莫干山_烧烤露营夜场_裁剪分割__CV008_S020__裁切废料.mp4","0.58","@{x=0; y=6.737; w=100; h=67.283}","裁剪完成，已输出新素材；原分镜未覆盖；保留区域 y=6.7% h=67.3%（含黑边检测）"
"001_莫干山_夜间团队互动__A_V001_S024.mp4","D:\Download\素材下载\团建视频\莫干山智能镜头分类\07_烧烤露营夜场\夜间团队互动\裁切废料\001_莫干山_夜间团队互动__A_V001_S024__裁切废料.mp4","0.82","@{x=0; y=5.986; w=100; h=56.12}","裁剪完成，已输出新素材；原分镜未覆盖；保留区域 y=6.0% h=56.1%（含黑边检测）"
"002_莫干山_夜间团队互动__S_V016_S004.mp4","D:\Download\素材下载\团建视频\莫干山智能镜头分类\07_烧烤露营夜场\夜间团队互动\裁切废料\002_莫干山_夜间团队互动__S_V016_S004__裁切废料.mp4","0.95","@{x=0; y=5.929; w=100; h=74.629}","裁剪完成，已输出新素材；原分镜未覆盖；保留区域 y=5.9% h=74.6%（含黑边检测）"
"003_莫干山_夜间团队互动__A_V016_S005.mp4","D:\Download\素材下载\团建视频\莫干山智能镜头分类\07_烧烤露营夜场\夜间团队互动\裁切废料\003_莫干山_夜间团队互动__A_V016_S005__裁切废料.mp4","0.82","@{x=0; y=11.15; w=100; h=51.164}","裁剪完成，已输出新素材；原分镜未覆盖；保留区域 y=11.2% h=51.2%（含黑边检测）"
"004_莫干山_夜间团队互动__A_V016_S006.mp4","D:\Download\素材下载\团建视频\莫干山智能镜头分类\07_烧烤露营夜场\夜间团队互动\裁切废料\004_莫干山_夜间团队互动__A_V016_S006__裁切废料.mp4","0.82","@{x=0; y=11.15; w=100; h=50.815}","裁剪完成，已输出新素材；原分镜未覆盖；保留区域 y=11.2% h=50.8%（含黑边检测）"
"001_莫干山_夜间娱乐__A_V001_S039.mp4","D:\Download\素材下载\团建视频\莫干山智能镜头分类\07_烧烤露营夜场\夜间娱乐\裁切废料\001_莫干山_夜间娱乐__A_V001_S039__裁切废料.mp4","0.86","@{x=0; y=17.957; w=100; h=63.269}","裁剪完成，已输出新素材；原分镜未覆盖；保留区域 y=18.0% h=63.3%（含黑边检测）"
"002_莫干山_夜间娱乐__S_V005_S037.mp4","D:\Download\素材下载\团建视频\莫干山智能镜头分类\07_烧烤露营夜场\夜间娱乐\裁切废料\002_莫干山_夜间娱乐__S_V005_S037__裁切废料.mp4","0.58","@{x=0; y=0.0; w=100; h=61.968}","裁剪完成，已输出新素材；原分镜未覆盖；保留区域 y=0.0% h=62.0%（含黑边检测）"
"004_莫干山_夜间娱乐__S_V007_S006.mp4","D:\Download\素材下载\团建视频\莫干山智能镜头分类\07_烧烤露营夜场\夜间娱乐\裁切废料\004_莫干山_夜间娱乐__S_V007_S006__裁切废料.mp4","0.7","@{x=0; y=6.738; w=100; h=57.957}","裁剪完成，已输出新素材；原分镜未覆盖；保留区域 y=6.7% h=58.0%（含黑边检测）"
"005_莫干山_夜间娱乐__S_V007_S013.mp4","D:\Download\素材下载\团建视频\莫干山智能镜头分类\07_烧烤露营夜场\夜间娱乐\裁切废料\005_莫干山_夜间娱乐__S_V007_S013__裁切废料.mp4","0.58","@{x=0; y=0.0; w=100; h=72.511}","裁剪完成，已输出新素材；原分镜未覆盖；保留区域 y=0.0% h=72.5%（含黑边检测）"
"009_莫干山_夜间娱乐__S_V013_S001.mp4","D:\Download\素材下载\团建视频\莫干山智能镜头分类\07_烧烤露营夜场\夜间娱乐\裁切废料\009_莫干山_夜间娱乐__S_V013_S001__裁切废料.mp4","0.86","@{x=0; y=17.874; w=100; h=56.558}","裁剪完成，已输出新素材；原分镜未覆盖；保留区域 y=17.9% h=56.6%（含黑边检测）"
"011_莫干山_夜间娱乐__S_V013_S016.mp4","D:\Download\素材下载\团建视频\莫干山智能镜头分类\07_烧烤露营夜场\夜间娱乐\裁切废料\011_莫干山_夜间娱乐__S_V013_S016__裁切废料.mp4","0.86","@{x=0; y=9.718; w=100; h=53.943}","裁剪完成，已输出新素材；原分镜未覆盖；保留区域 y=9.7% h=53.9%（含黑边检测）"
"013_莫干山_夜间娱乐__A_V021_S029.mp4","D:\Download\素材下载\团建视频\莫干山智能镜头分类\07_烧烤露营夜场\夜间娱乐\裁切废料\013_莫干山_夜间娱乐__A_V021_S029__裁切废料.mp4","0.82","@{x=0; y=4.895; w=100; h=72.56}","裁剪完成，已输出新素材；原分镜未覆盖；保留区域 y=4.9% h=72.6%（含黑边检测）"
"015_莫干山_夜间娱乐__S_V023_S004.mp4","D:\Download\素材下载\团建视频\莫干山智能镜头分类\07_烧烤露营夜场\夜间娱乐\裁切废料\015_莫干山_夜间娱乐__S_V023_S004__裁切废料.mp4","0.7","@{x=0; y=17.87; w=100; h=46.621}","裁剪完成，已输出新素材；原分镜未覆盖；保留区域 y=17.9% h=46.6%（含黑边检测）"
"016_莫干山_夜间娱乐__S_V023_S040.mp4","D:\Download\素材下载\团建视频\莫干山智能镜头分类\07_烧烤露营夜场\夜间娱乐\裁切废料\016_莫干山_夜间娱乐__S_V023_S040__裁切废料.mp4","0.82","@{x=0; y=5.14; w=100; h=67.514}","裁剪完成，已输出新素材；原分镜未覆盖；保留区域 y=5.1% h=67.5%（含黑边检测）"
"001_莫干山_烟花__S_V005_S034.mp4","D:\Download\素材下载\团建视频\莫干山智能镜头分类\07_烧烤露营夜场\烟花\裁切废料\001_莫干山_烟花__S_V005_S034__裁切废料.mp4","0.7","@{x=0; y=3.21; w=100; h=67.073}","裁剪完成，已输出新素材；原分镜未覆盖；保留区域 y=3.2% h=67.1%（含黑边检测）"
"003_莫干山_烟花__S_V016_S038.mp4","D:\Download\素材下载\团建视频\莫干山智能镜头分类\07_烧烤露营夜场\烟花\裁切废料\003_莫干山_烟花__S_V016_S038__裁切废料.mp4","0.95","@{x=0; y=2.801; w=100; h=78.309}","裁剪完成，已输出新素材；原分镜未覆盖；保留区域 y=2.8% h=78.3%（含黑边检测）"
"004_莫干山_烤全羊__S_V016_S033.mp4","D:\Download\素材下载\团建视频\莫干山智能镜头分类\07_烧烤露营夜场\烤全羊\裁切废料\004_莫干山_烤全羊__S_V016_S033__裁切废料.mp4","0.7","@{x=0; y=17.864; w=100; h=45.0}","裁剪完成，已输出新素材；原分镜未覆盖；保留区域 y=17.9% h=45.0%（含黑边检测）"
"001_莫干山_烧烤__S_V001_S019.mp4","D:\Download\素材下载\团建视频\莫干山智能镜头分类\07_烧烤露营夜场\烧烤\裁切废料\001_莫干山_烧烤__S_V001_S019__裁切废料.mp4","0.58","@{x=0; y=0.0; w=100; h=77.118}","裁剪完成，已输出新素材；原分镜未覆盖；保留区域 y=0.0% h=77.1%（含黑边检测）"
"003_莫干山_烧烤__S_V001_S022.mp4","D:\Download\素材下载\团建视频\莫干山智能镜头分类\07_烧烤露营夜场\烧烤\裁切废料\003_莫干山_烧烤__S_V001_S022__裁切废料.mp4","0.86","@{x=0; y=4.409; w=100; h=70.032}","裁剪完成，已输出新素材；原分镜未覆盖；保留区域 y=4.4% h=70.0%（含黑边检测）"
"005_莫干山_烧烤__S_V005_S029.mp4","D:\Download\素材下载\团建视频\莫干山智能镜头分类\07_烧烤露营夜场\烧烤\裁切废料\005_莫干山_烧烤__S_V005_S029__裁切废料.mp4","0.86","@{x=0; y=17.852; w=100; h=59.567}","裁剪完成，已输出新素材；原分镜未覆盖；保留区域 y=17.9% h=59.6%（含黑边检测）"
"006_莫干山_烧烤__S_V005_S030.mp4","D:\Download\素材下载\团建视频\莫干山智能镜头分类\07_烧烤露营夜场\烧烤\裁切废料\006_莫干山_烧烤__S_V005_S030__裁切废料.mp4","0.7","@{x=0; y=6.271; w=100; h=74.373}","裁剪完成，已输出新素材；原分镜未覆盖；保留区域 y=6.3% h=74.4%（含黑边检测）"
"007_莫干山_烧烤__S_V005_S031.mp4","D:\Download\素材下载\团建视频\莫干山智能镜头分类\07_烧烤露营夜场\烧烤\裁切废料\007_莫干山_烧烤__S_V005_S031__裁切废料.mp4","0.7","@{x=0; y=17.906; w=100; h=58.328}","裁剪完成，已输出新素材；原分镜未覆盖；保留区域 y=17.9% h=58.3%（含黑边检测）"
"008_莫干山_烧烤__A_V006_S013.mp4","D:\Download\素材下载\团建视频\莫干山智能镜头分类\07_烧烤露营夜场\烧烤\裁切废料\008_莫干山_烧烤__A_V006_S013__裁切废料.mp4","0.86","@{x=0; y=0.0; w=100; h=74.78}","裁剪完成，已输出新素材；原分镜未覆盖；保留区域 y=0.0% h=74.8%（含黑边检测）"
"011_莫干山_烧烤__S_V013_S014.mp4","D:\Download\素材下载\团建视频\莫干山智能镜头分类\07_烧烤露营夜场\烧烤\裁切废料\011_莫干山_烧烤__S_V013_S014__裁切废料.mp4","0.74","@{x=0; y=15.06; w=100; h=64.835}","裁剪完成，已输出新素材；原分镜未覆盖；保留区域 y=15.1% h=64.8%（含黑边检测）"
"012_莫干山_烧烤__S_V013_S015.mp4","D:\Download\素材下载\团建视频\莫干山智能镜头分类\07_烧烤露营夜场\烧烤\裁切废料\012_莫干山_烧烤__S_V013_S015__裁切废料.mp4","0.58","@{x=0; y=0.0; w=100; h=62.0}","裁剪完成，已输出新素材；原分镜未覆盖；保留区域 y=0.0% h=62.0%（含黑边检测）"
"014_莫干山_烧烤__S_V016_S037.mp4","D:\Download\素材下载\团建视频\莫干山智能镜头分类\07_烧烤露营夜场\烧烤\裁切废料\014_莫干山_烧烤__S_V016_S037__裁切废料.mp4","0.86","@{x=0; y=3.938; w=100; h=58.199}","裁剪完成，已输出新素材；原分镜未覆盖；保留区域 y=3.9% h=58.2%（含黑边检测）"
"015_莫干山_烧烤__S_V021_S024.mp4","D:\Download\素材下载\团建视频\莫干山智能镜头分类\07_烧烤露营夜场\烧烤\裁切废料\015_莫干山_烧烤__S_V021_S024__裁切废料.mp4","0.74","@{x=0; y=0.0; w=100; h=62.059}","裁剪完成，已输出新素材；原分镜未覆盖；保留区域 y=0.0% h=62.1%（含黑边检测）"
"017_莫干山_烧烤__S_V021_S026.mp4","D:\Download\素材下载\团建视频\莫干山智能镜头分类\07_烧烤露营夜场\烧烤\裁切废料\017_莫干山_烧烤__S_V021_S026__裁切废料.mp4","0.7","@{x=0; y=14.877; w=100; h=47.052}","裁剪完成，已输出新素材；原分镜未覆盖；保留区域 y=14.9% h=47.1%（含黑边检测）"
"019_莫干山_烧烤__S_V023_S025.mp4","D:\Download\素材下载\团建视频\莫干山智能镜头分类\07_烧烤露营夜场\烧烤\裁切废料\019_莫干山_烧烤__S_V023_S025__裁切废料.mp4","0.7","@{x=0; y=6.296; w=100; h=68.667}","裁剪完成，已输出新素材；原分镜未覆盖；保留区域 y=6.3% h=68.7%（含黑边检测）"
"020_莫干山_烧烤__S_V023_S027.mp4","D:\Download\素材下载\团建视频\莫干山智能镜头分类\07_烧烤露营夜场\烧烤\裁切废料\020_莫干山_烧烤__S_V023_S027__裁切废料.mp4","0.74","@{x=0; y=0.0; w=100; h=63.876}","裁剪完成，已输出新素材；原分镜未覆盖；保留区域 y=0.0% h=63.9%（含黑边检测）"
"001_莫干山_篝火__A_V001_S003.mp4","D:\Download\素材下载\团建视频\莫干山智能镜头分类\07_烧烤露营夜场\篝火\裁切废料\001_莫干山_篝火__A_V001_S003__裁切废料.mp4","0.82","@{x=0; y=4.174; w=100; h=72.956}","裁剪完成，已输出新素材；原分镜未覆盖；保留区域 y=4.2% h=73.0%（含黑边检测）"
"002_莫干山_篝火__A_V001_S021.mp4","D:\Download\素材下载\团建视频\莫干山智能镜头分类\07_烧烤露营夜场\篝火\裁切废料\002_莫干山_篝火__A_V001_S021__裁切废料.mp4","0.58","@{x=0; y=0.0; w=100; h=67.984}","裁剪完成，已输出新素材；原分镜未覆盖；保留区域 y=0.0% h=68.0%（含黑边检测）"
"003_莫干山_篝火__A_V001_S023.mp4","D:\Download\素材下载\团建视频\莫干山智能镜头分类\07_烧烤露营夜场\篝火\裁切废料\003_莫干山_篝火__A_V001_S023__裁切废料.mp4","0.82","@{x=0; y=6.397; w=100; h=57.758}","裁剪完成，已输出新素材；原分镜未覆盖；保留区域 y=6.4% h=57.8%（含黑边检测）"
"004_莫干山_篝火__A_V005_S032.mp4","D:\Download\素材下载\团建视频\莫干山智能镜头分类\07_烧烤露营夜场\篝火\裁切废料\004_莫干山_篝火__A_V005_S032__裁切废料.mp4","0.58","@{x=0; y=0.0; w=100; h=64.839}","裁剪完成，已输出新素材；原分镜未覆盖；保留区域 y=0.0% h=64.8%（含黑边检测）"
"005_莫干山_篝火__S_V005_S033.mp4","D:\Download\素材下载\团建视频\莫干山智能镜头分类\07_烧烤露营夜场\篝火\裁切废料\005_莫干山_篝火__S_V005_S033__裁切废料.mp4","0.82","@{x=0; y=14.167; w=100; h=50.166}","裁剪完成，已输出新素材；原分镜未覆盖；保留区域 y=14.2% h=50.2%（含黑边检测）"
"013_莫干山_篝火__S_V021_S041.mp4","D:\Download\素材下载\团建视频\莫干山智能镜头分类\07_烧烤露营夜场\篝火\裁切废料\013_莫干山_篝火__S_V021_S041__裁切废料.mp4","0.74","@{x=0; y=0.0; w=100; h=76.277}","裁剪完成，已输出新素材；原分镜未覆盖；保留区域 y=0.0% h=76.3%（含黑边检测）"
"014_莫干山_篝火__A_V023_S028.mp4","D:\Download\素材下载\团建视频\莫干山智能镜头分类\07_烧烤露营夜场\篝火\裁切废料\014_莫干山_篝火__A_V023_S028__裁切废料.mp4","0.58","@{x=0; y=0.0; w=100; h=69.383}","裁剪完成，已输出新素材；原分镜未覆盖；保留区域 y=0.0% h=69.4%（含黑边检测）"
"001_莫干山_露营__S_V006_S024.mp4","D:\Download\素材下载\团建视频\莫干山智能镜头分类\07_烧烤露营夜场\露营\裁切废料\001_莫干山_露营__S_V006_S024__裁切废料.mp4","0.7","@{x=0; y=0.0; w=100; h=75.502}","裁剪完成，已输出新素材；原分镜未覆盖；保留区域 y=0.0% h=75.5%（含黑边检测）"
"005_莫干山_露营__S_V016_S031.mp4","D:\Download\素材下载\团建视频\莫干山智能镜头分类\07_烧烤露营夜场\露营\裁切废料\005_莫干山_露营__S_V016_S031__裁切废料.mp4","0.9","@{x=0; y=0.0; w=100; h=79.27}","裁剪完成，已输出新素材；原分镜未覆盖；保留区域 y=0.0% h=79.3%（含黑边检测）"
"009_莫干山_露营__S_V021_S008.mp4","D:\Download\素材下载\团建视频\莫干山智能镜头分类\07_烧烤露营夜场\露营\裁切废料\009_莫干山_露营__S_V021_S008__裁切废料.mp4","0.74","@{x=0; y=0.0; w=100; h=79.615}","裁剪完成，已输出新素材；原分镜未覆盖；保留区域 y=0.0% h=79.6%（含黑边检测）"
"010_莫干山_露营__S_V023_S007.mp4","D:\Download\素材下载\团建视频\莫干山智能镜头分类\07_烧烤露营夜场\露营\裁切废料\010_莫干山_露营__S_V023_S007__裁切废料.mp4","0.58","@{x=0; y=0.0; w=100; h=77.156}","裁剪完成，已输出新素材；原分镜未覆盖；保留区域 y=0.0% h=77.2%（含黑边检测）"
"011_莫干山_露营__S_V023_S020.mp4","D:\Download\素材下载\团建视频\莫干山智能镜头分类\07_烧烤露营夜场\露营\裁切废料\011_莫干山_露营__S_V023_S020__裁切废料.mp4","0.74","@{x=0; y=0.0; w=100; h=77.156}","裁剪完成，已输出新素材；原分镜未覆盖；保留区域 y=0.0% h=77.2%（含黑边检测）"
"001_莫干山_露营吃东西__S_V001_S004.mp4","D:\Download\素材下载\团建视频\莫干山智能镜头分类\07_烧烤露营夜场\露营吃东西\裁切废料\001_莫干山_露营吃东西__S_V001_S004__裁切废料.mp4","0.86","@{x=0; y=4.205; w=100; h=58.051}","裁剪完成，已输出新素材；原分镜未覆盖；保留区域 y=4.2% h=58.1%（含黑边检测）"
"002_莫干山_露营吃东西__S_V006_S025.mp4","D:\Download\素材下载\团建视频\莫干山智能镜头分类\07_烧烤露营夜场\露营吃东西\裁切废料\002_莫干山_露营吃东西__S_V006_S025__裁切废料.mp4","0.7","@{x=0; y=0.0; w=100; h=77.307}","裁剪完成，已输出新素材；原分镜未覆盖；保留区域 y=0.0% h=77.3%（含黑边检测）"
"003_莫干山_露营吃东西__S_V006_S032.mp4","D:\Download\素材下载\团建视频\莫干山智能镜头分类\07_烧烤露营夜场\露营吃东西\裁切废料\003_莫干山_露营吃东西__S_V006_S032__裁切废料.mp4","0.7","@{x=0; y=0.0; w=100; h=70.628}","裁剪完成，已输出新素材；原分镜未覆盖；保留区域 y=0.0% h=70.6%（含黑边检测）"
"004_莫干山_露营吃东西__S_V007_S002.mp4","D:\Download\素材下载\团建视频\莫干山智能镜头分类\07_烧烤露营夜场\露营吃东西\裁切废料\004_莫干山_露营吃东西__S_V007_S002__裁切废料.mp4","0.58","@{x=0; y=0.0; w=100; h=75.505}","裁剪完成，已输出新素材；原分镜未覆盖；保留区域 y=0.0% h=75.5%（含黑边检测）"
"005_莫干山_露营吃东西__S_V007_S007.mp4","D:\Download\素材下载\团建视频\莫干山智能镜头分类\07_烧烤露营夜场\露营吃东西\裁切废料\005_莫干山_露营吃东西__S_V007_S007__裁切废料.mp4","0.82","@{x=0; y=4.212; w=100; h=69.832}","裁剪完成，已输出新素材；原分镜未覆盖；保留区域 y=4.2% h=69.8%（含黑边检测）"
"009_莫干山_露营吃东西__A_V016_S036.mp4","D:\Download\素材下载\团建视频\莫干山智能镜头分类\07_烧烤露营夜场\露营吃东西\裁切废料\009_莫干山_露营吃东西__A_V016_S036__裁切废料.mp4","0.74","@{x=0; y=10.072; w=100; h=66.752}","裁剪完成，已输出新素材；原分镜未覆盖；保留区域 y=10.1% h=66.8%（含黑边检测）"
"011_莫干山_露营吃东西__S_V021_S006.mp4","D:\Download\素材下载\团建视频\莫干山智能镜头分类\07_烧烤露营夜场\露营吃东西\裁切废料\011_莫干山_露营吃东西__S_V021_S006__裁切废料.mp4","0.58","@{x=0; y=17.893; w=100; h=50.784}","裁剪完成，已输出新素材；原分镜未覆盖；保留区域 y=17.9% h=50.8%（含黑边检测）"
"001_莫干山_图文海报__S_V009_S001.mp4","D:\Download\素材下载\团建视频\莫干山智能镜头分类\90_待人工分类\图文海报\裁切废料\001_莫干山_图文海报__S_V009_S001__裁切废料.mp4","0.74","@{x=0; y=0.0; w=100; h=74.599}","裁剪完成，已输出新素材；原分镜未覆盖；保留区域 y=0.0% h=74.6%（含黑边检测）"
"002_莫干山_图文海报__S_V009_S002.mp4","D:\Download\素材下载\团建视频\莫干山智能镜头分类\90_待人工分类\图文海报\裁切废料\002_莫干山_图文海报__S_V009_S002__裁切废料.mp4","0.7","@{x=0; y=12.613; w=100; h=66.324}","裁剪完成，已输出新素材；原分镜未覆盖；保留区域 y=12.6% h=66.3%（含黑边检测）"
"003_莫干山_图文海报__S_V009_S003.mp4","D:\Download\素材下载\团建视频\莫干山智能镜头分类\90_待人工分类\图文海报\裁切废料\003_莫干山_图文海报__S_V009_S003__裁切废料.mp4","0.95","@{x=0; y=15.614; w=100; h=57.737}","裁剪完成，已输出新素材；原分镜未覆盖；保留区域 y=15.6% h=57.7%（含黑边检测）"
"004_莫干山_图文海报__S_V009_S004.mp4","D:\Download\素材下载\团建视频\莫干山智能镜头分类\90_待人工分类\图文海报\裁切废料\004_莫干山_图文海报__S_V009_S004__裁切废料.mp4","0.95","@{x=0; y=8.484; w=100; h=53.48}","裁剪完成，已输出新素材；原分镜未覆盖；保留区域 y=8.5% h=53.5%（含黑边检测）"
"005_莫干山_图文海报__S_V009_S005.mp4","D:\Download\素材下载\团建视频\莫干山智能镜头分类\90_待人工分类\图文海报\裁切废料\005_莫干山_图文海报__S_V009_S005__裁切废料.mp4","0.58","@{x=0; y=0.0; w=100; h=76.414}","裁剪完成，已输出新素材；原分镜未覆盖；保留区域 y=0.0% h=76.4%（含黑边检测）"
"006_莫干山_图文海报__S_V009_S006.mp4","D:\Download\素材下载\团建视频\莫干山智能镜头分类\90_待人工分类\图文海报\裁切废料\006_莫干山_图文海报__S_V009_S006__裁切废料.mp4","0.95","@{x=0; y=15.64; w=100; h=56.613}","裁剪完成，已输出新素材；原分镜未覆盖；保留区域 y=15.6% h=56.6%（含黑边检测）"
"007_莫干山_图文海报__S_V009_S007.mp4","D:\Download\素材下载\团建视频\莫干山智能镜头分类\90_待人工分类\图文海报\裁切废料\007_莫干山_图文海报__S_V009_S007__裁切废料.mp4","0.95","@{x=0; y=15.64; w=100; h=55.349}","裁剪完成，已输出新素材；原分镜未覆盖；保留区域 y=15.6% h=55.3%（含黑边检测）"
"009_莫干山_图文海报__S_V009_S009.mp4","D:\Download\素材下载\团建视频\莫干山智能镜头分类\90_待人工分类\图文海报\裁切废料\009_莫干山_图文海报__S_V009_S009__裁切废料.mp4","0.86","@{x=0; y=16.182; w=100; h=45.782}","裁剪完成，已输出新素材；原分镜未覆盖；保留区域 y=16.2% h=45.8%（含黑边检测）"
"011_莫干山_图文海报__S_V009_S011.mp4","D:\Download\素材下载\团建视频\莫干山智能镜头分类\90_待人工分类\图文海报\裁切废料\011_莫干山_图文海报__S_V009_S011__裁切废料.mp4","0.7","@{x=0; y=7.971; w=100; h=54.101}","裁剪完成，已输出新素材；原分镜未覆盖；保留区域 y=8.0% h=54.1%（含黑边检测）"
"012_莫干山_图文海报__S_V009_S012.mp4","D:\Download\素材下载\团建视频\莫干山智能镜头分类\90_待人工分类\图文海报\裁切废料\012_莫干山_图文海报__S_V009_S012__裁切废料.mp4","0.7","@{x=0; y=16.362; w=100; h=46.504}","裁剪完成，已输出新素材；原分镜未覆盖；保留区域 y=16.4% h=46.5%（含黑边检测）"
"013_莫干山_图文海报__S_V009_S013.mp4","D:\Download\素材下载\团建视频\莫干山智能镜头分类\90_待人工分类\图文海报\裁切废料\013_莫干山_图文海报__S_V009_S013__裁切废料.mp4","0.7","@{x=0; y=15.884; w=100; h=53.3}","裁剪完成，已输出新素材；原分镜未覆盖；保留区域 y=15.9% h=53.3%（含黑边检测）"
"014_莫干山_图文海报__S_V009_S014.mp4","D:\Download\素材下载\团建视频\莫干山智能镜头分类\90_待人工分类\图文海报\裁切废料\014_莫干山_图文海报__S_V009_S014__裁切废料.mp4","0.86","@{x=0; y=5.415; w=100; h=56.549}","裁剪完成，已输出新素材；原分镜未覆盖；保留区域 y=5.4% h=56.5%（含黑边检测）"
"016_莫干山_图文海报__S_V009_S016.mp4","D:\Download\素材下载\团建视频\莫干山智能镜头分类\90_待人工分类\图文海报\裁切废料\016_莫干山_图文海报__S_V009_S016__裁切废料.mp4","0.86","@{x=0; y=5.957; w=100; h=56.007}","裁剪完成，已输出新素材；原分镜未覆盖；保留区域 y=6.0% h=56.0%（含黑边检测）"
"017_莫干山_图文海报__S_V012_S002.mp4","D:\Download\素材下载\团建视频\莫干山智能镜头分类\90_待人工分类\图文海报\裁切废料\017_莫干山_图文海报__S_V012_S002__裁切废料.mp4","0.86","@{x=0; y=0.0; w=100; h=75.367}","裁剪完成，已输出新素材；原分镜未覆盖；保留区域 y=0.0% h=75.4%（含黑边检测）"
"010_莫干山_方案讲解__S_V004_S010.mp4","D:\Download\素材下载\团建视频\莫干山智能镜头分类\90_待人工分类\方案讲解\裁切废料\010_莫干山_方案讲解__S_V004_S010__裁切废料.mp4","0.95","@{x=0; y=17.993; w=100; h=60.547}","裁剪完成，已输出新素材；原分镜未覆盖；保留区域 y=18.0% h=60.5%（含黑边检测）"
"012_莫干山_方案讲解__S_V004_S012.mp4","D:\Download\素材下载\团建视频\莫干山智能镜头分类\90_待人工分类\方案讲解\裁切废料\012_莫干山_方案讲解__S_V004_S012__裁切废料.mp4","0.86","@{x=0; y=5.977; w=100; h=73.438}","裁剪完成，已输出新素材；原分镜未覆盖；保留区域 y=6.0% h=73.4%（含黑边检测）"
"013_莫干山_方案讲解__S_V004_S017.mp4","D:\Download\素材下载\团建视频\莫干山智能镜头分类\90_待人工分类\方案讲解\裁切废料\013_莫干山_方案讲解__S_V004_S017__裁切废料.mp4","0.7","@{x=0; y=5.776; w=100; h=61.964}","裁剪完成，已输出新素材；原分镜未覆盖；保留区域 y=5.8% h=62.0%（含黑边检测）"
"014_莫干山_方案讲解__S_V004_S018.mp4","D:\Download\素材下载\团建视频\莫干山智能镜头分类\90_待人工分类\方案讲解\裁切废料\014_莫干山_方案讲解__S_V004_S018__裁切废料.mp4","0.7","@{x=0; y=6.498; w=100; h=55.466}","裁剪完成，已输出新素材；原分镜未覆盖；保留区域 y=6.5% h=55.5%（含黑边检测）"
"015_莫干山_方案讲解__S_V004_S019_待人工确认.mp4","D:\Download\素材下载\团建视频\莫干山智能镜头分类\90_待人工分类\方案讲解\裁切废料\015_莫干山_方案讲解__S_V004_S019_待人工确认__裁切废料.mp4","0.7","@{x=0; y=6.324; w=100; h=67.441}","裁剪完成，已输出新素材；原分镜未覆盖；保留区域 y=6.3% h=67.4%（含黑边检测）"
"016_莫干山_方案讲解__S_V004_S020.mp4","D:\Download\素材下载\团建视频\莫干山智能镜头分类\90_待人工分类\方案讲解\裁切废料\016_莫干山_方案讲解__S_V004_S020__裁切废料.mp4","0.7","@{x=0; y=6.726; w=100; h=70.495}","裁剪完成，已输出新素材；原分镜未覆盖；保留区域 y=6.7% h=70.5%（含黑边检测）"
"020_莫干山_方案讲解__S_V004_S024.mp4","D:\Download\素材下载\团建视频\莫干山智能镜头分类\90_待人工分类\方案讲解\裁切废料\020_莫干山_方案讲解__S_V004_S024__裁切废料.mp4","0.58","@{x=0; y=0.0; w=100; h=65.309}","裁剪完成，已输出新素材；原分镜未覆盖；保留区域 y=0.0% h=65.3%（含黑边检测）"
"021_莫干山_方案讲解__S_V004_S025.mp4","D:\Download\素材下载\团建视频\莫干山智能镜头分类\90_待人工分类\方案讲解\裁切废料\021_莫干山_方案讲解__S_V004_S025__裁切废料.mp4","0.86","@{x=0; y=7.317; w=100; h=65.798}","裁剪完成，已输出新素材；原分镜未覆盖；保留区域 y=7.3% h=65.8%（含黑边检测）"
"022_莫干山_方案讲解__S_V004_S026.mp4","D:\Download\素材下载\团建视频\莫干山智能镜头分类\90_待人工分类\方案讲解\裁切废料\022_莫干山_方案讲解__S_V004_S026__裁切废料.mp4","0.7","@{x=0; y=4.513; w=100; h=65.754}","裁剪完成，已输出新素材；原分镜未覆盖；保留区域 y=4.5% h=65.8%（含黑边检测）"
"023_莫干山_方案讲解__S_V004_S027.mp4","D:\Download\素材下载\团建视频\莫干山智能镜头分类\90_待人工分类\方案讲解\裁切废料\023_莫干山_方案讲解__S_V004_S027__裁切废料.mp4","0.86","@{x=0; y=5.795; w=100; h=66.695}","裁剪完成，已输出新素材；原分镜未覆盖；保留区域 y=5.8% h=66.7%（含黑边检测）"
"024_莫干山_方案讲解__S_V004_S028.mp4","D:\Download\素材下载\团建视频\莫干山智能镜头分类\90_待人工分类\方案讲解\裁切废料\024_莫干山_方案讲解__S_V004_S028__裁切废料.mp4","0.7","@{x=0; y=4.643; w=100; h=58.071}","裁剪完成，已输出新素材；原分镜未覆盖；保留区域 y=4.6% h=58.1%（含黑边检测）"
"025_莫干山_方案讲解__S_V004_S029.mp4","D:\Download\素材下载\团建视频\莫干山智能镜头分类\90_待人工分类\方案讲解\裁切废料\025_莫干山_方案讲解__S_V004_S029__裁切废料.mp4","0.86","@{x=0; y=5.684; w=100; h=72.764}","裁剪完成，已输出新素材；原分镜未覆盖；保留区域 y=5.7% h=72.8%（含黑边检测）"
"030_莫干山_方案讲解__S_V004_S034.mp4","D:\Download\素材下载\团建视频\莫干山智能镜头分类\90_待人工分类\方案讲解\裁切废料\030_莫干山_方案讲解__S_V004_S034__裁切废料.mp4","0.7","@{x=0; y=5.893; w=100; h=71.286}","裁剪完成，已输出新素材；原分镜未覆盖；保留区域 y=5.9% h=71.3%（含黑边检测）"
"031_莫干山_方案讲解__S_V004_S035.mp4","D:\Download\素材下载\团建视频\莫干山智能镜头分类\90_待人工分类\方案讲解\裁切废料\031_莫干山_方案讲解__S_V004_S035__裁切废料.mp4","0.95","@{x=0; y=5.0; w=100; h=68.481}","裁剪完成，已输出新素材；原分镜未覆盖；保留区域 y=5.0% h=68.5%（含黑边检测）"
"001_莫干山_待人工分类_裁剪分割__CV002_S001.mp4","D:\Download\素材下载\团建视频\莫干山智能镜头分类\90_待人工分类\裁剪分割待复核\裁切废料\001_莫干山_待人工分类_裁剪分割__CV002_S001__裁切废料.mp4","0.58","@{x=0; y=0.0; w=100; h=62.0}","裁剪完成，已输出新素材；原分镜未覆盖；保留区域 y=0.0% h=62.0%（含黑边检测）"
"002_莫干山_待人工分类_裁剪分割__CV002_S002.mp4","D:\Download\素材下载\团建视频\莫干山智能镜头分类\90_待人工分类\裁剪分割待复核\裁切废料\002_莫干山_待人工分类_裁剪分割__CV002_S002__裁切废料.mp4","0.95","@{x=0; y=15.046; w=100; h=60.8}","裁剪完成，已输出新素材；原分镜未覆盖；保留区域 y=15.0% h=60.8%（含黑边检测）"
"003_莫干山_待人工分类_裁剪分割__CV002_S003.mp4","D:\Download\素材下载\团建视频\莫干山智能镜头分类\90_待人工分类\裁剪分割待复核\裁切废料\003_莫干山_待人工分类_裁剪分割__CV002_S003__裁切废料.mp4","0.82","@{x=0; y=4.103; w=100; h=69.521}","裁剪完成，已输出新素材；原分镜未覆盖；保留区域 y=4.1% h=69.5%（含黑边检测）"
"004_莫干山_待人工分类_裁剪分割__CV002_S004.mp4","D:\Download\素材下载\团建视频\莫干山智能镜头分类\90_待人工分类\裁剪分割待复核\裁切废料\004_莫干山_待人工分类_裁剪分割__CV002_S004__裁切废料.mp4","0.74","@{x=0; y=0.0; w=100; h=77.726}","裁剪完成，已输出新素材；原分镜未覆盖；保留区域 y=0.0% h=77.7%（含黑边检测）"
"005_莫干山_待人工分类_裁剪分割__CV002_S005.mp4","D:\Download\素材下载\团建视频\莫干山智能镜头分类\90_待人工分类\裁剪分割待复核\裁切废料\005_莫干山_待人工分类_裁剪分割__CV002_S005__裁切废料.mp4","0.58","@{x=0; y=0.0; w=100; h=62.0}","裁剪完成，已输出新素材；原分镜未覆盖；保留区域 y=0.0% h=62.0%（含黑边检测）"
"006_莫干山_待人工分类_裁剪分割__CV002_S006.mp4","D:\Download\素材下载\团建视频\莫干山智能镜头分类\90_待人工分类\裁剪分割待复核\裁切废料\006_莫干山_待人工分类_裁剪分割__CV002_S006__裁切废料.mp4","0.74","@{x=0; y=0.0; w=100; h=62.0}","裁剪完成，已输出新素材；原分镜未覆盖；保留区域 y=0.0% h=62.0%（含黑边检测）"
"007_莫干山_待人工分类_裁剪分割__CV002_S007.mp4","D:\Download\素材下载\团建视频\莫干山智能镜头分类\90_待人工分类\裁剪分割待复核\裁切废料\007_莫干山_待人工分类_裁剪分割__CV002_S007__裁切废料.mp4","0.86","@{x=0; y=18.0; w=100; h=45.0}","裁剪完成，已输出新素材；原分镜未覆盖；保留区域 y=18.0% h=45.0%（含黑边检测）"
"008_莫干山_待人工分类_裁剪分割__CV002_S008.mp4","D:\Download\素材下载\团建视频\莫干山智能镜头分类\90_待人工分类\裁剪分割待复核\裁切废料\008_莫干山_待人工分类_裁剪分割__CV002_S008__裁切废料.mp4","0.86","@{x=0; y=11.795; w=100; h=65.931}","裁剪完成，已输出新素材；原分镜未覆盖；保留区域 y=11.8% h=65.9%（含黑边检测）"
"009_莫干山_待人工分类_裁剪分割__CV002_S009.mp4","D:\Download\素材下载\团建视频\莫干山智能镜头分类\90_待人工分类\裁剪分割待复核\裁切废料\009_莫干山_待人工分类_裁剪分割__CV002_S009__裁切废料.mp4","0.95","@{x=0; y=6.154; w=100; h=64.222}","裁剪完成，已输出新素材；原分镜未覆盖；保留区域 y=6.2% h=64.2%（含黑边检测）"
"010_莫干山_待人工分类_裁剪分割__CV002_S010.mp4","D:\Download\素材下载\团建视频\莫干山智能镜头分类\90_待人工分类\裁剪分割待复核\裁切废料\010_莫干山_待人工分类_裁剪分割__CV002_S010__裁切废料.mp4","0.86","@{x=0; y=5.983; w=100; h=74.649}","裁剪完成，已输出新素材；原分镜未覆盖；保留区域 y=6.0% h=74.6%（含黑边检测）"
"011_莫干山_待人工分类_裁剪分割__CV002_S011.mp4","D:\Download\素材下载\团建视频\莫干山智能镜头分类\90_待人工分类\裁剪分割待复核\裁切废料\011_莫干山_待人工分类_裁剪分割__CV002_S011__裁切废料.mp4","0.9","@{x=0; y=17.952; w=100; h=56.698}","裁剪完成，已输出新素材；原分镜未覆盖；保留区域 y=18.0% h=56.7%（含黑边检测）"
"013_莫干山_待人工分类_裁剪分割__CV002_S013.mp4","D:\Download\素材下载\团建视频\莫干山智能镜头分类\90_待人工分类\裁剪分割待复核\裁切废料\013_莫干山_待人工分类_裁剪分割__CV002_S013__裁切废料.mp4","0.74","@{x=0; y=0.0; w=100; h=62.171}","裁剪完成，已输出新素材；原分镜未覆盖；保留区域 y=0.0% h=62.2%（含黑边检测）"
"014_莫干山_待人工分类_裁剪分割__CV002_S014.mp4","D:\Download\素材下载\团建视频\莫干山智能镜头分类\90_待人工分类\裁剪分割待复核\裁切废料\014_莫干山_待人工分类_裁剪分割__CV002_S014__裁切废料.mp4","0.7","@{x=0; y=7.863; w=100; h=54.308}","裁剪完成，已输出新素材；原分镜未覆盖；保留区域 y=7.9% h=54.3%（含黑边检测）"
"015_莫干山_待人工分类_裁剪分割__CV002_S015.mp4","D:\Download\素材下载\团建视频\莫干山智能镜头分类\90_待人工分类\裁剪分割待复核\裁切废料\015_莫干山_待人工分类_裁剪分割__CV002_S015__裁切废料.mp4","0.58","@{x=0; y=0.0; w=100; h=62.0}","裁剪完成，已输出新素材；原分镜未覆盖；保留区域 y=0.0% h=62.0%（含黑边检测）"
"016_莫干山_待人工分类_裁剪分割__CV002_S016.mp4","D:\Download\素材下载\团建视频\莫干山智能镜头分类\90_待人工分类\裁剪分割待复核\裁切废料\016_莫干山_待人工分类_裁剪分割__CV002_S016__裁切废料.mp4","0.58","@{x=0; y=0.0; w=100; h=62.0}","裁剪完成，已输出新素材；原分镜未覆盖；保留区域 y=0.0% h=62.0%（含黑边检测）"
"017_莫干山_待人工分类_裁剪分割__CV002_S017.mp4","D:\Download\素材下载\团建视频\莫干山智能镜头分类\90_待人工分类\裁剪分割待复核\裁切废料\017_莫干山_待人工分类_裁剪分割__CV002_S017__裁切废料.mp4","0.86","@{x=0; y=15.73; w=100; h=46.27}","裁剪完成，已输出新素材；原分镜未覆盖；保留区域 y=15.7% h=46.3%（含黑边检测）"
"018_莫干山_待人工分类_裁剪分割__CV002_S018.mp4","D:\Download\素材下载\团建视频\莫干山智能镜头分类\90_待人工分类\裁剪分割待复核\裁切废料\018_莫干山_待人工分类_裁剪分割__CV002_S018__裁切废料.mp4","0.58","@{x=0; y=0.0; w=100; h=62.0}","裁剪完成，已输出新素材；原分镜未覆盖；保留区域 y=0.0% h=62.0%（含黑边检测）"
"019_莫干山_待人工分类_裁剪分割__CV002_S019.mp4","D:\Download\素材下载\团建视频\莫干山智能镜头分类\90_待人工分类\裁剪分割待复核\裁切废料\019_莫干山_待人工分类_裁剪分割__CV002_S019__裁切废料.mp4","0.58","@{x=0; y=0.0; w=100; h=66.786}","裁剪完成，已输出新素材；原分镜未覆盖；保留区域 y=0.0% h=66.8%（含黑边检测）"
"020_莫干山_待人工分类_裁剪分割__CV002_S020.mp4","D:\Download\素材下载\团建视频\莫干山智能镜头分类\90_待人工分类\裁剪分割待复核\裁切废料\020_莫干山_待人工分类_裁剪分割__CV002_S020__裁切废料.mp4","0.7","@{x=0; y=17.265; w=100; h=45.0}","裁剪完成，已输出新素材；原分镜未覆盖；保留区域 y=17.3% h=45.0%（含黑边检测）"
"021_莫干山_待人工分类_裁剪分割__CV002_S021.mp4","D:\Download\素材下载\团建视频\莫干山智能镜头分类\90_待人工分类\裁剪分割待复核\裁切废料\021_莫干山_待人工分类_裁剪分割__CV002_S021__裁切废料.mp4","0.58","@{x=0; y=0.0; w=100; h=63.88}","裁剪完成，已输出新素材；原分镜未覆盖；保留区域 y=0.0% h=63.9%（含黑边检测）"
"022_莫干山_待人工分类_裁剪分割__CV002_S022.mp4","D:\Download\素材下载\团建视频\莫干山智能镜头分类\90_待人工分类\裁剪分割待复核\裁切废料\022_莫干山_待人工分类_裁剪分割__CV002_S022__裁切废料.mp4","0.74","@{x=0; y=13.166; w=100; h=53.449}","裁剪完成，已输出新素材；原分镜未覆盖；保留区域 y=13.2% h=53.4%（含黑边检测）"
"023_莫干山_待人工分类_裁剪分割__CV002_S023.mp4","D:\Download\素材下载\团建视频\莫干山智能镜头分类\90_待人工分类\裁剪分割待复核\裁切废料\023_莫干山_待人工分类_裁剪分割__CV002_S023__裁切废料.mp4","0.82","@{x=0; y=4.103; w=100; h=59.606}","裁剪完成，已输出新素材；原分镜未覆盖；保留区域 y=4.1% h=59.6%（含黑边检测）"
"024_莫干山_待人工分类_裁剪分割__CV002_S024.mp4","D:\Download\素材下载\团建视频\莫干山智能镜头分类\90_待人工分类\裁剪分割待复核\裁切废料\024_莫干山_待人工分类_裁剪分割__CV002_S024__裁切废料.mp4","0.7","@{x=0; y=0.0; w=100; h=77.556}","裁剪完成，已输出新素材；原分镜未覆盖；保留区域 y=0.0% h=77.6%（含黑边检测）"
"025_莫干山_待人工分类_裁剪分割__CV002_S025.mp4","D:\Download\素材下载\团建视频\莫干山智能镜头分类\90_待人工分类\裁剪分割待复核\裁切废料\025_莫干山_待人工分类_裁剪分割__CV002_S025__裁切废料.mp4","0.74","@{x=0; y=0.0; w=100; h=74.991}","裁剪完成，已输出新素材；原分镜未覆盖；保留区域 y=0.0% h=75.0%（含黑边检测）"
"026_莫干山_待人工分类_裁剪分割__CV002_S026.mp4","D:\Download\素材下载\团建视频\莫干山智能镜头分类\90_待人工分类\裁剪分割待复核\裁切废料\026_莫干山_待人工分类_裁剪分割__CV002_S026__裁切废料.mp4","0.86","@{x=0; y=14.359; w=100; h=57.556}","裁剪完成，已输出新素材；原分镜未覆盖；保留区域 y=14.4% h=57.6%（含黑边检测）"
"027_莫干山_待人工分类_裁剪分割__CV002_S027.mp4","D:\Download\素材下载\团建视频\莫干山智能镜头分类\90_待人工分类\裁剪分割待复核\裁切废料\027_莫干山_待人工分类_裁剪分割__CV002_S027__裁切废料.mp4","0.7","@{x=0; y=9.402; w=100; h=58.581}","裁剪完成，已输出新素材；原分镜未覆盖；保留区域 y=9.4% h=58.6%（含黑边检测）"
"028_莫干山_待人工分类_裁剪分割__CV002_S028.mp4","D:\Download\素材下载\团建视频\莫干山智能镜头分类\90_待人工分类\裁剪分割待复核\裁切废料\028_莫干山_待人工分类_裁剪分割__CV002_S028__裁切废料.mp4","0.7","@{x=0; y=3.761; w=100; h=68.495}","裁剪完成，已输出新素材；原分镜未覆盖；保留区域 y=3.8% h=68.5%（含黑边检测）"
"029_莫干山_待人工分类_裁剪分割__CV002_S029.mp4","D:\Download\素材下载\团建视频\莫干山智能镜头分类\90_待人工分类\裁剪分割待复核\裁切废料\029_莫干山_待人工分类_裁剪分割__CV002_S029__裁切废料.mp4","0.7","@{x=0; y=5.128; w=100; h=67.299}","裁剪完成，已输出新素材；原分镜未覆盖；保留区域 y=5.1% h=67.3%（含黑边检测）"
"030_莫干山_待人工分类_裁剪分割__CV002_S030.mp4","D:\Download\素材下载\团建视频\莫干山智能镜头分类\90_待人工分类\裁剪分割待复核\裁切废料\030_莫干山_待人工分类_裁剪分割__CV002_S030__裁切废料.mp4","0.58","@{x=0; y=0.0; w=100; h=62.0}","裁剪完成，已输出新素材；原分镜未覆盖；保留区域 y=0.0% h=62.0%（含黑边检测）"
"031_莫干山_待人工分类_裁剪分割__CV002_S031.mp4","D:\Download\素材下载\团建视频\莫干山智能镜头分类\90_待人工分类\裁剪分割待复核\裁切废料\031_莫干山_待人工分类_裁剪分割__CV002_S031__裁切废料.mp4","0.7","@{x=0; y=3.59; w=100; h=61.145}","裁剪完成，已输出新素材；原分镜未覆盖；保留区域 y=3.6% h=61.1%（含黑边检测）"
"032_莫干山_待人工分类_裁剪分割__CV002_S032.mp4","D:\Download\素材下载\团建视频\莫干山智能镜头分类\90_待人工分类\裁剪分割待复核\裁切废料\032_莫干山_待人工分类_裁剪分割__CV002_S032__裁切废料.mp4","0.58","@{x=0; y=0.0; w=100; h=78.41}","裁剪完成，已输出新素材；原分镜未覆盖；保留区域 y=0.0% h=78.4%（含黑边检测）"
"033_莫干山_待人工分类_裁剪分割__CV002_S033.mp4","D:\Download\素材下载\团建视频\莫干山智能镜头分类\90_待人工分类\裁剪分割待复核\裁切废料\033_莫干山_待人工分类_裁剪分割__CV002_S033__裁切废料.mp4","0.86","@{x=0; y=17.949; w=100; h=60.29}","裁剪完成，已输出新素材；原分镜未覆盖；保留区域 y=17.9% h=60.3%（含黑边检测）"
"034_莫干山_待人工分类_裁剪分割__CV002_S034.mp4","D:\Download\素材下载\团建视频\莫干山智能镜头分类\90_待人工分类\裁剪分割待复核\裁切废料\034_莫干山_待人工分类_裁剪分割__CV002_S034__裁切废料.mp4","0.86","@{x=0; y=6.325; w=100; h=61.316}","裁剪完成，已输出新素材；原分镜未覆盖；保留区域 y=6.3% h=61.3%（含黑边检测）"
"035_莫干山_待人工分类_裁剪分割__CV002_S035.mp4","D:\Download\素材下载\团建视频\莫干山智能镜头分类\90_待人工分类\裁剪分割待复核\裁切废料\035_莫干山_待人工分类_裁剪分割__CV002_S035__裁切废料.mp4","0.58","@{x=0; y=0.0; w=100; h=62.0}","裁剪完成，已输出新素材；原分镜未覆盖；保留区域 y=0.0% h=62.0%（含黑边检测）"
"036_莫干山_待人工分类_裁剪分割__CV002_S036.mp4","D:\Download\素材下载\团建视频\莫干山智能镜头分类\90_待人工分类\裁剪分割待复核\裁切废料\036_莫干山_待人工分类_裁剪分割__CV002_S036__裁切废料.mp4","0.7","@{x=0; y=17.949; w=100; h=45.0}","裁剪完成，已输出新素材；原分镜未覆盖；保留区域 y=17.9% h=45.0%（含黑边检测）"
"037_莫干山_待人工分类_裁剪分割__CV002_S037.mp4","D:\Download\素材下载\团建视频\莫干山智能镜头分类\90_待人工分类\裁剪分割待复核\裁切废料\037_莫干山_待人工分类_裁剪分割__CV002_S037__裁切废料.mp4","0.7","@{x=0; y=5.812; w=100; h=72.94}","裁剪完成，已输出新素材；原分镜未覆盖；保留区域 y=5.8% h=72.9%（含黑边检测）"
"038_莫干山_待人工分类_裁剪分割__CV002_S038.mp4","D:\Download\素材下载\团建视频\莫干山智能镜头分类\90_待人工分类\裁剪分割待复核\裁切废料\038_莫干山_待人工分类_裁剪分割__CV002_S038__裁切废料.mp4","0.74","@{x=0; y=0.0; w=100; h=74.65}","裁剪完成，已输出新素材；原分镜未覆盖；保留区域 y=0.0% h=74.7%（含黑边检测）"
"039_莫干山_待人工分类_裁剪分割__CV002_S039.mp4","D:\Download\素材下载\团建视频\莫干山智能镜头分类\90_待人工分类\裁剪分割待复核\裁切废料\039_莫干山_待人工分类_裁剪分割__CV002_S039__裁切废料.mp4","0.86","@{x=0; y=17.949; w=100; h=59.607}","裁剪完成，已输出新素材；原分镜未覆盖；保留区域 y=17.9% h=59.6%（含黑边检测）"
"144_莫干山_待人工分类_裁剪分割__CV010_S001.mp4","D:\Download\素材下载\团建视频\莫干山智能镜头分类\90_待人工分类\裁剪分割待复核\裁切废料\144_莫干山_待人工分类_裁剪分割__CV010_S001__裁切废料.mp4","0.95","@{x=0; y=7.934; w=100; h=58.347}","裁剪完成，已输出新素材；原分镜未覆盖；保留区域 y=7.9% h=58.3%（含黑边检测）"
"145_莫干山_待人工分类_裁剪分割__CV010_S002.mp4","D:\Download\素材下载\团建视频\莫干山智能镜头分类\90_待人工分类\裁剪分割待复核\裁切废料\145_莫干山_待人工分类_裁剪分割__CV010_S002__裁切废料.mp4","0.95","@{x=0; y=12.877; w=100; h=53.554}","裁剪完成，已输出新素材；原分镜未覆盖；保留区域 y=12.9% h=53.6%（含黑边检测）"
"146_莫干山_待人工分类_裁剪分割__CV010_S003.mp4","D:\Download\素材下载\团建视频\莫干山智能镜头分类\90_待人工分类\裁剪分割待复核\裁切废料\146_莫干山_待人工分类_裁剪分割__CV010_S003__裁切废料.mp4","0.95","@{x=0; y=7.637; w=100; h=58.644}","裁剪完成，已输出新素材；原分镜未覆盖；保留区域 y=7.6% h=58.6%（含黑边检测）"
"147_莫干山_待人工分类_裁剪分割__CV010_S004.mp4","D:\Download\素材下载\团建视频\莫干山智能镜头分类\90_待人工分类\裁剪分割待复核\裁切废料\147_莫干山_待人工分类_裁剪分割__CV010_S004__裁切废料.mp4","0.95","@{x=0; y=7.635; w=100; h=54.455}","裁剪完成，已输出新素材；原分镜未覆盖；保留区域 y=7.6% h=54.5%（含黑边检测）"
"148_莫干山_待人工分类_裁剪分割__CV010_S005.mp4","D:\Download\素材下载\团建视频\莫干山智能镜头分类\90_待人工分类\裁剪分割待复核\裁切废料\148_莫干山_待人工分类_裁剪分割__CV010_S005__裁切废料.mp4","0.82","@{x=0; y=7.784; w=100; h=54.156}","裁剪完成，已输出新素材；原分镜未覆盖；保留区域 y=7.8% h=54.2%（含黑边检测）"
"149_莫干山_待人工分类_裁剪分割__CV010_S006.mp4","D:\Download\素材下载\团建视频\莫干山智能镜头分类\90_待人工分类\裁剪分割待复核\裁切废料\149_莫干山_待人工分类_裁剪分割__CV010_S006__裁切废料.mp4","0.95","@{x=0; y=7.637; w=100; h=58.495}","裁剪完成，已输出新素材；原分镜未覆盖；保留区域 y=7.6% h=58.5%（含黑边检测）"
"150_莫干山_待人工分类_裁剪分割__CV010_S007.mp4","D:\Download\素材下载\团建视频\莫干山智能镜头分类\90_待人工分类\裁剪分割待复核\裁切废料\150_莫干山_待人工分类_裁剪分割__CV010_S007__裁切废料.mp4","0.95","@{x=0; y=8.683; w=100; h=57.598}","裁剪完成，已输出新素材；原分镜未覆盖；保留区域 y=8.7% h=57.6%（含黑边检测）"
"151_莫干山_待人工分类_裁剪分割__CV010_S008.mp4","D:\Download\素材下载\团建视频\莫干山智能镜头分类\90_待人工分类\裁剪分割待复核\裁切废料\151_莫干山_待人工分类_裁剪分割__CV010_S008__裁切废料.mp4","0.95","@{x=0; y=7.637; w=100; h=58.495}","裁剪完成，已输出新素材；原分镜未覆盖；保留区域 y=7.6% h=58.5%（含黑边检测）"
"152_莫干山_待人工分类_裁剪分割__CV010_S009.mp4","D:\Download\素材下载\团建视频\莫干山智能镜头分类\90_待人工分类\裁剪分割待复核\裁切废料\152_莫干山_待人工分类_裁剪分割__CV010_S009__裁切废料.mp4","0.95","@{x=0; y=7.934; w=100; h=58.198}","裁剪完成，已输出新素材；原分镜未覆盖；保留区域 y=7.9% h=58.2%（含黑边检测）"
"153_莫干山_待人工分类_裁剪分割__CV010_S010.mp4","D:\Download\素材下载\团建视频\莫干山智能镜头分类\90_待人工分类\裁剪分割待复核\裁切废料\153_莫干山_待人工分类_裁剪分割__CV010_S010__裁切废料.mp4","0.82","@{x=0; y=8.683; w=100; h=53.257}","裁剪完成，已输出新素材；原分镜未覆盖；保留区域 y=8.7% h=53.3%（含黑边检测）"
"154_莫干山_待人工分类_裁剪分割__CV010_S011.mp4","D:\Download\素材下载\团建视频\莫干山智能镜头分类\90_待人工分类\裁剪分割待复核\裁切废料\154_莫干山_待人工分类_裁剪分割__CV010_S011__裁切废料.mp4","0.95","@{x=0; y=7.635; w=100; h=58.347}","裁剪完成，已输出新素材；原分镜未覆盖；保留区域 y=7.6% h=58.3%（含黑边检测）"
"155_莫干山_待人工分类_裁剪分割__CV010_S012.mp4","D:\Download\素材下载\团建视频\莫干山智能镜头分类\90_待人工分类\裁剪分割待复核\裁切废料\155_莫干山_待人工分类_裁剪分割__CV010_S012__裁切废料.mp4","0.82","@{x=0; y=7.485; w=100; h=58.647}","裁剪完成，已输出新素材；原分镜未覆盖；保留区域 y=7.5% h=58.6%（含黑边检测）"
"156_莫干山_待人工分类_裁剪分割__CV010_S013.mp4","D:\Download\素材下载\团建视频\莫干山智能镜头分类\90_待人工分类\裁剪分割待复核\裁切废料\156_莫干山_待人工分类_裁剪分割__CV010_S013__裁切废料.mp4","0.82","@{x=0; y=17.964; w=100; h=48.317}","裁剪完成，已输出新素材；原分镜未覆盖；保留区域 y=18.0% h=48.3%（含黑边检测）"
"157_莫干山_待人工分类_裁剪分割__CV010_S014.mp4","D:\Download\素材下载\团建视频\莫干山智能镜头分类\90_待人工分类\裁剪分割待复核\裁切废料\157_莫干山_待人工分类_裁剪分割__CV010_S014__裁切废料.mp4","0.95","@{x=0; y=16.766; w=100; h=49.366}","裁剪完成，已输出新素材；原分镜未覆盖；保留区域 y=16.8% h=49.4%（含黑边检测）"
"158_莫干山_待人工分类_裁剪分割__CV010_S015.mp4","D:\Download\素材下载\团建视频\莫干山智能镜头分类\90_待人工分类\裁剪分割待复核\裁切废料\158_莫干山_待人工分类_裁剪分割__CV010_S015__裁切废料.mp4","0.95","@{x=0; y=9.434; w=100; h=52.955}","裁剪完成，已输出新素材；原分镜未覆盖；保留区域 y=9.4% h=53.0%（含黑边检测）"
"159_莫干山_待人工分类_裁剪分割__CV010_S016.mp4","D:\Download\素材下载\团建视频\莫干山智能镜头分类\90_待人工分类\裁剪分割待复核\裁切废料\159_莫干山_待人工分类_裁剪分割__CV010_S016__裁切废料.mp4","0.95","@{x=0; y=16.467; w=100; h=49.814}","裁剪完成，已输出新素材；原分镜未覆盖；保留区域 y=16.5% h=49.8%（含黑边检测）"
"197_莫干山_待人工分类_裁剪分割__CV014_S001.mp4","D:\Download\素材下载\团建视频\莫干山智能镜头分类\90_待人工分类\裁剪分割待复核\裁切废料\197_莫干山_待人工分类_裁剪分割__CV014_S001__裁切废料.mp4","0.86","@{x=0; y=15.65; w=100; h=59.125}","裁剪完成，已输出新素材；原分镜未覆盖；保留区域 y=15.7% h=59.1%（含黑边检测）"
"198_莫干山_待人工分类_裁剪分割__CV014_S002.mp4","D:\Download\素材下载\团建视频\莫干山智能镜头分类\90_待人工分类\裁剪分割待复核\裁切废料\198_莫干山_待人工分类_裁剪分割__CV014_S002__裁切废料.mp4","0.7","@{x=0; y=9.082; w=100; h=65.365}","裁剪完成，已输出新素材；原分镜未覆盖；保留区域 y=9.1% h=65.4%（含黑边检测）"
"199_莫干山_待人工分类_裁剪分割__CV014_S003.mp4","D:\Download\素材下载\团建视频\莫干山智能镜头分类\90_待人工分类\裁剪分割待复核\裁切废料\199_莫干山_待人工分类_裁剪分割__CV014_S003__裁切废料.mp4","0.58","@{x=0; y=0.0; w=100; h=74.939}","裁剪完成，已输出新素材；原分镜未覆盖；保留区域 y=0.0% h=74.9%（含黑边检测）"
"200_莫干山_待人工分类_裁剪分割__CV014_S004.mp4","D:\Download\素材下载\团建视频\莫干山智能镜头分类\90_待人工分类\裁剪分割待复核\裁切废料\200_莫干山_待人工分类_裁剪分割__CV014_S004__裁切废料.mp4","0.86","@{x=0; y=17.734; w=100; h=56.877}","裁剪完成，已输出新素材；原分镜未覆盖；保留区域 y=17.7% h=56.9%（含黑边检测）"
"201_莫干山_待人工分类_裁剪分割__CV014_S005.mp4","D:\Download\素材下载\团建视频\莫干山智能镜头分类\90_待人工分类\裁剪分割待复核\裁切废料\201_莫干山_待人工分类_裁剪分割__CV014_S005__裁切废料.mp4","0.86","@{x=0; y=17.406; w=100; h=57.205}","裁剪完成，已输出新素材；原分镜未覆盖；保留区域 y=17.4% h=57.2%（含黑边检测）"
"202_莫干山_待人工分类_裁剪分割__CV014_S006.mp4","D:\Download\素材下载\团建视频\莫干山智能镜头分类\90_待人工分类\裁剪分割待复核\裁切废料\202_莫干山_待人工分类_裁剪分割__CV014_S006__裁切废料.mp4","0.86","@{x=0; y=17.949; w=100; h=57.154}","裁剪完成，已输出新素材；原分镜未覆盖；保留区域 y=17.9% h=57.2%（含黑边检测）"
"203_莫干山_待人工分类_裁剪分割__CV014_S007.mp4","D:\Download\素材下载\团建视频\莫干山智能镜头分类\90_待人工分类\裁剪分割待复核\裁切废料\203_莫干山_待人工分类_裁剪分割__CV014_S007__裁切废料.mp4","0.74","@{x=0; y=0.0; w=100; h=80.686}","裁剪完成，已输出新素材；原分镜未覆盖；保留区域 y=0.0% h=80.7%（含黑边检测）"
"204_莫干山_待人工分类_裁剪分割__CV014_S008.mp4","D:\Download\素材下载\团建视频\莫干山智能镜头分类\90_待人工分类\裁剪分割待复核\裁切废料\204_莫干山_待人工分类_裁剪分割__CV014_S008__裁切废料.mp4","0.7","@{x=0; y=9.082; w=100; h=66.021}","裁剪完成，已输出新素材；原分镜未覆盖；保留区域 y=9.1% h=66.0%（含黑边检测）"
"205_莫干山_待人工分类_裁剪分割__CV014_S009.mp4","D:\Download\素材下载\团建视频\莫干山智能镜头分类\90_待人工分类\裁剪分割待复核\裁切废料\205_莫干山_待人工分类_裁剪分割__CV014_S009__裁切废料.mp4","0.58","@{x=0; y=0.0; w=100; h=61.967}","裁剪完成，已输出新素材；原分镜未覆盖；保留区域 y=0.0% h=62.0%（含黑边检测）"
"206_莫干山_待人工分类_裁剪分割__CV014_S010.mp4","D:\Download\素材下载\团建视频\莫干山智能镜头分类\90_待人工分类\裁剪分割待复核\裁切废料\206_莫干山_待人工分类_裁剪分割__CV014_S010__裁切废料.mp4","0.74","@{x=0; y=0.0; w=100; h=74.939}","裁剪完成，已输出新素材；原分镜未覆盖；保留区域 y=0.0% h=74.9%（含黑边检测）"
"207_莫干山_待人工分类_裁剪分割__CV014_S011.mp4","D:\Download\素材下载\团建视频\莫干山智能镜头分类\90_待人工分类\裁剪分割待复核\裁切废料\207_莫干山_待人工分类_裁剪分割__CV014_S011__裁切废料.mp4","0.86","@{x=0; y=17.898; w=100; h=55.728}","裁剪完成，已输出新素材；原分镜未覆盖；保留区域 y=17.9% h=55.7%（含黑边检测）"
"208_莫干山_待人工分类_裁剪分割__CV014_S012.mp4","D:\Download\素材下载\团建视频\莫干山智能镜头分类\90_待人工分类\裁剪分割待复核\裁切废料\208_莫干山_待人工分类_裁剪分割__CV014_S012__裁切废料.mp4","0.7","@{x=0; y=9.524; w=100; h=65.087}","裁剪完成，已输出新素材；原分镜未覆盖；保留区域 y=9.5% h=65.1%（含黑边检测）"
"209_莫干山_待人工分类_裁剪分割__CV014_S013.mp4","D:\Download\素材下载\团建视频\莫干山智能镜头分类\90_待人工分类\裁剪分割待复核\裁切废料\209_莫干山_待人工分类_裁剪分割__CV014_S013__裁切废料.mp4","0.86","@{x=0; y=17.898; w=100; h=45.0}","裁剪完成，已输出新素材；原分镜未覆盖；保留区域 y=17.9% h=45.0%（含黑边检测）"
"210_莫干山_待人工分类_裁剪分割__CV014_S014.mp4","D:\Download\素材下载\团建视频\莫干山智能镜头分类\90_待人工分类\裁剪分割待复核\裁切废料\210_莫干山_待人工分类_裁剪分割__CV014_S014__裁切废料.mp4","0.74","@{x=0; y=0.0; w=100; h=75.76}","裁剪完成，已输出新素材；原分镜未覆盖；保留区域 y=0.0% h=75.8%（含黑边检测）"
"211_莫干山_待人工分类_裁剪分割__CV014_S015.mp4","D:\Download\素材下载\团建视频\莫干山智能镜头分类\90_待人工分类\裁剪分割待复核\裁切废料\211_莫干山_待人工分类_裁剪分割__CV014_S015__裁切废料.mp4","0.58","@{x=0; y=0.0; w=100; h=74.775}","裁剪完成，已输出新素材；原分镜未覆盖；保留区域 y=0.0% h=74.8%（含黑边检测）"
"212_莫干山_待人工分类_裁剪分割__CV014_S016.mp4","D:\Download\素材下载\团建视频\莫干山智能镜头分类\90_待人工分类\裁剪分割待复核\裁切废料\212_莫干山_待人工分类_裁剪分割__CV014_S016__裁切废料.mp4","0.86","@{x=0; y=10.016; w=100; h=64.923}","裁剪完成，已输出新素材；原分镜未覆盖；保留区域 y=10.0% h=64.9%（含黑边检测）"
"213_莫干山_待人工分类_裁剪分割__CV014_S017.mp4","D:\Download\素材下载\团建视频\莫干山智能镜头分类\90_待人工分类\裁剪分割待复核\裁切废料\213_莫干山_待人工分类_裁剪分割__CV014_S017__裁切废料.mp4","0.7","@{x=0; y=5.911; w=100; h=68.7}","裁剪完成，已输出新素材；原分镜未覆盖；保留区域 y=5.9% h=68.7%（含黑边检测）"
"214_莫干山_待人工分类_裁剪分割__CV014_S018.mp4","D:\Download\素材下载\团建视频\莫干山智能镜头分类\90_待人工分类\裁剪分割待复核\裁切废料\214_莫干山_待人工分类_裁剪分割__CV014_S018__裁切废料.mp4","0.7","@{x=0; y=9.688; w=100; h=65.251}","裁剪完成，已输出新素材；原分镜未覆盖；保留区域 y=9.7% h=65.3%（含黑边检测）"
"215_莫干山_待人工分类_裁剪分割__CV014_S019.mp4","D:\Download\素材下载\团建视频\莫干山智能镜头分类\90_待人工分类\裁剪分割待复核\裁切废料\215_莫干山_待人工分类_裁剪分割__CV014_S019__裁切废料.mp4","0.7","@{x=0; y=11.987; w=100; h=62.952}","裁剪完成，已输出新素材；原分镜未覆盖；保留区域 y=12.0% h=63.0%（含黑边检测）"
"216_莫干山_待人工分类_裁剪分割__CV014_S020.mp4","D:\Download\素材下载\团建视频\莫干山智能镜头分类\90_待人工分类\裁剪分割待复核\裁切废料\216_莫干山_待人工分类_裁剪分割__CV014_S020__裁切废料.mp4","0.7","@{x=0; y=17.898; w=100; h=56.22}","裁剪完成，已输出新素材；原分镜未覆盖；保留区域 y=17.9% h=56.2%（含黑边检测）"
"217_莫干山_待人工分类_裁剪分割__CV014_S021.mp4","D:\Download\素材下载\团建视频\莫干山智能镜头分类\90_待人工分类\裁剪分割待复核\裁切废料\217_莫干山_待人工分类_裁剪分割__CV014_S021__裁切废料.mp4","0.7","@{x=0; y=13.957; w=100; h=60.654}","裁剪完成，已输出新素材；原分镜未覆盖；保留区域 y=14.0% h=60.7%（含黑边检测）"
"218_莫干山_待人工分类_裁剪分割__CV014_S022.mp4","D:\Download\素材下载\团建视频\莫干山智能镜头分类\90_待人工分类\裁剪分割待复核\裁切废料\218_莫干山_待人工分类_裁剪分割__CV014_S022__裁切废料.mp4","0.74","@{x=0; y=0.0; w=100; h=78.388}","裁剪完成，已输出新素材；原分镜未覆盖；保留区域 y=0.0% h=78.4%（含黑边检测）"
"219_莫干山_待人工分类_裁剪分割__CV014_S023.mp4","D:\Download\素材下载\团建视频\莫干山智能镜头分类\90_待人工分类\裁剪分割待复核\裁切废料\219_莫干山_待人工分类_裁剪分割__CV014_S023__裁切废料.mp4","0.58","@{x=0; y=0.0; w=100; h=74.775}","裁剪完成，已输出新素材；原分镜未覆盖；保留区域 y=0.0% h=74.8%（含黑边检测）"
"220_莫干山_待人工分类_裁剪分割__CV014_S024.mp4","D:\Download\素材下载\团建视频\莫干山智能镜头分类\90_待人工分类\裁剪分割待复核\裁切废料\220_莫干山_待人工分类_裁剪分割__CV014_S024__裁切废料.mp4","0.58","@{x=0; y=0.0; w=100; h=73.133}","裁剪完成，已输出新素材；原分镜未覆盖；保留区域 y=0.0% h=73.1%（含黑边检测）"
"221_莫干山_待人工分类_裁剪分割__CV014_S025.mp4","D:\Download\素材下载\团建视频\莫干山智能镜头分类\90_待人工分类\裁剪分割待复核\裁切废料\221_莫干山_待人工分类_裁剪分割__CV014_S025__裁切废料.mp4","0.74","@{x=0; y=0.0; w=100; h=74.611}","裁剪完成，已输出新素材；原分镜未覆盖；保留区域 y=0.0% h=74.6%（含黑边检测）"
"222_莫干山_待人工分类_裁剪分割__CV014_S026.mp4","D:\Download\素材下载\团建视频\莫干山智能镜头分类\90_待人工分类\裁剪分割待复核\裁切废料\222_莫干山_待人工分类_裁剪分割__CV014_S026__裁切废料.mp4","0.7","@{x=0; y=3.941; w=100; h=69.028}","裁剪完成，已输出新素材；原分镜未覆盖；保留区域 y=3.9% h=69.0%（含黑边检测）"
"223_莫干山_待人工分类_裁剪分割__CV014_S027.mp4","D:\Download\素材下载\团建视频\莫干山智能镜头分类\90_待人工分类\裁剪分割待复核\裁切废料\223_莫干山_待人工分类_裁剪分割__CV014_S027__裁切废料.mp4","0.7","@{x=0; y=11.494; w=100; h=63.281}","裁剪完成，已输出新素材；原分镜未覆盖；保留区域 y=11.5% h=63.3%（含黑边检测）"
"224_莫干山_待人工分类_裁剪分割__CV014_S028.mp4","D:\Download\素材下载\团建视频\莫干山智能镜头分类\90_待人工分类\裁剪分割待复核\裁切废料\224_莫干山_待人工分类_裁剪分割__CV014_S028__裁切废料.mp4","0.7","@{x=0; y=10.724; w=100; h=64.051}","裁剪完成，已输出新素材；原分镜未覆盖；保留区域 y=10.7% h=64.1%（含黑边检测）"
"331_莫干山_待人工分类_裁剪分割__CV024_S001.mp4","D:\Download\素材下载\团建视频\莫干山智能镜头分类\90_待人工分类\裁剪分割待复核\裁切废料\331_莫干山_待人工分类_裁剪分割__CV024_S001__裁切废料.mp4","0.7","@{x=0; y=15.856; w=100; h=46.144}","裁剪完成，已输出新素材；原分镜未覆盖；保留区域 y=15.9% h=46.1%（含黑边检测）"
"332_莫干山_待人工分类_裁剪分割__CV024_S002.mp4","D:\Download\素材下载\团建视频\莫干山智能镜头分类\90_待人工分类\裁剪分割待复核\裁切废料\332_莫干山_待人工分类_裁剪分割__CV024_S002__裁切废料.mp4","0.58","@{x=0; y=7.146; w=100; h=57.377}","裁剪完成，已输出新素材；原分镜未覆盖；保留区域 y=7.1% h=57.4%（含黑边检测）"
"333_莫干山_待人工分类_裁剪分割__CV024_S003.mp4","D:\Download\素材下载\团建视频\莫干山智能镜头分类\90_待人工分类\裁剪分割待复核\裁切废料\333_莫干山_待人工分类_裁剪分割__CV024_S003__裁切废料.mp4","0.58","@{x=0; y=0.0; w=100; h=71.55}","裁剪完成，已输出新素材；原分镜未覆盖；保留区域 y=0.0% h=71.5%（含黑边检测）"
"334_莫干山_待人工分类_裁剪分割__CV024_S004.mp4","D:\Download\素材下载\团建视频\莫干山智能镜头分类\90_待人工分类\裁剪分割待复核\裁切废料\334_莫干山_待人工分类_裁剪分割__CV024_S004__裁切废料.mp4","0.58","@{x=0; y=0.0; w=100; h=62.0}","裁剪完成，已输出新素材；原分镜未覆盖；保留区域 y=0.0% h=62.0%（含黑边检测）"
"336_莫干山_待人工分类_裁剪分割__CV024_S006.mp4","D:\Download\素材下载\团建视频\莫干山智能镜头分类\90_待人工分类\裁剪分割待复核\裁切废料\336_莫干山_待人工分类_裁剪分割__CV024_S006__裁切废料.mp4","0.7","@{x=0; y=7.928; w=100; h=69.027}","裁剪完成，已输出新素材；原分镜未覆盖；保留区域 y=7.9% h=69.0%（含黑边检测）"
"337_莫干山_待人工分类_裁剪分割__CV024_S007.mp4","D:\Download\素材下载\团建视频\莫干山智能镜头分类\90_待人工分类\裁剪分割待复核\裁切废料\337_莫干山_待人工分类_裁剪分割__CV024_S007__裁切废料.mp4","0.58","@{x=0; y=0.0; w=100; h=62.0}","裁剪完成，已输出新素材；原分镜未覆盖；保留区域 y=0.0% h=62.0%（含黑边检测）"
"338_莫干山_待人工分类_裁剪分割__CV024_S008.mp4","D:\Download\素材下载\团建视频\莫干山智能镜头分类\90_待人工分类\裁剪分割待复核\裁切废料\338_莫干山_待人工分类_裁剪分割__CV024_S008__裁切废料.mp4","0.74","@{x=0; y=0.0; w=100; h=75.153}","裁剪完成，已输出新素材；原分镜未覆盖；保留区域 y=0.0% h=75.2%（含黑边检测）"
"339_莫干山_待人工分类_裁剪分割__CV024_S009.mp4","D:\Download\素材下载\团建视频\莫干山智能镜头分类\90_待人工分类\裁剪分割待复核\裁切废料\339_莫干山_待人工分类_裁剪分割__CV024_S009__裁切废料.mp4","0.74","@{x=0; y=0.0; w=100; h=75.333}","裁剪完成，已输出新素材；原分镜未覆盖；保留区域 y=0.0% h=75.3%（含黑边检测）"
"340_莫干山_待人工分类_裁剪分割__CV024_S010.mp4","D:\Download\素材下载\团建视频\莫干山智能镜头分类\90_待人工分类\裁剪分割待复核\裁切废料\340_莫干山_待人工分类_裁剪分割__CV024_S010__裁切废料.mp4","0.86","@{x=0; y=3.243; w=100; h=58.937}","裁剪完成，已输出新素材；原分镜未覆盖；保留区域 y=3.2% h=58.9%（含黑边检测）"
"341_莫干山_待人工分类_裁剪分割__CV024_S011.mp4","D:\Download\素材下载\团建视频\莫干山智能镜头分类\90_待人工分类\裁剪分割待复核\裁切废料\341_莫干山_待人工分类_裁剪分割__CV024_S011__裁切废料.mp4","0.95","@{x=0; y=17.838; w=100; h=45.0}","裁剪完成，已输出新素材；原分镜未覆盖；保留区域 y=17.8% h=45.0%（含黑边检测）"
"342_莫干山_待人工分类_裁剪分割__CV024_S012.mp4","D:\Download\素材下载\团建视频\莫干山智能镜头分类\90_待人工分类\裁剪分割待复核\裁切废料\342_莫干山_待人工分类_裁剪分割__CV024_S012__裁切废料.mp4","0.86","@{x=0; y=5.344; w=100; h=62.061}","裁剪完成，已输出新素材；原分镜未覆盖；保留区域 y=5.3% h=62.1%（含黑边检测）"
"343_莫干山_待人工分类_裁剪分割__CV024_S013.mp4","D:\Download\素材下载\团建视频\莫干山智能镜头分类\90_待人工分类\裁剪分割待复核\裁切废料\343_莫干山_待人工分类_裁剪分割__CV024_S013__裁切废料.mp4","0.7","@{x=0; y=3.423; w=100; h=58.577}","裁剪完成，已输出新素材；原分镜未覆盖；保留区域 y=3.4% h=58.6%（含黑边检测）"
"344_莫干山_待人工分类_裁剪分割__CV024_S014.mp4","D:\Download\素材下载\团建视频\莫干山智能镜头分类\90_待人工分类\裁剪分割待复核\裁切废料\344_莫干山_待人工分类_裁剪分割__CV024_S014__裁切废料.mp4","0.7","@{x=0; y=9.55; w=100; h=52.45}","裁剪完成，已输出新素材；原分镜未覆盖；保留区域 y=9.6% h=52.5%（含黑边检测）"
"345_莫干山_待人工分类_裁剪分割__CV024_S015.mp4","D:\Download\素材下载\团建视频\莫干山智能镜头分类\90_待人工分类\裁剪分割待复核\裁切废料\345_莫干山_待人工分类_裁剪分割__CV024_S015__裁切废料.mp4","0.58","@{x=0; y=0.0; w=100; h=62.0}","裁剪完成，已输出新素材；原分镜未覆盖；保留区域 y=0.0% h=62.0%（含黑边检测）"
"346_莫干山_待人工分类_裁剪分割__CV024_S016.mp4","D:\Download\素材下载\团建视频\莫干山智能镜头分类\90_待人工分类\裁剪分割待复核\裁切废料\346_莫干山_待人工分类_裁剪分割__CV024_S016__裁切废料.mp4","0.74","@{x=0; y=0.0; w=100; h=62.18}","裁剪完成，已输出新素材；原分镜未覆盖；保留区域 y=0.0% h=62.2%（含黑边检测）"
"347_莫干山_待人工分类_裁剪分割__CV024_S017.mp4","D:\Download\素材下载\团建视频\莫干山智能镜头分类\90_待人工分类\裁剪分割待复核\裁切废料\347_莫干山_待人工分类_裁剪分割__CV024_S017__裁切废料.mp4","0.86","@{x=0; y=15.135; w=100; h=65.424}","裁剪完成，已输出新素材；原分镜未覆盖；保留区域 y=15.1% h=65.4%（含黑边检测）"
"348_莫干山_待人工分类_裁剪分割__CV024_S018.mp4","D:\Download\素材下载\团建视频\莫干山智能镜头分类\90_待人工分类\裁剪分割待复核\裁切废料\348_莫干山_待人工分类_裁剪分割__CV024_S018__裁切废料.mp4","0.58","@{x=0; y=0.0; w=100; h=78.216}","裁剪完成，已输出新素材；原分镜未覆盖；保留区域 y=0.0% h=78.2%（含黑边检测）"
"349_莫干山_待人工分类_裁剪分割__CV024_S019.mp4","D:\Download\素材下载\团建视频\莫干山智能镜头分类\90_待人工分类\裁剪分割待复核\裁切废料\349_莫干山_待人工分类_裁剪分割__CV024_S019__裁切废料.mp4","0.7","@{x=0; y=3.964; w=100; h=58.036}","裁剪完成，已输出新素材；原分镜未覆盖；保留区域 y=4.0% h=58.0%（含黑边检测）"
"350_莫干山_待人工分类_裁剪分割__CV024_S020.mp4","D:\Download\素材下载\团建视频\莫干山智能镜头分类\90_待人工分类\裁剪分割待复核\裁切废料\350_莫干山_待人工分类_裁剪分割__CV024_S020__裁切废料.mp4","0.74","@{x=0; y=0.0; w=100; h=71.73}","裁剪完成，已输出新素材；原分镜未覆盖；保留区域 y=0.0% h=71.7%（含黑边检测）"
"351_莫干山_待人工分类_裁剪分割__CV024_S021.mp4","D:\Download\素材下载\团建视频\莫干山智能镜头分类\90_待人工分类\裁剪分割待复核\裁切废料\351_莫干山_待人工分类_裁剪分割__CV024_S021__裁切废料.mp4","0.95","@{x=0; y=17.838; w=100; h=59.297}","裁剪完成，已输出新素材；原分镜未覆盖；保留区域 y=17.8% h=59.3%（含黑边检测）"
"352_莫干山_待人工分类_裁剪分割__CV024_S022.mp4","D:\Download\素材下载\团建视频\莫干山智能镜头分类\90_待人工分类\裁剪分割待复核\裁切废料\352_莫干山_待人工分类_裁剪分割__CV024_S022__裁切废料.mp4","0.58","@{x=0; y=0.0; w=100; h=62.0}","裁剪完成，已输出新素材；原分镜未覆盖；保留区域 y=0.0% h=62.0%（含黑边检测）"
"353_莫干山_待人工分类_裁剪分割__CV024_S023.mp4","D:\Download\素材下载\团建视频\莫干山智能镜头分类\90_待人工分类\裁剪分割待复核\裁切废料\353_莫干山_待人工分类_裁剪分割__CV024_S023__裁切废料.mp4","0.74","@{x=0; y=0.0; w=100; h=62.0}","裁剪完成，已输出新素材；原分镜未覆盖；保留区域 y=0.0% h=62.0%（含黑边检测）"
"354_莫干山_待人工分类_裁剪分割__CV024_S024.mp4","D:\Download\素材下载\团建视频\莫干山智能镜头分类\90_待人工分类\裁剪分割待复核\裁切废料\354_莫干山_待人工分类_裁剪分割__CV024_S024__裁切废料.mp4","0.58","@{x=0; y=0.0; w=100; h=80.198}","裁剪完成，已输出新素材；原分镜未覆盖；保留区域 y=0.0% h=80.2%（含黑边检测）"
"355_莫干山_待人工分类_裁剪分割__CV024_S025.mp4","D:\Download\素材下载\团建视频\莫干山智能镜头分类\90_待人工分类\裁剪分割待复核\裁切废料\355_莫干山_待人工分类_裁剪分割__CV024_S025__裁切废料.mp4","0.58","@{x=0; y=0.0; w=100; h=73.171}","裁剪完成，已输出新素材；原分镜未覆盖；保留区域 y=0.0% h=73.2%（含黑边检测）"
"356_莫干山_待人工分类_裁剪分割__CV024_S026.mp4","D:\Download\素材下载\团建视频\莫干山智能镜头分类\90_待人工分类\裁剪分割待复核\裁切废料\356_莫干山_待人工分类_裁剪分割__CV024_S026__裁切废料.mp4","0.58","@{x=0; y=0.0; w=100; h=75.514}","裁剪完成，已输出新素材；原分镜未覆盖；保留区域 y=0.0% h=75.5%（含黑边检测）"
"357_莫干山_待人工分类_裁剪分割__CV024_S027.mp4","D:\Download\素材下载\团建视频\莫干山智能镜头分类\90_待人工分类\裁剪分割待复核\裁切废料\357_莫干山_待人工分类_裁剪分割__CV024_S027__裁切废料.mp4","0.74","@{x=0; y=0.0; w=100; h=78.757}","裁剪完成，已输出新素材；原分镜未覆盖；保留区域 y=0.0% h=78.8%（含黑边检测）"
"358_莫干山_待人工分类_裁剪分割__CV024_S028.mp4","D:\Download\素材下载\团建视频\莫干山智能镜头分类\90_待人工分类\裁剪分割待复核\裁切废料\358_莫干山_待人工分类_裁剪分割__CV024_S028__裁切废料.mp4","0.58","@{x=0; y=0.0; w=100; h=62.18}","裁剪完成，已输出新素材；原分镜未覆盖；保留区域 y=0.0% h=62.2%（含黑边检测）"
"359_莫干山_待人工分类_裁剪分割__CV024_S029.mp4","D:\Download\素材下载\团建视频\莫干山智能镜头分类\90_待人工分类\裁剪分割待复核\裁切废料\359_莫干山_待人工分类_裁剪分割__CV024_S029__裁切废料.mp4","0.95","@{x=0; y=17.838; w=100; h=53.531}","裁剪完成，已输出新素材；原分镜未覆盖；保留区域 y=17.8% h=53.5%（含黑边检测）"
"360_莫干山_待人工分类_裁剪分割__CV024_S030.mp4","D:\Download\素材下载\团建视频\莫干山智能镜头分类\90_待人工分类\裁剪分割待复核\裁切废料\360_莫干山_待人工分类_裁剪分割__CV024_S030__裁切废料.mp4","0.58","@{x=0; y=0.0; w=100; h=70.288}","裁剪完成，已输出新素材；原分镜未覆盖；保留区域 y=0.0% h=70.3%（含黑边检测）"
"362_莫干山_待人工分类_裁剪分割__CV024_S032.mp4","D:\Download\素材下载\团建视频\莫干山智能镜头分类\90_待人工分类\裁剪分割待复核\裁切废料\362_莫干山_待人工分类_裁剪分割__CV024_S032__裁切废料.mp4","0.7","@{x=0; y=17.838; w=100; h=45.784}","裁剪完成，已输出新素材；原分镜未覆盖；保留区域 y=17.8% h=45.8%（含黑边检测）"
"363_莫干山_待人工分类_裁剪分割__CV024_S033.mp4","D:\Download\素材下载\团建视频\莫干山智能镜头分类\90_待人工分类\裁剪分割待复核\裁切废料\363_莫干山_待人工分类_裁剪分割__CV024_S033__裁切废料.mp4","0.95","@{x=0; y=14.414; w=100; h=58.397}","裁剪完成，已输出新素材；原分镜未覆盖；保留区域 y=14.4% h=58.4%（含黑边检测）"
"364_莫干山_待人工分类_裁剪分割__CV024_S034.mp4","D:\Download\素材下载\团建视频\莫干山智能镜头分类\90_待人工分类\裁剪分割待复核\裁切废料\364_莫干山_待人工分类_裁剪分割__CV024_S034__裁切废料.mp4","0.86","@{x=0; y=14.955; w=100; h=60.559}","裁剪完成，已输出新素材；原分镜未覆盖；保留区域 y=15.0% h=60.6%（含黑边检测）"
"365_莫干山_待人工分类_裁剪分割__CV024_S035.mp4","D:\Download\素材下载\团建视频\莫干山智能镜头分类\90_待人工分类\裁剪分割待复核\裁切废料\365_莫干山_待人工分类_裁剪分割__CV024_S035__裁切废料.mp4","0.74","@{x=0; y=0.0; w=100; h=73.532}","裁剪完成，已输出新素材；原分镜未覆盖；保留区域 y=0.0% h=73.5%（含黑边检测）"
"366_莫干山_待人工分类_裁剪分割__CV024_S036.mp4","D:\Download\素材下载\团建视频\莫干山智能镜头分类\90_待人工分类\裁剪分割待复核\裁切废料\366_莫干山_待人工分类_裁剪分割__CV024_S036__裁切废料.mp4","0.95","@{x=0; y=17.838; w=100; h=51.91}","裁剪完成，已输出新素材；原分镜未覆盖；保留区域 y=17.8% h=51.9%（含黑边检测）"
"367_莫干山_待人工分类_裁剪分割__CV024_S037.mp4","D:\Download\素材下载\团建视频\莫干山智能镜头分类\90_待人工分类\裁剪分割待复核\裁切废料\367_莫干山_待人工分类_裁剪分割__CV024_S037__裁切废料.mp4","0.58","@{x=0; y=0.0; w=100; h=62.721}","裁剪完成，已输出新素材；原分镜未覆盖；保留区域 y=0.0% h=62.7%（含黑边检测）"
"368_莫干山_待人工分类_裁剪分割__CV024_S038.mp4","D:\Download\素材下载\团建视频\莫干山智能镜头分类\90_待人工分类\裁剪分割待复核\裁切废料\368_莫干山_待人工分类_裁剪分割__CV024_S038__裁切废料.mp4","0.95","@{x=0; y=4.685; w=100; h=57.315}","裁剪完成，已输出新素材；原分镜未覆盖；保留区域 y=4.7% h=57.3%（含黑边检测）"
"369_莫干山_待人工分类_裁剪分割__CV024_S039.mp4","D:\Download\素材下载\团建视频\莫干山智能镜头分类\90_待人工分类\裁剪分割待复核\裁切废料\369_莫干山_待人工分类_裁剪分割__CV024_S039__裁切废料.mp4","0.74","@{x=0; y=0.0; w=100; h=77.315}","裁剪完成，已输出新素材；原分镜未覆盖；保留区域 y=0.0% h=77.3%（含黑边检测）"
"370_莫干山_待人工分类_裁剪分割__CV024_S040.mp4","D:\Download\素材下载\团建视频\莫干山智能镜头分类\90_待人工分类\裁剪分割待复核\裁切废料\370_莫干山_待人工分类_裁剪分割__CV024_S040__裁切废料.mp4","0.82","@{x=0; y=15.676; w=100; h=50.108}","裁剪完成，已输出新素材；原分镜未覆盖；保留区域 y=15.7% h=50.1%（含黑边检测）"
"372_莫干山_待人工分类_裁剪分割__CV024_S042.mp4","D:\Download\素材下载\团建视频\莫干山智能镜头分类\90_待人工分类\裁剪分割待复核\裁切废料\372_莫干山_待人工分类_裁剪分割__CV024_S042__裁切废料.mp4","0.86","@{x=0; y=0.0; w=100; h=79.297}","裁剪完成，已输出新素材；原分镜未覆盖；保留区域 y=0.0% h=79.3%（含黑边检测）"
